ticker,cik,edgar_share_points,edgar_oldest,av_quarters,av_oldest,price_days,price_oldest,edgar_error
A,0001090872,320,2007-10-31,81,2006-07-31,6739,1999-11-18,
AA,0001675149,145,2014-12-31,47,2014-12-31,2484,2016-10-18,
AAL,0000006201,301,2009-12-31,81,2006-06-30,5268,2005-09-27,
AAMI,0001748824,120,2017-12-31,52,2013-09-30,2124,2018-03-26,
AAOI,0001158114,275,2012-03-31,62,2011-03-31,3255,2013-09-26,
AAON,0000824142,317,2009-12-31,81,2006-06-30,6752,1999-11-01,
AAP,0001158449,260,2009-01-03,81,2006-06-30,6231,2001-11-29,
AAPL,0000320193,357,2007-09-29,81,2006-06-30,6752,1999-11-01,
AAT,0001500217,244,2011-01-19,69,2008-12-31,3934,2011-01-13,
ABAT,0001576873,193,2012-09-30,50,2013-12-31,742,2023-09-21,
ABBV,0001551152,226,2011-12-31,63,2010-12-31,3440,2013-01-02,
ABCB,0000351569,256,2010-06-30,81,2006-06-30,6752,1999-11-01,
ABEO,0000318306,218,2010-06-30,81,2006-06-30,6752,1999-11-01,
ABG,0001144980,255,2009-12-31,81,2006-06-30,6155,2002-03-21,
ABM,0000771497,324,2008-10-31,81,2006-04-30,6752,1999-11-01,
ABNB,0001559720,54,2019-12-31,28,2019-09-30,1440,2020-12-10,
ABOS,0001576885,107,2020-12-31,26,2020-03-31,1301,2021-07-01,
ABR,0001253986,317,2009-12-31,81,2006-06-30,5639,2004-04-07,
ABSI,0001672688,103,2020-06-30,26,2020-03-31,1287,2021-07-22,
ABT,0000001800,284,2007-12-31,81,2006-06-30,6752,1999-11-01,
ABUS,0001447028,239,2010-12-31,81,2006-06-30,2790,2015-08-03,
ABX,0001814287,77,2022-06-30,24,2020-09-30,1484,2020-09-14,
ACA,0001739445,122,2016-12-31,39,2016-12-31,1972,2018-10-30,
ACAD,0001070494,237,2009-12-31,81,2006-06-30,5604,2004-05-27,
ACCO,0000712034,273,2009-12-31,81,2006-06-30,5296,2005-08-17,
ACDC,0001881487,48,2022-06-30,26,2020-03-31,1082,2022-05-13,
ACEL,0001698991,99,2017-12-31,38,2017-03-31,1705,2019-11-21,
ACGL,0000947484,290,2008-12-31,81,2006-06-30,6752,1999-11-01,
ACH,0000075252,311,2009-12-31,0,,6752,1999-11-01,
ACHC,0001520697,311,2009-12-31,65,2010-06-30,6752,1999-11-01,
ACHR,0001824502,64,2020-09-30,26,2020-03-31,1434,2020-12-18,
ACHV,0000949858,242,2010-06-30,81,2006-06-30,6752,1999-11-01,
ACI,0001646972,121,2018-02-24,49,2014-05-31,1556,2020-06-26,
ACIC,0001401521,318,2009-12-31,77,2007-06-30,4736,2007-11-07,
ACIW,0000935036,327,2008-12-31,81,2006-06-30,6752,1999-11-01,
ACLS,0001113232,303,2009-12-31,81,2006-06-30,6578,2000-07-11,
ACM,0000868857,337,2008-09-30,81,2006-06-30,4862,2007-05-10,
ACMR,0001680062,82,2016-09-30,43,2015-12-31,2220,2017-11-03,
ACN,0001467373,148,2008-08-31,81,2006-05-31,6320,2001-07-19,
ACNB,0000715579,271,2010-06-30,81,2006-06-30,6752,1999-11-01,
ACR,0001332551,317,2009-12-31,81,2006-06-30,5168,2006-02-07,
ACRE,0001529377,294,2011-12-31,58,2012-03-31,3610,2012-04-27,
ACRS,0001557746,182,2014-12-31,51,2013-12-31,2744,2015-10-07,
ACT,0001823529,113,2019-12-31,30,2019-03-31,1248,2021-09-16,
ACTG,0000934549,324,2009-12-31,81,2006-06-30,5968,2002-12-16,
ACU,0000002098,278,2010-06-30,81,2006-06-30,6752,1999-11-01,
ACVA,0001637873,59,2020-09-30,31,2018-12-31,1370,2021-03-24,
ADAM,0001273685,315,2010-06-30,47,2014-12-31,5565,2004-07-26,
ADBE,0000796343,357,2007-11-30,81,2006-05-31,6752,1999-11-01,
ADC,0000917251,315,2010-06-30,81,2006-06-30,6752,1999-11-01,
ADCT,0001771910,68,2020-12-31,34,2018-03-31,1585,2020-05-15,
ADEA,0001803696,137,2018-12-31,81,2006-06-30,5733,2003-11-20,
ADI,0000006281,321,2007-11-03,81,2006-07-31,6752,1999-11-01,
ADIG,0002105139,1,2026-08-06,3,2025-06-30,27,2026-07-30,
ADM,0000007084,214,2008-06-30,81,2006-06-30,6752,1999-11-01,
ADMA,0001368514,236,2011-06-30,80,2006-09-30,3240,2013-10-17,
ADNT,0001670541,205,2015-09-30,48,2014-09-30,2475,2016-10-31,
ADP,0000008670,347,2008-06-30,81,2006-06-30,6752,1999-11-01,
ADPT,0001478320,133,2018-12-31,34,2018-03-31,1808,2019-06-27,
ADSK,0000769397,246,2008-01-31,81,2006-07-31,6752,1999-11-01,
ADT,0001703056,47,2016-12-31,42,2016-03-31,2169,2018-01-19,
ADTN,0000926282,334,2008-12-31,81,2006-06-30,6752,1999-11-01,
ADUS,0001468328,316,2009-12-31,74,2007-12-31,4239,2009-10-28,
ADV,0001776661,124,2019-12-31,32,2016-03-31,1965,2016-09-15,
AEBI,0002048519,36,2023-12-31,10,2024-03-31,298,2025-07-01,
AEE,0001002910,261,2007-12-31,81,2006-06-30,6752,1999-11-01,
AEHR,0001040470,313,2010-05-31,81,2006-05-31,6752,1999-11-01,
AEIS,0000927003,315,2009-12-31,81,2006-06-30,6752,1999-11-01,
AEO,0000919012,340,2009-01-31,81,2006-04-30,6752,1999-11-01,
AEP,0000004904,284,2007-12-31,81,2006-06-30,6752,1999-11-01,
AES,0000874761,352,2007-12-31,81,2006-06-30,6752,1999-11-01,
AESI,0001984060,63,2022-12-31,23,2020-12-31,877,2023-03-09,
AEVA,0001789029,139,2019-12-31,27,2019-12-31,1640,2020-02-27,
AFG,0001042046,274,2008-12-31,81,2006-06-30,6752,1999-11-01,
AFL,0000004977,357,2007-12-31,81,2006-06-30,6752,1999-11-01,
AFRI,0001903870,32,2020-12-31,15,2020-12-31,1063,2022-06-10,
AFRM,0001820953,60,2019-06-30,28,2019-09-30,1418,2021-01-13,
AGCO,0000880266,337,2008-12-31,81,2006-06-30,6752,1999-11-01,
AGEN,0001098972,196,2007-09-10,81,2006-06-30,6684,2000-02-08,
AGIO,0001439222,221,2012-12-31,59,2011-12-31,3300,2013-07-24,
AGL,0001831097,114,2020-12-31,31,2018-12-31,1355,2021-04-15,
AGM,0000845877,124,2010-12-31,81,2006-06-30,6752,1999-11-01,
AGNC,0001423689,275,2010-12-31,73,2008-06-30,4606,2008-05-15,
AGNT,0001495932,283,2010-06-30,45,2015-06-30,3156,2014-02-19,
AGO,0001273813,331,2009-12-31,81,2006-06-30,5628,2004-04-23,
AGX,0000100591,315,2010-07-31,81,2006-07-31,6752,1999-11-01,
AGYS,0000078749,273,2011-03-31,81,2006-06-30,6752,1999-11-01,
AHCO,0001725255,140,2017-12-31,34,2018-03-31,2069,2018-05-24,
AHR,0001632970,74,2015-12-31,19,2021-12-31,647,2024-02-07,
AHRT,0001569187,236,2012-12-31,34,2018-03-31,3353,2013-05-08,
AI,0001577526,42,2021-01-31,29,2019-07-31,1441,2020-12-09,
AIG,0000005272,331,2007-12-31,81,2006-06-30,6752,1999-11-01,
AII,0002007587,39,2024-03-31,10,2024-03-31,334,2025-05-08,
AIN,0000819793,174,2009-12-31,81,2006-06-30,6752,1999-11-01,
AIOT,0001774170,130,2018-12-31,81,2006-03-31,6752,1999-11-01,
AIP,0001667011,110,2020-09-30,26,2020-03-31,1219,2021-10-27,
AIR,0000001750,265,2009-08-31,81,2006-05-31,6752,1999-11-01,
AIRJ,0001855474,9,2021-12-31,21,2021-03-31,621,2024-03-15,
AIRO,0001927958,35,2024-06-30,18,2021-12-31,309,2025-06-13,
AIRS,0001870940,101,2020-12-31,26,2020-03-31,1217,2021-10-29,
AIT,0000109563,291,2009-06-30,81,2006-06-30,6752,1999-11-01,
AIZ,0001267238,322,2007-12-31,81,2006-06-30,5682,2004-02-05,
AJG,0000354190,263,2009-12-31,81,2006-06-30,6752,1999-11-01,
AKAM,0001086222,354,2007-12-31,81,2006-06-30,6752,1999-11-01,
AKBA,0001517022,210,2013-12-31,55,2012-12-31,3135,2014-03-20,
AKR,0000899629,284,2009-12-31,81,2006-06-30,6752,1999-11-01,
AKTS,0002035832,14,2025-03-31,51,2013-06-30,165,2026-01-09,
ALAB,0001736297,62,2022-12-31,18,2022-03-31,618,2024-03-20,
ALB,0000915913,338,2008-12-31,81,2006-06-30,6752,1999-11-01,
ALCO,0000003545,317,2009-09-30,81,2006-06-30,6752,1999-11-01,
ALEC,0001653087,136,2018-12-31,39,2016-12-31,1905,2019-02-07,
ALG,0000897077,278,2009-12-31,81,2006-06-30,6752,1999-11-01,
ALGM,0000866291,127,2019-03-29,29,2019-06-30,1469,2020-10-29,
ALGN,0001097149,337,2008-12-31,81,2006-06-30,6438,2001-01-30,
ALGT,0001362468,244,2009-12-31,81,2006-06-30,4965,2006-12-08,
ALH,0001317685,32,2023-12-31,10,2024-03-31,228,2025-10-09,
ALHC,0001832466,110,2019-12-31,30,2018-12-31,1368,2021-03-26,
ALK,0000766421,325,2008-12-31,81,2006-06-30,6752,1999-11-01,
ALKS,0001520262,270,2010-03-31,81,2006-06-30,6752,1999-11-01,
ALKT,0001529274,117,2019-12-31,31,2018-12-31,1356,2021-04-14,
ALL,0000899051,357,2007-12-31,81,2006-06-30,6752,1999-11-01,
ALLE,0001579241,216,2012-12-31,59,2011-12-31,3218,2013-11-18,
ALLO,0001737287,150,2017-12-31,35,2017-12-31,1985,2018-10-11,
ALLY,0000040729,299,2009-12-31,81,2006-06-30,3120,2014-04-10,
ALM,0001670061,1,2025-12-31,11,2023-12-31,290,2025-07-14,
ALMR,0002104204,10,2025-03-31,4,2025-03-31,98,2026-04-17,
ALMS,0001847367,26,2023-06-30,14,2023-03-31,549,2024-06-28,
ALMU,0001828805,112,2019-12-31,25,2020-03-31,953,2022-11-16,
ALNT,0000046129,314,2010-06-30,81,2006-06-30,6752,1999-11-01,
ALNY,0001178670,244,2009-12-31,81,2006-06-30,5602,2004-06-01,
ALOY,0001567900,205,2013-12-31,34,2018-03-31,2558,2016-01-21,
ALRM,0001459200,237,2013-12-31,54,2013-03-31,2815,2015-06-26,
ALRS,0000903419,152,2017-12-31,81,2006-06-30,6449,2001-01-02,
ALSN,0001411207,179,2010-12-31,70,2009-03-31,3640,2012-03-15,
ALT,0001326190,251,2010-12-31,81,2006-06-30,5261,2005-10-06,
ALTG,0001759824,131,2019-12-31,32,2018-03-31,1852,2019-04-25,
ALTI,0001838615,40,2021-12-31,23,2020-12-31,922,2023-01-03,
ALTO,0000778164,284,2010-06-30,81,2006-06-30,5397,2005-03-24,
ALX,0000003499,260,2009-12-31,81,2006-06-30,6752,1999-11-01,
ALXO,0001810182,130,2018-12-31,30,2019-03-31,1542,2020-07-17,
AM,0001623925,172,2017-05-31,53,2012-12-31,2975,2014-11-05,
AMAL,0001823608,127,2018-12-31,39,2016-12-31,2031,2018-08-07,
AMAT,0000006951,239,2007-10-28,81,2006-07-31,6752,1999-11-01,
AMBA,0001280263,292,2011-01-31,66,2010-04-30,3495,2012-10-10,
AMBP,0001845097,5,2021-12-31,26,2020-03-31,1277,2021-08-05,
AMBQ,0001500412,35,2024-06-30,10,2024-03-31,278,2025-07-30,
AMC,0001411579,131,2012-12-31,58,2012-03-31,3197,2013-12-18,
AMCR,0001748790,122,2017-06-30,56,2012-09-30,1820,2019-06-11,
AMCX,0001514991,131,2009-12-31,66,2010-03-31,3828,2011-06-16,
AMD,0000002488,337,2008-12-27,81,2006-06-30,6752,1999-11-01,
AME,0001037868,254,2007-12-31,81,2006-06-30,6752,1999-11-01,
AMG,0001004434,258,2008-12-31,81,2006-06-30,6752,1999-11-01,
AMGN,0000318154,287,2007-12-31,81,2006-06-30,6752,1999-11-01,
AMH,0001562401,81,2016-03-31,58,2012-03-31,3294,2013-08-01,
AMKR,0001047127,332,2008-12-31,81,2006-06-30,6752,1999-11-01,
AMLX,0001658551,99,2021-06-30,23,2020-12-31,1169,2022-01-07,
AMN,0001142750,314,2009-12-31,81,2006-06-30,6242,2001-11-13,
AMP,0000820027,289,2007-12-31,81,2006-06-30,5276,2005-09-15,
AMPH,0001297184,259,2012-12-31,58,2012-03-31,3068,2014-06-25,
AMPL,0001866692,42,2020-12-31,26,2020-03-31,1240,2021-09-28,
AMPX,0001899287,90,2021-09-30,22,2021-03-31,997,2022-09-15,
AMPY,0001533924,255,2012-04-25,63,2010-12-31,3615,2012-04-20,
AMR,0001704715,176,2016-12-31,41,2016-03-31,2525,2016-08-18,
AMRC,0001488139,133,2009-12-31,71,2008-12-31,4056,2010-07-22,
AMRX,0001723128,81,2017-12-31,39,2016-12-31,4436,2009-01-15,
AMSC,0000880807,245,2009-03-31,81,2006-06-30,6752,1999-11-01,
AMSF,0001018979,317,2009-12-31,81,2006-06-30,5230,2005-11-18,
AMT,0001053507,352,2007-12-31,81,2006-06-30,6752,1999-11-01,
AMTB,0001734342,113,2016-12-31,38,2017-03-31,2015,2018-08-29,
AMTM,0002011286,52,2022-09-30,15,2022-12-31,489,2024-09-24,
AMTX,0000738214,299,2010-12-31,81,2006-06-30,3091,2014-05-15,
AMZN,0001018724,357,2007-12-31,81,2006-06-30,6752,1999-11-01,
AN,0000350698,341,2008-12-31,81,2006-06-30,6752,1999-11-01,
ANAB,0001370053,172,2016-06-30,50,2013-12-31,2416,2017-01-26,
ANDE,0000821026,265,2009-06-30,81,2006-06-30,6752,1999-11-01,
ANET,0001596532,257,2012-12-31,55,2012-12-31,3081,2014-06-06,
ANF,0001018840,225,2009-01-31,81,2006-07-31,6752,1999-11-01,
ANGI,0001705110,80,2015-12-31,64,2010-09-30,3720,2011-11-17,
ANGO,0001275187,313,2010-05-31,81,2006-05-31,5602,2004-06-01,
ANIK,0000898437,319,2009-12-31,81,2006-06-30,6752,1999-11-01,
ANIP,0001023024,137,2009-12-31,81,2006-06-30,6623,2000-05-05,
ANNX,0001528115,68,2019-12-31,34,2018-03-31,1537,2020-07-24,
ANRO,0001999480,60,2023-03-31,15,2022-12-31,650,2024-02-02,
ANTX,0001880438,98,2021-06-30,22,2021-03-31,1116,2022-03-25,
AOMR,0001766478,118,2020-06-30,29,2019-03-31,1311,2021-06-17,
AON,0000315293,316,2007-12-31,81,2006-06-30,6752,1999-11-01,
AORT,0000784199,259,2009-12-31,81,2006-06-30,6752,1999-11-01,
AOS,0000091142,178,2009-12-31,81,2006-06-30,6752,1999-11-01,
AOSL,0001387467,312,2010-06-30,72,2008-09-30,4114,2010-04-29,
AP,0000006176,317,2009-12-31,81,2006-06-30,6752,1999-11-01,
APA,0001841666,107,2018-12-31,81,2006-06-30,6752,1999-11-01,
APAM,0001517302,141,2012-12-31,66,2010-03-31,3396,2013-03-07,
APC,0002080921,16,2025-03-31,69,2004-03-31,142,2026-02-12,
APD,0000002969,303,2007-09-30,81,2006-06-30,6752,1999-11-01,
APEI,0001201792,352,2007-12-31,81,2006-06-30,4734,2007-11-09,
APG,0001796209,111,2019-12-31,34,2017-12-31,1597,2020-04-29,
APGE,0001974640,60,2022-06-30,18,2022-03-31,790,2023-07-14,
APH,0000820313,253,2007-12-31,81,2006-06-30,6752,1999-11-01,
APLD,0001144879,102,2021-02-28,54,2001-08-31,4059,2008-10-22,
APLE,0001418121,229,2010-12-31,74,2008-03-31,2843,2015-05-18,
APO,0001858681,100,2020-12-31,73,2007-03-31,3882,2011-03-30,
APOG,0000006845,306,2010-02-27,81,2006-05-31,6752,1999-11-01,
APP,0001751008,98,2019-12-31,31,2018-12-31,1355,2021-04-15,
APPF,0001433195,86,2015-12-31,51,2013-12-31,2815,2015-06-26,
APPN,0001441683,72,2016-12-31,46,2015-03-31,2333,2017-05-25,
APPS,0000317788,261,2011-03-31,81,2006-06-30,5077,2006-06-30,
APTV,0001521332,271,2010-12-31,81,2006-06-30,3720,2011-11-17,
AQST,0001398733,151,2018-06-30,41,2007-03-31,2040,2018-07-25,
AR,0001433270,264,2012-12-31,58,2012-03-31,3245,2013-10-10,
ARCB,0000894405,271,2008-12-31,81,2006-06-30,6752,1999-11-01,
ARCT,0001768224,130,2018-12-31,57,2012-06-30,3343,2013-05-22,
ARDT,0001756655,57,2022-12-31,26,2014-03-31,536,2024-07-18,
ARDX,0001437402,223,2013-06-30,55,2012-12-31,3072,2014-06-19,
ARE,0001035443,246,2009-12-31,81,2006-06-30,6752,1999-11-01,
AREC,0001590715,95,2014-09-30,50,2013-12-31,2177,2017-12-29,
ARES,0001176948,52,2014-06-09,55,2012-12-31,3105,2014-05-02,
ARHS,0001875444,51,2019-12-31,26,2020-03-31,1213,2021-11-04,
ARKO,0001823794,122,2019-12-31,56,2012-09-30,2124,2017-11-17,
ARL,0001102238,292,2009-12-31,81,2006-06-30,6752,1999-11-01,
ARLO,0001736946,168,2016-12-31,42,2016-03-31,2033,2018-08-03,
ARM,0001973239,63,2022-03-31,17,2022-06-30,747,2023-09-14,
ARMK,0001584509,265,2012-09-28,59,2011-12-31,3201,2013-12-12,
ARMP,0000921114,249,2013-06-30,81,2003-06-30,3897,2011-03-09,
AROC,0001389050,269,2008-12-31,0,,2724,2015-11-04,
AROW,0000717538,262,2009-12-31,81,2006-06-30,6752,1999-11-01,
ARQT,0001787306,132,2019-12-31,34,2018-03-31,1658,2020-01-31,
ARR,0001428205,319,2009-12-31,76,2007-09-30,4719,2007-12-03,
ARRY,0001820721,105,2018-12-31,81,2006-06-30,1479,2020-10-15,
ARTV,0001817241,43,2023-06-30,14,2023-03-31,535,2024-07-19,
ARVN,0001655759,144,2018-09-30,39,2016-12-31,1995,2018-09-27,
ARW,0000007536,274,2008-12-31,81,2006-06-30,6752,1999-11-01,
ARWR,0000879407,274,2008-04-23,81,2006-06-30,6752,1999-11-01,
ARX,0001997350,24,2023-12-31,11,2023-12-31,282,2025-07-24,
AS,0001988894,3,2023-12-31,16,2022-09-30,651,2024-02-01,
ASAN,0001477720,62,2020-01-31,30,2019-04-30,1490,2020-09-30,
ASB,0000007789,300,2008-12-31,81,2006-06-30,6752,1999-11-01,
ASC,0001577437,111,2012-12-31,59,2011-12-31,3294,2013-08-01,
ASH,0001674862,141,2014-09-30,81,2006-06-30,6752,1999-11-01,
ASIC,0002040491,37,2024-06-30,10,2024-03-31,311,2025-06-11,
ASIX,0001673985,212,2014-12-31,47,2014-12-31,2495,2016-10-03,
ASLE,0001754170,149,2018-12-31,31,2018-12-31,1891,2019-02-28,
ASMB,0001426800,241,2008-07-30,71,2008-12-31,3952,2010-12-17,
ASML,0000937966,77,2007-12-31,81,2006-06-30,6752,1999-11-01,
ASND,0001612042,9,2017-12-31,54,2013-03-31,2916,2015-01-28,
ASO,0001817358,129,2019-02-02,29,2019-04-30,1488,2020-10-02,
ASPI,0001921865,81,2021-09-30,21,2020-09-30,957,2022-11-10,
ASPN,0001145986,209,2012-12-31,69,2009-03-31,3076,2014-06-13,
ASST,0001920406,43,2021-12-31,22,2021-03-31,900,2023-02-03,
ASTE,0000792987,275,2007-12-31,81,2006-06-30,6752,1999-11-01,
ASTH,0001083446,253,2011-01-31,81,2006-06-30,3898,2011-02-23,
ASTS,0001780312,28,2021-06-30,29,2019-06-30,1719,2019-11-01,
ASUR,0000884144,316,2010-06-30,81,2006-06-30,6752,1999-11-01,
ASYS,0000720500,315,2009-09-30,81,2006-06-30,6752,1999-11-01,
ATAI,0002081043,23,2024-12-31,26,2020-03-31,1310,2021-06-18,
ATEC,0001350653,285,2010-12-31,81,2006-06-30,5097,2006-06-02,
ATEN,0001580808,248,2012-12-31,58,2012-03-31,3134,2014-03-21,
ATEX,0001304492,189,2014-03-31,53,2013-06-30,2915,2015-02-03,
ATI,0001018963,362,2008-12-31,81,2006-06-30,6733,1999-11-29,
ATKR,0001666138,215,2014-09-26,57,2012-06-30,2574,2016-06-10,
ATLC,0001464343,307,2010-12-31,81,2006-06-30,6752,1999-11-01,
ATLO,0001132651,220,2009-12-31,81,2006-06-30,6679,2000-02-15,
ATMU,0001921963,65,2021-12-31,19,2021-03-31,822,2023-05-26,
ATNI,0000879585,318,2009-12-31,81,2006-06-30,6752,1999-11-01,
ATO,0000731802,311,2008-09-30,81,2006-06-30,6752,1999-11-01,
ATOM,0001420520,167,2015-12-31,47,2014-12-31,2535,2016-08-05,
ATR,0000896622,269,2009-06-30,81,2006-06-30,6752,1999-11-01,
ATRC,0001323885,235,2010-12-31,81,2006-06-30,5304,2005-08-05,
ATRO,0000008063,151,2010-07-03,81,2006-06-30,6752,1999-11-01,
AU,0001973832,3,2023-12-31,81,2006-06-30,6752,1999-11-01,
AUB,0000883948,283,2010-06-30,81,2006-06-30,6752,1999-11-01,
AUGO,0001468642,1,2025-12-31,11,2023-12-31,288,2025-07-16,
AUPH,0001600620,128,2017-12-31,81,2006-06-30,3014,2014-09-03,
AUR,0001828108,86,2019-12-31,26,2020-03-31,1338,2021-05-10,
AURA,0001501796,104,2020-12-31,26,2020-03-31,1217,2021-10-29,
AVA,0000104918,297,2008-12-31,81,2006-06-30,6752,1999-11-01,
AVAH,0001832332,118,2020-03-28,26,2020-03-31,1346,2021-04-28,
AVAV,0001368622,312,2010-04-30,81,2006-04-30,4937,2007-01-23,
AVBC,0002058758,24,2024-12-31,10,2024-03-31,276,2025-08-01,
AVBH,0001443575,35,2024-06-30,77,2004-03-31,3526,2012-07-23,
AVBP,0001868279,60,2023-03-31,18,2022-03-31,655,2024-01-26,
AVEX,0002096300,8,2025-06-30,6,2025-03-31,98,2026-04-17,
AVGO,0001730168,179,2016-01-31,79,2007-01-31,4297,2009-08-06,
AVIR,0001593899,128,2019-12-31,34,2017-12-31,1468,2020-10-30,
AVLN,0001540171,16,2025-03-31,4,2025-03-31,89,2026-04-30,
AVNT,0001122976,212,2009-12-31,81,2006-06-30,6752,1999-11-01,
AVNW,0001377789,239,2011-07-01,81,2006-06-30,6752,1999-11-01,
AVO,0001802974,112,2019-10-31,30,2019-01-31,1489,2020-10-01,
AVPT,0001777921,119,2019-09-30,29,2019-06-30,1717,2019-11-05,
AVR,0002011514,41,2024-03-31,14,2023-03-31,432,2024-12-13,
AVT,0000008858,283,2008-06-28,81,2006-06-30,6752,1999-11-01,
AVTR,0001722482,130,2018-09-30,35,2017-12-31,1836,2019-05-17,
AVTX,0001534120,184,2014-12-31,51,2012-12-31,2716,2015-11-13,
AVXL,0001314052,264,2010-06-30,81,2006-06-30,5051,2006-08-02,
AVY,0000008818,339,2008-12-27,81,2006-06-30,6752,1999-11-01,
AWI,0000007431,308,2009-12-31,81,2006-06-30,5001,2006-10-18,
AWK,0001410636,273,2008-12-31,81,2006-06-30,4622,2008-04-23,
AWR,0001056903,238,2009-12-31,81,2006-06-30,6752,1999-11-01,
AX,0001299709,310,2009-06-30,81,2006-06-30,1993,2018-10-01,
AXGN,0000805928,241,2010-06-30,81,2006-06-30,6752,1999-11-01,
AXON,0001069183,317,2009-12-31,81,2006-06-30,6349,2001-06-07,
AXP,0000004962,357,2007-12-31,81,2006-06-30,6752,1999-11-01,
AXS,0001214816,333,2008-12-31,81,2006-06-30,5833,2003-07-01,
AXSM,0001579428,172,2015-12-31,51,2013-12-31,2713,2015-11-19,
AXTA,0001616862,209,2014-03-31,55,2012-12-31,2970,2014-11-12,
AXTI,0001051627,319,2009-12-31,81,2006-06-30,6752,1999-11-01,
AYI,0001144215,288,2009-08-31,81,2006-05-31,6229,2001-12-03,
AZO,0000866787,287,2008-08-30,81,2006-05-31,6752,1999-11-01,
AZTA,0000933974,319,2009-09-30,81,2006-06-30,6752,1999-11-01,
AZZ,0000008947,288,2010-02-28,81,2006-05-31,6752,1999-11-01,
BA,0000012927,301,2007-12-31,81,2006-06-30,6752,1999-11-01,
BAC,0000070858,357,2007-12-31,81,2006-06-30,6752,1999-11-01,
BAH,0001443646,190,2011-03-31,69,2009-06-30,3972,2010-11-18,
BALL,0000009389,261,2008-12-31,81,2006-06-30,6752,1999-11-01,
BALY,0001747079,164,2017-12-31,38,2017-03-31,1869,2019-03-29,
BAM,0001937926,6,2022-12-31,81,2006-06-30,943,2022-12-01,
BANC,0001169770,173,2010-06-30,81,2006-06-30,6021,2002-10-01,
BAND,0001514416,80,2015-12-31,42,2016-03-31,2215,2017-11-10,
BANF,0000760498,315,2010-06-30,81,2006-06-30,6752,1999-11-01,
BANR,0000946673,193,2010-12-31,81,2006-06-30,6752,1999-11-01,
BATRA,0001958140,24,2023-09-30,54,2013-03-31,2612,2016-04-18,
BATRK,0001958140,24,2023-09-30,58,2012-03-31,2612,2016-04-18,
BAX,0000010456,286,2007-12-31,81,2006-06-30,6752,1999-11-01,
BBAI,0001836981,118,2020-12-31,26,2020-03-31,1183,2021-12-17,
BBCP,0001703956,177,2017-06-30,39,2016-10-31,2272,2017-08-21,
BBIO,0001743881,135,2018-12-31,34,2018-03-31,1808,2019-06-27,
BBNX,0001674632,43,2023-12-31,12,2023-09-30,402,2025-01-30,
BBSI,0000902791,314,2009-12-31,81,2006-06-30,6752,1999-11-01,
BBT,0001108134,315,2009-12-31,11,2023-12-31,6586,2000-06-28,
BBUC,0001654795,9,2017-12-31,26,2020-03-31,1130,2022-03-07,
BBW,0001113809,334,2010-01-02,81,2006-07-31,5498,2004-10-28,
BBWI,0000701985,355,2008-08-02,81,2006-07-31,6752,1999-11-01,
BBY,0000764478,378,2008-03-01,81,2005-10-31,6752,1999-11-01,
BC,0000014930,316,2009-12-31,81,2006-06-30,6752,1999-11-01,
BCAL,0001795815,80,2022-03-31,58,2003-03-31,2679,2015-12-22,
BCAX,0002023658,50,2023-09-30,14,2023-03-31,496,2024-09-13,
BCBP,0001228454,317,2009-12-31,81,2006-06-30,5759,2003-10-15,
BCC,0001328581,242,2011-12-31,62,2010-12-31,3416,2013-02-06,
BCML,0001730984,182,2016-12-31,68,2005-03-31,5543,2004-08-09,
BCO,0000078890,292,2008-12-31,81,2006-06-30,6752,1999-11-01,
BCPC,0000009326,313,2009-12-31,81,2006-06-30,6752,1999-11-01,
BCRX,0000882796,260,2010-12-31,81,2006-06-30,6752,1999-11-01,
BDC,0000913142,239,2008-12-31,81,2006-06-30,6752,1999-11-01,
BDN,0000790816,329,2008-12-31,81,2006-06-30,6752,1999-11-01,
BDTX,0001701541,135,2018-12-31,34,2018-03-31,1659,2020-01-30,
BDX,0000010795,239,2008-09-30,81,2006-06-30,6752,1999-11-01,
BE,0001664703,83,2016-12-31,46,2015-03-31,2040,2018-07-25,
BEAM,0001745999,132,2019-12-31,34,2018-03-31,1654,2020-02-06,
BELFA,0000729580,1,2011-08-01,81,2006-06-30,6752,1999-11-01,
BELFB,0000729580,1,2011-08-01,81,2006-06-30,6752,1999-11-01,
BEN,0000038777,347,2008-09-30,81,2006-06-30,6752,1999-11-01,
BEPC,0001791863,3,2020-12-31,34,2018-03-31,425,2024-12-24,
BETA,0001784570,22,2023-12-31,8,2024-09-30,210,2025-11-04,
BETR,0001835856,59,2021-12-31,29,2015-09-30,761,2023-08-24,
BF-A,0000014693,155,2009-04-30,81,2006-07-31,6752,1999-11-01,
BF-B,0000014693,155,2009-04-30,81,2006-07-31,6752,1999-11-01,
BFAM,0001437578,263,2011-12-31,81,2003-06-30,3424,2013-01-25,
BFC,0001746109,165,2016-12-31,81,2006-06-30,6189,2002-01-29,
BFH,0001101215,276,2008-12-31,81,2006-06-30,6343,2001-06-15,
BFLY,0001804176,52,2019-12-31,27,2019-12-31,1546,2020-07-13,
BFS,0000907254,309,2010-12-31,81,2006-06-30,6752,1999-11-01,
BFST,0001624322,240,2013-12-31,53,2013-03-31,2113,2018-04-11,
BG,0001996862,40,2021-12-31,81,2006-06-30,6310,2001-08-02,
BGC,0001094831,131,2009-12-31,81,2006-06-30,6724,1999-12-10,
BGS,0001278027,317,2010-01-02,81,2006-06-30,4853,2007-05-23,
BH,0001726173,6,2017-12-31,81,2006-06-30,6752,1999-11-01,
BH-A,0001726173,6,2017-12-31,81,2006-06-30,2099,2018-05-01,
BHB,0000743367,267,2009-12-31,81,2006-06-30,6752,1999-11-01,
BHE,0000863436,340,2008-12-31,81,2006-06-30,6752,1999-11-01,
BHF,0001685040,184,2016-12-31,46,2015-03-31,2298,2017-07-17,
BHR,0001574085,268,2012-12-31,59,2011-12-31,3226,2013-11-06,
BHRB,0001964333,83,2021-12-31,67,2002-09-30,6394,2001-03-15,
BHVN,0001935979,92,2020-12-31,37,2017-03-31,991,2022-09-23,
BIIB,0000875045,250,2007-12-31,81,2006-06-30,6752,1999-11-01,
BILL,0001786352,89,2019-06-30,32,2018-09-30,1691,2019-12-12,
BIO,0000012208,141,2008-12-31,81,2006-06-30,6752,1999-11-01,
BIOA,0001709941,50,2023-09-30,34,2013-03-31,487,2024-09-26,
BIPC,0001788348,1,2020-12-31,34,2018-03-31,423,2024-12-27,
BIRK,0001977102,2,2023-09-30,19,2021-12-31,728,2023-10-11,
BJ,0001531152,183,2017-01-28,42,2016-04-30,2058,2018-06-28,
BJRI,0001013488,322,2009-12-29,81,2006-06-30,6752,1999-11-01,
BKD,0001332349,267,2008-12-31,81,2006-06-30,5228,2005-11-22,
BKE,0000885245,330,2009-08-01,81,2006-07-31,6752,1999-11-01,
BKH,0001130464,299,2008-12-31,81,2006-06-30,6752,1999-11-01,
BKKT,0001820302,48,2021-11-30,26,2020-03-31,1454,2020-11-19,
BKNG,0001075531,271,2008-12-31,81,2006-06-30,6752,1999-11-01,
BKR,0001701605,19,2016-12-31,42,2016-03-31,2306,2017-07-05,
BKSY,0001753539,127,2018-12-31,31,2018-12-31,1685,2019-12-20,
BKTI,0000002186,317,2009-12-31,81,2006-06-30,6453,2001-01-02,
BKU,0001504008,300,2009-12-31,66,2010-03-31,3924,2011-01-28,
BKV,0001838406,54,2022-12-31,20,2021-09-30,487,2024-09-26,
BL,0001666134,166,2015-12-31,48,2014-09-30,2476,2016-10-28,
BLBD,0001589526,227,2013-09-28,52,2013-09-30,3130,2014-03-20,
BLDR,0001316835,300,2010-12-31,81,2006-06-30,5331,2005-06-28,
BLFS,0000834365,259,2010-12-31,81,2006-06-30,6752,1999-11-01,
BLK,0002012383,47,2022-12-31,81,2006-06-30,6752,1999-11-01,
BLKB,0001280058,284,2008-12-31,81,2006-06-30,5565,2004-07-26,
BLMN,0001546417,272,2010-12-31,63,2010-12-31,3539,2012-08-08,
BLND,0001855747,94,2019-12-31,26,2020-03-31,1291,2021-07-16,
BLSH,0001872195,1,2025-12-31,10,2024-03-31,268,2025-08-13,
BLX,0000890541,13,2009-12-31,81,2006-06-30,6752,1999-11-01,
BLZE,0001462056,66,2020-09-30,26,2020-03-31,1208,2021-11-11,
BMBL,0001830043,54,2020-03-31,27,2019-12-31,1398,2021-02-11,
BMI,0000009092,227,2009-12-31,81,2006-06-30,6752,1999-11-01,
BMNR,0001829311,113,2020-08-31,32,2011-02-28,315,2025-06-05,
BMRC,0001403475,317,2009-12-31,81,2006-06-30,6715,1999-12-23,
BMRN,0001048477,327,2008-12-31,81,2006-06-30,6752,1999-11-01,
BMY,0000014272,243,2008-12-31,81,2006-06-30,6752,1999-11-01,
BNAI,0001838163,63,2021-03-31,21,2021-03-31,622,2024-03-14,
BNED,0001634117,242,2014-05-03,56,2012-07-31,2790,2015-08-03,
BNL,0001424182,200,2015-12-31,42,2016-03-31,1372,2021-03-22,
BNTC,0001808898,114,2019-06-30,55,2012-09-30,2779,2015-08-18,
BNY,0001390777,303,2007-12-31,81,2006-06-30,6752,1999-11-01,
BOBS,0002085187,16,2025-03-30,7,2024-12-31,147,2026-02-05,
BOC,0001494582,87,2011-12-31,55,2012-09-30,2318,2017-06-16,
BOH,0000046195,341,2008-12-31,81,2006-06-30,6752,1999-11-01,
BOKF,0000875357,343,2008-12-31,81,2006-06-30,6752,1999-11-01,
BOOT,0001610250,252,2013-03-30,57,2012-06-30,2979,2014-10-30,
BORR,0001715497,65,2017-12-31,38,2017-03-31,1871,2018-05-22,
BOW,0002002473,61,2022-12-31,14,2023-03-31,573,2024-05-23,
BOX,0001372612,141,2018-08-31,58,2012-04-30,2922,2015-01-23,
BPOP,0000763901,335,2009-06-30,81,2006-06-30,6752,1999-11-01,
BPRN,0001913971,85,2021-12-31,56,2012-09-30,2553,2016-07-12,
BR,0001383312,332,2009-06-30,81,2006-06-30,4889,2007-04-02,
BRBR,0001772016,86,2018-09-30,35,2017-12-31,1730,2019-10-17,
BRBS,0000842717,151,2018-09-30,50,2014-03-31,4756,2007-08-10,
BRCB,0002068577,8,2025-09-30,9,2024-06-30,247,2025-09-12,
BRCC,0001891101,40,2018-12-31,26,2020-03-31,1343,2021-05-03,
BRK-B,0001067983,37,2007-12-31,81,2006-06-30,6752,1999-11-01,
BRKR,0001109354,318,2009-12-31,81,2006-06-30,6560,2000-08-04,
BRO,0000079282,337,2008-12-31,81,2006-06-30,6752,1999-11-01,
BROS,0001866581,41,2021-09-30,26,2020-03-31,1249,2021-09-15,
BRSL,0001619762,63,2012-12-31,11,2023-12-31,6752,1999-11-01,
BRSP,0001717547,87,2019-02-26,39,2016-12-31,2160,2018-02-01,
BRT,0000014846,253,2009-09-30,81,2006-06-30,6752,1999-11-01,
BRX,0001581068,257,2012-09-30,58,2012-03-31,3231,2013-10-30,
BRZE,0001676238,54,2020-01-31,25,2020-04-30,1204,2021-11-17,
BSRR,0001130144,316,2010-06-30,81,2006-06-30,6752,1999-11-01,
BSVN,0001746129,172,2016-12-31,39,2016-12-31,2000,2018-09-20,
BSX,0000885725,321,2007-12-31,81,2006-06-30,6752,1999-11-01,
BSY,0001031308,58,2018-12-31,31,2018-12-31,1495,2020-09-23,
BTBT,0001710350,75,2016-12-31,40,2016-03-31,2125,2018-03-20,
BTDR,0001899123,4,2022-12-31,26,2020-03-31,853,2023-04-13,
BTSG,0001865782,62,2022-12-31,29,2019-06-30,655,2024-01-26,
BTU,0001064728,246,2007-12-31,81,2006-06-30,2370,2017-04-03,
BULL,0001866364,12,2022-12-31,19,2021-12-31,353,2025-04-10,
BUR,0001714174,63,2019-12-31,41,2013-06-30,2768,2015-04-01,
BURL,0001579298,276,2012-01-28,58,2012-04-30,3251,2013-10-02,
BUSE,0000314489,309,2010-12-31,81,2006-06-30,6752,1999-11-01,
BV,0001734713,160,2017-09-30,42,2016-03-31,2058,2018-06-28,
BVFL,0001302387,70,2022-03-31,61,2004-09-30,2466,2016-01-13,
BVS,0001665988,44,2021-04-03,32,2015-03-31,1398,2021-02-11,
BW,0001630805,209,2013-12-31,51,2013-12-31,2812,2015-07-01,
BWA,0000908255,255,2007-12-31,81,2006-06-30,6752,1999-11-01,
BWB,0001341317,167,2016-12-31,39,2016-12-31,2132,2018-03-14,
BWFG,0001505732,248,2012-12-31,70,2004-03-31,4132,2010-04-05,
BWIN,0001781755,57,2018-12-31,19,2021-12-31,1725,2019-10-24,
BWMN,0001847590,118,2020-03-31,26,2020-03-31,1339,2021-05-07,
BWXT,0001486957,255,2009-12-31,71,2008-12-31,4049,2010-08-02,
BX,0001393818,231,2010-06-30,81,2006-06-30,4832,2007-06-22,
BXC,0001301787,247,2010-08-05,81,2006-06-30,5466,2004-12-14,
BXMT,0001061630,257,2009-12-31,81,2006-06-30,6752,1999-11-01,
BXP,0001037540,359,2007-12-31,81,2006-06-30,6752,1999-11-01,
BY,0001702750,197,2015-12-31,43,2015-12-31,2308,2017-06-30,
BYD,0000906553,290,2008-12-31,81,2006-06-30,6752,1999-11-01,
BZAI,0001871638,45,2024-03-31,19,2021-12-31,1154,2022-01-31,
BZH,0000915840,301,2010-06-30,81,2006-06-30,6752,1999-11-01,
C,0000831001,281,2007-12-31,81,2006-06-30,6752,1999-11-01,
CABA,0001759138,96,2018-12-31,34,2018-03-31,1724,2019-10-25,
CABO,0001632127,241,2013-12-31,51,2013-12-31,2812,2015-07-01,
CAC,0000750686,317,2009-12-31,81,2006-06-30,6752,1999-11-01,
CACC,0000885550,317,2009-12-31,81,2006-06-30,6752,1999-11-01,
CACI,0000016058,317,2009-06-30,81,2006-06-30,6752,1999-11-01,
CADL,0001841387,107,2020-12-31,26,2020-03-31,1284,2021-07-27,
CAG,0000023217,280,2008-08-24,81,2006-05-31,6752,1999-11-01,
CAH,0000721371,277,2008-06-30,81,2006-06-30,6752,1999-11-01,
CAI,0002019410,37,2023-12-31,73,2006-03-31,306,2025-06-18,
CAKE,0000887596,296,2008-12-30,81,2006-06-30,6752,1999-11-01,
CAL,0000014707,198,2011-01-29,81,2006-04-30,6752,1999-11-01,
CALM,0000016160,178,2010-05-29,81,2006-05-31,6752,1999-11-01,
CALX,0001406666,265,2010-12-31,75,2007-12-31,4139,2010-03-24,
CALY,0000837465,257,2009-12-31,35,2017-12-31,6752,1999-11-01,
CAMP,0001736730,50,2023-09-30,81,2002-06-30,476,2024-10-11,
CAPR,0001133869,242,2010-12-31,81,2006-06-30,4922,2007-02-13,
CAR,0000723612,261,2009-12-31,81,2006-06-30,6752,1999-11-01,
CARE,0001829576,113,2019-12-31,73,2007-03-31,3510,2012-08-27,
CARG,0001494259,82,2015-12-31,46,2015-03-31,2236,2017-10-12,
CARL,0001794546,35,2024-06-30,11,2023-12-31,283,2025-07-23,
CARR,0001783180,101,2018-12-31,30,2019-03-31,1625,2020-03-19,
CARS,0001683606,199,2015-12-31,47,2014-12-31,2329,2017-06-01,
CART,0001579091,72,2021-12-31,26,2018-12-31,744,2023-09-19,
CASH,0000907471,228,2010-09-30,81,2006-06-30,6752,1999-11-01,
CASS,0000708781,267,2010-12-31,81,2006-06-30,6752,1999-11-01,
CASY,0000726958,234,2009-07-31,81,2006-04-30,6752,1999-11-01,
CAT,0000018230,350,2007-12-31,81,2006-06-30,6752,1999-11-01,
CATX,0000728387,222,2011-06-30,81,2006-06-30,5236,2005-11-10,
CATY,0000861842,322,2009-12-31,81,2006-06-30,6752,1999-11-01,
CAVA,0001639438,77,2021-12-26,19,2021-12-31,809,2023-06-15,
CB,0000896159,345,2007-12-31,81,2006-06-30,6752,1999-11-01,
CBAN,0000711669,285,2010-06-30,81,2006-06-30,6752,1999-11-01,
CBC,0002065601,15,2024-12-31,7,2024-12-31,198,2025-11-20,
CBFV,0001605301,258,2012-12-31,67,2003-03-31,6350,2001-06-06,
CBIO,0001253689,211,2012-12-31,56,2012-09-30,309,2025-06-13,
CBK,0001981546,30,2024-09-30,10,2024-03-31,233,2025-10-02,
CBL,0000910612,297,2008-12-31,81,2005-12-31,1216,2021-11-02,
CBLL,0001861107,50,2023-09-30,14,2023-03-31,476,2024-10-11,
CBNA,0001392272,24,2023-09-30,14,2023-03-31,481,2024-10-04,
CBNK,0001419536,165,2017-12-31,59,2011-06-30,1996,2018-09-26,
CBOE,0001374310,301,2009-12-31,70,2009-03-31,4082,2010-06-15,
CBRE,0001138118,336,2008-12-31,81,2006-06-30,5595,2004-06-10,
CBRL,0001067294,327,2009-07-31,81,2006-04-30,6752,1999-11-01,
CBSH,0000022356,131,2009-12-31,81,2006-06-30,6752,1999-11-01,
CBT,0000016040,337,2008-09-30,81,2006-06-30,6752,1999-11-01,
CBU,0000723188,251,2009-12-31,81,2006-06-30,6752,1999-11-01,
CBZ,0000944148,223,2009-12-31,81,2006-06-30,6752,1999-11-01,
CC,0001627223,227,2013-12-31,52,2012-12-31,2812,2015-07-01,
CCB,0001437958,148,2017-06-30,39,2016-12-31,2045,2018-07-18,
CCBG,0000726601,304,2009-12-31,81,2006-06-30,6752,1999-11-01,
CCC,0001818201,105,2020-09-30,26,2020-03-31,1280,2021-08-02,
CCCC,0001662579,116,2019-12-31,30,2019-03-31,1488,2020-10-02,
CCEP,0001650107,9,2017-12-31,81,2004-12-31,6752,1999-11-01,
CCI,0001051470,322,2008-06-30,81,2006-06-30,6752,1999-11-01,
CCK,0001219601,239,2008-12-31,81,2006-06-30,6752,1999-11-01,
CCL,0000815097,214,2008-08-31,81,2006-05-31,6752,1999-11-01,
CCNE,0000736772,256,2010-06-18,81,2006-06-30,6752,1999-11-01,
CCO,0001334978,190,2009-12-31,81,2006-06-30,5234,2005-11-14,
CCOI,0001158324,323,2009-12-31,81,2006-06-30,6186,2002-02-05,
CCS,0001576940,243,2013-12-31,58,2012-03-31,3073,2014-06-18,
CCSI,0001866633,108,2019-12-31,24,2020-09-30,1232,2021-10-08,
CD,0001527762,87,2011-12-31,35,2012-06-30,2871,2015-04-08,
CDE,0000215466,302,2008-12-31,81,2006-06-30,6752,1999-11-01,
CDNA,0001217234,257,2012-12-31,57,2005-12-31,3053,2014-07-17,
CDNL,0002079999,6,2025-12-31,8,2024-09-30,185,2025-12-10,
CDNS,0000813672,236,2009-01-03,81,2006-06-30,6752,1999-11-01,
CDP,0000860546,334,2007-12-31,81,2006-06-30,6752,1999-11-01,
CDRE,0001860543,110,2020-09-30,26,2020-03-31,1213,2021-11-04,
CDW,0001402057,257,2010-12-31,81,2005-03-31,3318,2013-06-27,
CDXS,0001200375,250,2010-12-31,75,2006-12-31,4119,2010-04-22,
CDZI,0000727273,232,2009-12-31,81,2006-06-30,6752,1999-11-01,
CE,0001306830,280,2007-12-31,81,2006-06-30,5440,2005-01-21,
CECO,0000003197,287,2010-06-30,81,2006-06-30,6752,1999-11-01,
CEG,0001868275,83,2020-12-31,56,2012-09-30,1152,2022-02-02,
CELC,0001603454,151,2016-12-31,43,2015-12-31,2252,2017-09-20,
CELH,0001341766,204,2015-09-30,81,2006-06-30,2646,2016-01-04,
CENT,0000887733,147,2009-09-26,81,2006-06-30,6752,1999-11-01,
CENTA,0000887733,147,2009-09-26,81,2006-06-30,4927,2007-02-06,
CENX,0000949157,297,2009-12-31,81,2006-06-30,6752,1999-11-01,
CERS,0001020214,211,2009-12-31,81,2006-06-30,6752,1999-11-01,
CERT,0001827090,122,2019-12-31,30,2019-03-31,1439,2020-12-11,
CEVA,0001173489,308,2009-12-31,81,2006-06-30,5998,2002-11-01,
CF,0001324404,312,2007-12-31,81,2006-06-30,5300,2005-08-11,
CFBK,0001070680,195,2010-12-31,81,2006-06-30,6752,1999-11-01,
CFFI,0000913341,308,2010-06-30,81,2006-06-30,6752,1999-11-01,
CFFN,0001490906,319,2009-09-30,81,2006-06-30,6752,1999-11-01,
CFG,0000759944,252,2012-12-31,57,2012-06-30,3005,2014-09-24,
CFR,0000039263,266,2009-06-30,81,2006-06-30,6752,1999-11-01,
CG,0001527166,286,2012-05-21,64,2010-09-30,3606,2012-05-03,
CGEM,0001789972,96,2020-12-31,50,2012-03-31,1421,2021-01-08,
CGNX,0000851205,305,2008-12-31,81,2006-06-30,6752,1999-11-01,
CGON,0001991792,60,2023-03-31,15,2022-12-31,656,2024-01-25,
CHCI,0001299969,129,2010-06-30,81,2006-06-30,5466,2004-12-14,
CHCO,0000726854,255,2009-12-31,81,2006-06-30,6752,1999-11-01,
CHCT,0001631569,236,2014-03-27,45,2015-06-30,2840,2015-05-21,
CHD,0000313927,271,2008-12-31,81,2006-06-30,6752,1999-11-01,
CHDN,0000020212,248,2009-12-31,81,2006-06-30,6752,1999-11-01,
CHE,0000019584,271,2008-12-31,81,2006-06-30,6752,1999-11-01,
CHEF,0001517175,312,2009-12-25,67,2009-12-31,3799,2011-07-28,
CHH,0001046311,317,2009-06-30,81,2006-06-30,6752,1999-11-01,
CHMG,0000763563,188,2009-12-31,81,2006-06-30,6752,1999-11-01,
CHPT,0001777393,124,2020-01-31,30,2019-01-31,1753,2019-09-16,
CHRD,0001486159,312,2010-06-30,81,2006-03-31,1453,2020-11-20,
CHRS,0001512762,202,2012-12-31,55,2012-12-31,2974,2014-11-06,
CHRW,0001043277,357,2007-12-31,81,2006-06-30,6752,1999-11-01,
CHTR,0001091667,124,2010-03-31,81,2006-06-30,4193,2010-01-05,
CHWY,0001766502,57,2019-02-03,34,2018-01-31,1817,2019-06-14,
CHYM,0001795586,28,2023-12-31,12,2023-09-30,310,2025-06-12,
CI,0001739940,110,2016-12-31,81,2006-06-30,6752,1999-11-01,
CIA,0000024090,36,2010-12-31,81,2006-06-30,6752,1999-11-01,
CIEN,0000936395,349,2008-10-31,81,2006-07-31,6752,1999-11-01,
CIFR,0001819989,117,2020-09-30,25,2020-06-30,1443,2020-12-07,
CIM,0001409493,335,2008-12-31,74,2008-03-31,4729,2007-11-16,
CINF,0000020286,292,2009-12-31,81,2006-06-30,6752,1999-11-01,
CIVB,0000944745,234,2010-12-31,81,2006-06-30,6447,2001-01-02,
CIX,0001049606,103,2013-02-28,81,2006-06-30,6752,1999-11-01,
CL,0000021665,260,2007-12-31,81,2006-06-30,6752,1999-11-01,
CLB,0001958086,77,2021-12-31,81,2006-06-30,6752,1999-11-01,
CLBK,0002115119,10,2025-06-30,40,2016-09-30,35,2026-07-20,
CLDT,0001476045,315,2010-06-30,67,2008-12-31,4123,2010-04-16,
CLDX,0000744218,251,2009-12-31,81,2006-06-30,6752,1999-11-01,
CLF,0000764065,354,2007-12-31,81,2006-06-30,6752,1999-11-01,
CLFD,0000796505,315,2010-06-30,81,2006-06-30,6752,1999-11-01,
CLH,0000822818,332,2008-12-31,81,2006-06-30,6752,1999-11-01,
CLMB,0000945983,317,2009-12-31,81,2006-06-30,6752,1999-11-01,
CLMT,0002013745,56,2022-12-31,81,2006-06-30,541,2024-07-11,
CLNE,0001368265,307,2009-12-31,81,2006-06-30,4851,2007-05-25,
CLOV,0001801170,52,2019-12-31,30,2019-03-31,1566,2020-06-12,
CLPT,0001285550,232,2011-12-31,61,2011-06-30,2534,2016-08-08,
CLSK,0000827876,249,2010-06-30,71,2008-12-31,2665,2016-01-29,
CLVT,0001764046,143,2017-12-31,61,2010-06-30,1973,2018-10-29,
CLW,0001441236,249,2009-12-31,79,2006-12-31,4464,2008-12-05,
CLX,0000021076,347,2008-06-30,81,2006-06-30,6752,1999-11-01,
CLYM,0001768446,110,2020-12-31,26,2020-03-31,1274,2021-08-10,
CMC,0000022444,321,2009-08-31,81,2006-05-31,6752,1999-11-01,
CMCL,0000766011,9,2017-12-31,81,2006-06-30,2309,2017-06-29,
CMCO,0001005229,284,2010-03-31,81,2006-06-30,6752,1999-11-01,
CMCSA,0001166691,141,2008-12-31,81,2006-06-30,6752,1999-11-01,
CMDB,0002033535,7,2023-12-31,8,2024-03-31,335,2025-05-07,
CME,0001156375,150,2007-12-31,81,2006-06-30,5974,2002-12-06,
CMG,0001058090,271,2008-12-31,81,2006-06-30,5185,2006-01-26,
CMI,0000026172,285,2008-06-29,81,2006-06-30,6752,1999-11-01,
CMP,0001227654,267,2008-12-31,81,2006-06-30,5718,2003-12-12,
CMPR,0001262976,332,2009-06-30,81,2006-06-30,5265,2005-09-30,
CMPX,0001738021,125,2018-03-31,30,2018-06-30,1363,2021-04-05,
CMRC,0001626450,76,2020-12-31,30,2019-03-31,1529,2020-08-05,
CMRE,0001503584,64,2011-12-31,70,2008-12-31,3982,2010-11-04,
CMS,0000811156,193,2009-12-31,81,2006-06-30,6752,1999-11-01,
CMT,0001026655,253,2010-06-30,81,2006-06-30,6752,1999-11-01,
CMTG,0001666291,108,2019-12-31,31,2018-12-31,1214,2021-11-03,
CMTV,0000718413,218,2010-06-30,81,2006-03-31,6443,2001-01-02,
CNA,0000021175,317,2009-12-31,81,2006-06-30,6752,1999-11-01,
CNC,0001071739,337,2008-12-31,81,2006-06-30,6221,2001-12-13,
CNDT,0001677703,184,2014-12-31,47,2014-12-31,2432,2017-01-03,
CNH,0001567094,199,2012-12-31,55,2012-09-30,3253,2013-09-30,
CNK,0001385280,275,2009-12-31,81,2006-06-30,4874,2007-04-24,
CNM,0001856525,40,2021-08-01,31,2005-01-31,1287,2021-07-22,
CNMD,0000816956,251,2009-12-31,81,2006-06-30,6752,1999-11-01,
CNNE,0001704720,186,2015-12-31,54,2013-03-31,2209,2017-11-20,
CNO,0001224608,337,2008-12-31,81,2006-06-30,5784,2003-09-10,
CNOB,0000712771,286,2009-12-31,81,2006-06-30,6752,1999-11-01,
CNP,0001130310,298,2008-12-31,81,2006-06-30,6752,1999-11-01,
CNR,0001710366,189,2014-12-31,81,2006-06-30,2206,2017-11-14,
CNS,0001284812,294,2009-12-31,81,2006-06-30,5550,2004-08-16,
CNTB,0001835268,48,2021-12-31,26,2019-06-30,254,2025-09-03,
CNTN,0001861657,97,2020-12-31,26,2020-03-31,1166,2022-01-12,
CNTX,0001842952,110,2020-09-30,28,2016-12-31,1224,2021-10-20,
CNX,0001070412,292,2007-12-31,81,2006-06-30,6752,1999-11-01,
CNXC,0001803599,123,2019-11-30,30,2019-02-28,1450,2020-11-24,
CNXN,0001050377,225,2009-12-31,81,2006-06-30,6752,1999-11-01,
COCO,0001482981,112,2019-12-31,26,2020-03-31,1223,2021-10-21,
CODI,0001345126,206,2010-12-31,81,2006-06-30,5107,2006-05-18,
COF,0000927628,331,2008-12-31,81,2006-06-30,6752,1999-11-01,
COFS,0000803164,246,2010-12-31,81,2006-06-30,6200,2001-12-31,
COGT,0001622229,163,2017-12-31,40,2015-09-30,2121,2018-03-29,
COHR,0000820318,260,2009-06-30,81,2006-06-30,6752,1999-11-01,
COHU,0000021535,317,2009-12-26,81,2006-06-30,6752,1999-11-01,
COIN,0001679788,64,2019-12-31,30,2019-03-31,1356,2021-04-14,
COKE,0000317540,75,2012-01-01,81,2006-06-30,6752,1999-11-01,
COLB,0000887343,315,2009-12-31,81,2006-06-30,6752,1999-11-01,
COLD,0001455863,179,2016-12-31,48,2008-12-31,2169,2018-01-19,
COLL,0001267565,222,2013-12-31,51,2013-12-31,2850,2015-05-07,
COLM,0001050797,307,2009-12-31,81,2006-06-30,6752,1999-11-01,
COMP,0001563190,114,2020-12-31,35,2017-12-31,1364,2021-04-01,
CON,0002014596,55,2022-12-31,14,2023-03-31,531,2024-07-25,
COO,0000711404,290,2008-10-31,81,2006-04-30,6752,1999-11-01,
COP,0001163165,287,2007-12-31,81,2006-06-30,6752,1999-11-01,
COR,0001140859,357,2007-09-30,81,2006-06-30,6752,1999-11-01,
CORT,0001088856,215,2010-12-31,81,2006-06-30,5635,2004-04-14,
CORZ,0001839341,103,2020-12-31,20,2021-09-30,657,2024-01-24,
COSO,0001297107,14,2024-06-30,38,2017-03-31,1655,2017-09-07,
COST,0000909832,343,2008-08-31,81,2006-05-31,6752,1999-11-01,
COTY,0001024305,229,2012-06-30,61,2011-06-30,3328,2013-06-13,
COUR,0001651562,112,2020-12-31,31,2018-12-31,1365,2021-03-31,
CPAY,0001175454,319,2009-12-31,54,2013-03-31,3954,2010-12-15,
CPB,0000016732,279,2008-08-03,81,2006-07-31,6752,1999-11-01,
CPF,0000701347,315,2010-06-30,81,2006-06-30,6752,1999-11-01,
CPK,0000019745,193,2009-12-31,81,2006-06-30,6752,1999-11-01,
CPNG,0001834584,54,2019-12-31,34,2017-12-31,1379,2021-03-11,
CPRI,0001530721,301,2010-04-03,69,2009-06-30,3701,2011-12-15,
CPRT,0000900075,327,2009-07-31,81,2006-04-30,6752,1999-11-01,
CPS,0001320461,305,2010-05-27,81,2006-06-30,4094,2010-05-27,
CPSS,0000889609,316,2010-06-30,81,2006-06-30,6752,1999-11-01,
CPT,0000906345,326,2008-12-31,81,2006-06-30,6752,1999-11-01,
CR,0001944013,77,2021-12-31,81,2006-06-30,863,2023-03-29,
CRAI,0001053706,321,2009-11-28,81,2006-06-30,6752,1999-11-01,
CRBG,0001889539,84,2021-12-31,23,2020-12-31,997,2022-09-15,
CRBP,0001595097,199,2013-12-31,54,2013-03-31,2971,2014-11-11,
CRBU,0001619856,107,2020-12-31,26,2020-03-31,1286,2021-07-23,
CRC,0001609253,224,2012-12-31,54,2013-03-31,1470,2020-10-28,
CRCL,0001876042,20,2023-12-31,10,2024-03-31,316,2025-06-04,
CRCT,0001828962,100,2019-12-31,28,2019-09-30,1369,2021-03-25,
CRD-A,0000025475,28,2007-12-31,81,2006-06-30,6752,1999-11-01,
CRDO,0001807794,108,2020-04-30,25,2020-07-31,1156,2022-01-27,
CRGY,0001866175,6,2025-04-30,26,2020-03-31,1190,2021-12-08,
CRH,0000849395,80,2017-12-31,81,2004-09-30,6752,1999-11-01,
CRI,0001060822,332,2009-10-03,81,2006-06-30,5752,2003-10-24,
CRK,0000023194,294,2008-12-31,81,2006-06-30,6752,1999-11-01,
CRL,0001100682,324,2009-12-26,81,2006-06-30,6589,2000-06-23,
CRM,0001108524,253,2008-01-31,81,2006-07-31,5587,2004-06-23,
CRMD,0001410098,235,2010-12-31,72,2007-12-31,4104,2010-05-13,
CRML,0001951089,2,2024-06-30,15,2021-12-31,634,2024-02-27,
CRNC,0001768267,145,2018-09-30,35,2017-12-31,1753,2019-09-16,
CRNX,0001658247,148,2017-12-31,39,2016-12-31,2042,2018-07-18,
CROX,0001334036,262,2010-12-31,81,2006-06-30,5176,2006-02-08,
CRS,0000017843,334,2008-06-30,81,2006-06-30,6752,1999-11-01,
CRSP,0001674416,204,2015-12-31,47,2014-12-31,2483,2016-10-19,
CRSR,0001743759,133,2018-12-31,37,2017-03-31,1495,2020-09-23,
CRUS,0000772406,225,2010-03-27,81,2006-06-30,6752,1999-11-01,
CRVL,0000874866,317,2010-03-31,81,2006-06-30,6752,1999-11-01,
CRVS,0001626971,176,2015-12-31,47,2014-12-31,2629,2016-03-23,
CRWD,0001535527,69,2019-01-31,35,2018-01-31,1819,2019-06-12,
CRWV,0001769628,22,2023-12-31,11,2023-12-31,362,2025-03-28,
CSCO,0000858877,352,2008-07-26,81,2006-07-31,6752,1999-11-01,
CSGP,0001057352,225,2009-12-31,81,2006-06-30,6752,1999-11-01,
CSIQ,0001375877,81,2009-12-31,81,2006-06-30,4985,2006-11-09,
CSL,0000790051,294,2009-12-31,81,2006-06-30,6752,1999-11-01,
CSR,0000798359,320,2010-04-30,81,2004-09-30,6752,1999-11-01,
CSTL,0001447362,153,2018-09-30,34,2018-03-31,1789,2019-07-25,
CSTM,0001563411,46,2017-12-31,58,2012-03-31,3342,2013-05-23,
CSV,0001016281,284,2009-12-31,81,2006-06-30,6752,1999-11-01,
CSW,0001624794,187,2014-03-31,49,2014-06-30,2748,2015-10-01,
CSX,0000277948,236,2007-12-28,81,2006-06-30,6752,1999-11-01,
CTAS,0000723254,324,2010-05-31,81,2006-05-31,6752,1999-11-01,
CTBI,0000350852,273,2008-12-31,81,2006-06-30,6752,1999-11-01,
CTEV,0001793229,126,2019-12-31,26,2020-03-31,1614,2020-04-03,
CTGO,0001502377,288,2010-06-30,67,2009-12-31,3892,2011-01-10,
CTKB,0001831915,115,2020-06-30,26,2020-03-31,1286,2021-07-23,
CTMX,0001501989,169,2014-12-31,51,2013-12-31,2743,2015-10-08,
CTNM,0001855175,36,2023-03-31,15,2022-12-31,607,2024-04-05,
CTO,0000023795,296,2010-12-31,81,2006-06-30,6752,1999-11-01,
CTOS,0001709682,147,2018-12-31,35,2017-09-30,618,2024-03-20,
CTRE,0001590717,257,2012-12-31,58,2011-12-31,3087,2014-05-29,
CTRI,0001981599,62,2023-01-01,14,2023-03-31,598,2024-04-18,
CTRN,0001318484,310,2010-01-30,81,2006-07-31,5359,2005-05-18,
CTS,0000026058,303,2010-07-04,81,2006-06-30,6752,1999-11-01,
CTSH,0001058290,352,2007-12-31,81,2006-06-30,6752,1999-11-01,
CTVA,0001755672,134,2017-08-31,38,2017-03-31,1831,2019-05-24,
CUBE,0001298675,312,2009-12-31,81,2006-06-30,5502,2004-10-22,
CUBI,0001488813,297,2010-06-30,66,2010-03-31,3657,2012-02-21,
CURB,0002027317,39,2022-12-31,12,2023-09-30,487,2024-09-26,
CURI,0001776909,127,2019-12-31,30,2019-03-31,1673,2020-01-08,
CURV,0001792781,112,2020-02-01,28,2019-01-31,1301,2021-07-01,
CUZ,0000025232,278,2009-12-31,81,2006-06-30,6752,1999-11-01,
CV,0001378325,35,2024-06-30,10,2024-03-31,297,2025-07-02,
CVBF,0000354647,320,2009-12-31,81,2006-06-30,6752,1999-11-01,
CVCO,0000278166,268,2010-03-31,81,2006-06-30,5833,2003-07-01,
CVEO,0001590584,258,2012-12-31,55,2012-12-31,3094,2014-05-19,
CVGI,0001290900,317,2009-12-31,81,2006-06-30,5555,2004-08-09,
CVI,0001376139,263,2009-12-31,81,2006-06-30,4747,2007-10-23,
CVLG,0000928658,130,2009-12-31,81,2006-06-30,6752,1999-11-01,
CVLT,0001169561,337,2009-03-31,81,2006-06-30,5019,2006-09-22,
CVNA,0001690820,35,2016-12-31,46,2015-03-31,2352,2017-04-28,
CVRX,0001235912,109,2020-06-30,26,2020-03-31,1302,2021-06-30,
CVS,0000064803,356,2007-12-29,81,2006-06-30,6752,1999-11-01,
CVSA,0000730464,286,2009-09-30,81,2006-06-30,6752,1999-11-01,
CVX,0000093410,290,2008-03-31,81,2006-06-30,6752,1999-11-01,
CW,0000026324,312,2009-06-30,81,2006-06-30,6752,1999-11-01,
CWBC,0001127371,306,2010-06-30,81,2006-06-30,6752,1999-11-01,
CWCO,0000928340,199,2009-12-31,81,2006-06-30,6752,1999-11-01,
CWEN,0001567683,84,2013-09-30,59,2011-12-31,3305,2013-07-17,
CWH,0001669779,42,2016-03-08,49,2014-06-30,2491,2016-10-07,
CWK,0001628369,167,2017-12-31,42,2016-03-31,2034,2018-08-02,
CWST,0000911177,114,2010-04-30,81,2006-06-30,6752,1999-11-01,
CWT,0001035201,285,2008-12-31,81,2006-06-30,6752,1999-11-01,
CXDO,0001075736,301,2010-03-31,81,2006-06-30,2467,2016-01-04,
CXM,0001569345,60,2020-01-31,27,2020-01-31,1307,2021-06-23,
CXT,0000025445,337,2008-12-31,22,2021-03-31,6752,1999-11-01,
CXW,0001070985,289,2009-12-31,81,2006-06-30,6752,1999-11-01,
CYH,0001108109,337,2008-12-31,81,2006-06-30,6599,2000-06-09,
CYRX,0001124524,261,2010-05-10,81,2006-06-30,4446,2009-01-02,
CYTK,0001061983,199,2009-12-31,81,2006-06-30,5624,2004-04-29,
CZFS,0000739421,248,2010-06-30,81,2006-06-30,6453,2001-01-02,
CZNC,0000810958,290,2010-12-31,81,2006-06-30,6752,1999-11-01,
CZR,0001590895,220,2012-12-31,81,2006-06-30,3007,2014-09-22,
CZWI,0001367859,245,2010-09-30,81,2006-06-30,5645,2004-03-30,
D,0000715957,272,2008-12-31,81,2006-06-30,6752,1999-11-01,
DAKT,0000915779,257,2010-05-01,81,2006-07-31,6752,1999-11-01,
DAL,0000027904,265,2008-12-31,81,2006-06-30,4867,2007-05-03,
DAN,0000026780,275,2009-12-31,81,2006-06-30,4699,2008-01-02,
DAR,0000916540,263,2010-01-02,81,2006-06-30,6752,1999-11-01,
DASH,0001792789,52,2019-12-31,30,2019-03-31,1441,2020-12-09,
DAVE,0001841408,44,2021-03-31,26,2020-03-31,1348,2021-04-26,
DBD,0000028823,325,2008-12-31,81,2005-06-30,768,2023-08-15,
DBI,0001319947,135,2010-01-30,81,2006-04-30,5330,2005-06-29,
DBRG,0001679688,96,2014-12-31,67,2009-09-30,3066,2014-06-27,
DBX,0001467623,62,2019-03-31,42,2016-03-31,2125,2018-03-23,
DC,0001852353,94,2021-03-31,25,2020-06-30,1109,2022-04-05,
DCH,0001062231,269,2009-12-31,81,2006-06-30,6752,1999-11-01,
DCI,0000029644,263,2009-07-31,81,2006-07-31,6752,1999-11-01,
DCO,0000030305,287,2009-12-31,81,2006-06-30,6752,1999-11-01,
DCOM,0000846617,309,2010-12-31,81,2006-06-30,6752,1999-11-01,
DCTH,0000872912,282,2010-12-31,81,2006-06-30,6126,2002-05-02,
DD,0001666700,163,2015-12-31,81,2006-06-30,6752,1999-11-01,
DDD,0000910638,220,2009-12-31,81,2006-06-30,6752,1999-11-01,
DDOG,0001561550,70,2017-12-31,34,2018-03-31,1750,2019-09-19,
DDS,0000028917,90,2010-01-30,81,2006-07-31,6752,1999-11-01,
DE,0000315189,300,2007-10-31,81,2006-07-31,6752,1999-11-01,
DEA,0001622194,231,2014-12-31,55,2012-12-31,2912,2015-02-06,
DEC,0001922446,27,2023-12-31,30,2013-06-30,681,2023-12-18,
DECK,0000910521,337,2008-12-31,81,2006-06-30,6752,1999-11-01,
DEI,0001364250,271,2008-12-31,81,2006-06-30,4996,2006-10-25,
DELL,0001571996,150,2015-05-01,54,2012-10-31,1936,2018-12-21,
DFH,0001825088,55,2019-12-31,27,2019-12-31,1413,2021-01-21,
DFIN,0001669811,195,2014-12-31,47,2014-12-31,2495,2016-10-03,
DFTX,0001813814,97,2021-06-30,38,2016-09-30,1044,2022-07-11,
DG,0000029534,228,2010-01-29,81,2006-07-31,4227,2009-11-13,
DGICA,0000800457,0,,81,2006-06-30,6380,2001-04-24,
DGII,0000854775,255,2009-09-30,81,2006-06-30,6752,1999-11-01,
DGX,0001022079,285,2008-06-30,81,2006-06-30,6752,1999-11-01,
DHC,0001075415,320,2008-12-31,81,2006-06-30,6674,2000-02-23,
DHI,0000882184,331,2007-09-30,81,2006-06-30,6752,1999-11-01,
DHR,0000313616,319,2007-12-31,81,2006-06-30,6752,1999-11-01,
DHT,0001331284,9,2017-12-31,81,2006-06-30,5256,2005-10-13,
DIBS,0001600641,117,2019-12-31,26,2020-03-31,1316,2021-06-10,
DIN,0000049754,325,2009-12-31,81,2006-06-30,6752,1999-11-01,
DINO,0001915657,92,2018-12-31,81,2006-06-30,6752,1999-11-01,
DIOD,0000029002,335,2008-12-31,81,2006-06-30,6752,1999-11-01,
DIS,0001744489,147,2016-10-01,81,2006-06-30,6752,1999-11-01,
DJCO,0000783412,168,2010-09-30,81,2006-06-30,6752,1999-11-01,
DJT,0001849635,72,2021-02-08,22,2021-03-31,1238,2021-09-30,
DK,0001694426,161,2015-12-31,81,2006-06-30,5117,2006-05-04,
DKNG,0001883685,46,2020-12-31,31,2018-12-31,1788,2019-07-25,
DKS,0001089063,144,2009-01-31,81,2006-07-31,6010,2002-10-16,
DLB,0001308547,142,2008-09-26,81,2006-06-30,5421,2005-02-17,
DLO,0001846832,5,2021-12-31,26,2020-03-31,1321,2021-06-03,
DLR,0001297996,323,2009-06-30,81,2006-06-30,5497,2004-10-29,
DLTR,0000935703,295,2009-01-31,81,2006-07-31,6752,1999-11-01,
DLX,0000027996,267,2009-12-31,81,2006-06-30,6752,1999-11-01,
DMAC,0001401040,117,2017-12-31,81,2006-06-30,4696,2008-01-04,
DMC,0001047340,337,2008-12-26,81,2006-06-30,6752,1999-11-01,
DMRA,0001800315,114,2019-12-31,26,2019-09-30,1469,2020-10-29,
DMRC,0002119322,9,2025-06-30,79,2006-12-31,6692,1999-12-02,
DNA,0001830214,91,2019-12-31,26,2020-03-31,1353,2021-04-19,
DNLI,0001714899,160,2017-12-31,43,2015-12-31,2196,2017-12-08,
DNOW,0001599617,261,2012-12-31,55,2012-12-31,3093,2014-05-20,
DNTH,0001690585,149,2017-12-31,38,2017-03-31,749,2023-09-12,
DNUT,0001857154,117,2019-12-29,45,2011-09-30,1301,2021-07-01,
DOC,0000765880,357,2007-12-31,81,2006-06-30,6751,1999-11-01,
DOCN,0001582961,120,2019-12-31,34,2017-12-31,1370,2021-03-24,
DOCS,0001516513,96,2020-03-31,27,2019-12-31,1306,2021-06-24,
DOCU,0001261333,127,2018-01-31,42,2016-04-30,2101,2018-04-27,
DOLE,0001857475,74,2019-12-31,56,2012-09-30,1281,2021-07-30,
DOMO,0001505952,48,2020-01-31,42,2016-04-30,2057,2018-06-29,
DORM,0000868780,315,2009-12-26,81,2006-06-30,6752,1999-11-01,
DOUG,0001878897,110,2019-12-31,26,2020-03-31,1175,2021-12-30,
DOV,0000029905,235,2007-12-31,81,2006-06-30,6752,1999-11-01,
DOW,0001751788,128,2016-12-31,67,2009-09-30,1877,2019-03-20,
DOX,0001062579,85,2007-09-30,81,2006-06-30,6752,1999-11-01,
DPZ,0001286681,231,2010-01-03,81,2006-06-30,5574,2004-07-13,
DRH,0001298946,331,2008-12-31,81,2006-06-30,5353,2005-05-26,
DRI,0000940944,244,2008-05-25,81,2006-05-31,6752,1999-11-01,
DRS,0001833756,109,2020-12-31,32,2018-03-31,945,2022-11-29,
DRUG,0001827401,4,2021-09-30,27,2019-12-31,1372,2021-03-22,
DRVN,0001804745,107,2019-12-28,28,2019-03-31,1416,2021-01-15,
DSGN,0001807120,110,2020-12-31,26,2020-03-31,1368,2021-03-26,
DSGR,0000703604,322,2010-06-30,81,2006-06-30,6752,1999-11-01,
DSP,0001828791,54,2019-12-31,30,2019-03-31,1399,2021-02-10,
DT,0001773383,143,2019-06-30,37,2017-06-30,1784,2019-08-01,
DTE,0000936340,352,2007-12-31,81,2006-06-30,6752,1999-11-01,
DTIL,0001357874,136,2018-12-31,35,2017-12-31,1871,2019-03-28,
DTM,0001842022,115,2019-12-31,26,2020-03-31,1301,2021-07-01,
DUK,0001326160,279,2007-12-31,81,2006-06-30,6752,1999-11-01,
DUOL,0001562088,43,2020-06-30,30,2019-03-31,1283,2021-07-28,
DUOT,0001396536,244,2010-12-31,78,2007-03-31,2863,2015-04-10,
DV,0001819928,122,2019-12-31,28,2019-09-30,1351,2021-04-21,
DVA,0000927066,363,2007-12-31,81,2006-06-30,6752,1999-11-01,
DVN,0001090012,257,2008-12-31,81,2006-06-30,6752,1999-11-01,
DX,0000826675,275,2009-12-31,81,2006-06-30,6752,1999-11-01,
DXC,0001688568,160,2016-04-01,81,2006-06-30,2412,2017-02-01,
DXCM,0001093557,275,2010-12-31,81,2006-06-30,5383,2005-04-14,
DXPE,0001020710,275,2009-12-31,81,2006-06-30,6752,1999-11-01,
DY,0000067215,312,2010-07-31,81,2006-07-31,6752,1999-11-01,
DYN,0001818794,72,2019-12-31,73,2007-06-30,1499,2020-09-17,
EAF,0000931148,292,2008-06-30,81,2006-06-30,2107,2018-04-19,
EAT,0000703351,332,2009-06-24,81,2006-06-30,6752,1999-11-01,
EBAY,0001065088,308,2007-12-31,81,2006-06-30,6752,1999-11-01,
EBC,0001810546,134,2018-12-31,30,2019-03-31,1479,2020-10-15,
EBF,0000033002,251,2010-02-28,81,2006-05-31,6752,1999-11-01,
EBMT,0001478454,312,2010-04-05,76,2007-09-30,6643,2000-04-06,
EBS,0001367644,317,2009-12-31,81,2006-06-30,4981,2006-11-15,
ECBK,0001914605,94,2021-09-30,22,2021-03-31,1031,2022-07-28,
ECG,0002015845,56,2022-12-31,14,2023-03-31,465,2024-10-28,
ECHO,0001415404,142,2008-12-31,79,2006-12-31,4699,2008-01-02,
ECL,0000031462,287,2007-12-31,81,2006-06-30,6752,1999-11-01,
ECPG,0001084961,317,2009-12-31,81,2006-06-30,6752,1999-11-01,
ECVT,0001708035,196,2015-12-31,42,2016-03-31,1279,2021-08-03,
ED,0001047862,221,2009-06-30,81,2006-06-30,6752,1999-11-01,
EDIT,0001650664,182,2015-12-31,50,2014-03-31,2663,2016-02-03,
EE,0001888447,42,2020-12-31,81,2005-12-31,1103,2022-04-13,
EEFT,0001029199,290,2008-12-31,81,2006-06-30,6752,1999-11-01,
EFC,0001411342,193,2010-12-31,74,2008-03-31,4001,2010-10-08,
EFOR,0000890564,291,2009-12-31,81,2006-06-30,6752,1999-11-01,
EFSC,0001025835,261,2010-12-31,81,2006-06-30,5824,2003-07-15,
EFSI,0000880641,261,2010-12-31,81,2006-06-30,2682,2016-01-04,
EFX,0000033185,342,2008-12-31,81,2006-06-30,6752,1999-11-01,
EG,0001095073,271,2009-12-31,81,2006-06-30,6752,1999-11-01,
EGAN,0001066194,263,2010-06-30,81,2006-06-30,6752,1999-11-01,
EGBN,0001050441,310,2010-12-31,81,2006-06-30,6752,1999-11-01,
EGHT,0001023731,233,2010-03-31,81,2006-06-30,6752,1999-11-01,
EGP,0000049600,335,2008-12-31,81,2006-06-30,6752,1999-11-01,
EGY,0000894627,291,2009-12-31,81,2006-06-30,6752,1999-11-01,
EHC,0000785161,230,2008-12-31,81,2006-06-30,2182,2017-12-29,
EIG,0001379041,329,2009-12-31,81,2006-06-30,4931,2007-01-31,
EIKN,0001861123,16,2025-03-31,7,2024-12-31,147,2026-02-05,
EIX,0000827052,350,2007-12-31,81,2006-06-30,6752,1999-11-01,
EL,0001001250,138,2009-06-30,81,2006-06-30,6752,1999-11-01,
ELA,0000701719,308,2010-06-30,81,2006-06-30,6752,1999-11-01,
ELAN,0001739104,170,2016-12-31,39,2016-12-31,2000,2018-09-20,
ELDN,0001404281,189,2013-12-31,52,2013-09-30,3010,2014-09-17,
ELE,0002086771,0,,35,2017-09-30,72,2026-05-26,
ELF,0001600033,212,2014-12-31,50,2014-03-31,2502,2016-09-22,
ELMD,0001488917,309,2010-09-30,70,2008-06-30,4040,2010-08-13,
ELMT,0002101698,14,2025-03-31,7,2024-12-31,94,2026-04-23,
ELS,0000895417,333,2008-12-31,81,2006-06-30,6752,1999-11-01,
ELTX,0001601485,125,2020-03-31,27,2019-12-31,1402,2021-02-05,
ELV,0001156039,360,2008-12-31,81,2006-06-30,6252,2001-10-30,
ELVN,0001672619,124,2019-12-31,30,2019-03-31,1630,2020-03-12,
EMBC,0001872789,99,2020-09-30,23,2020-12-31,1111,2022-04-01,
EME,0000105634,325,2009-12-31,81,2006-06-30,6752,1999-11-01,
EMN,0000915389,289,2008-12-31,81,2006-06-30,6752,1999-11-01,
EMR,0000032604,349,2008-09-30,81,2006-06-30,6752,1999-11-01,
ENOV,0001420800,313,2010-12-31,81,2006-06-30,4610,2008-05-08,
ENPH,0001463101,253,2011-12-31,70,2009-03-31,3629,2012-03-30,
ENR,0001632790,156,2013-09-30,52,2013-09-30,6627,2000-03-27,
ENS,0001289308,334,2009-03-31,81,2006-06-30,5560,2004-08-02,
ENSG,0001125376,311,2009-12-31,81,2006-06-30,4734,2007-11-09,
ENTA,0001177648,282,2011-09-30,61,2010-09-30,3386,2013-03-21,
ENTG,0001101302,314,2009-12-31,81,2006-06-30,6578,2000-07-11,
ENVA,0001529864,255,2012-12-31,67,2009-09-30,2969,2014-11-13,
ENVX,0001828318,118,2020-09-30,26,2020-03-31,1424,2021-01-05,
EOG,0000821189,293,2007-12-31,81,2006-06-30,6752,1999-11-01,
EOLS,0001570562,156,2017-12-31,43,2015-12-31,2155,2018-02-08,
EOSE,0001805077,129,2019-06-03,30,2019-03-31,1573,2020-06-03,
EPAC,0000006955,223,2009-08-31,81,2006-05-31,6569,2000-07-24,
EPAM,0001352010,295,2011-12-31,67,2009-12-31,3665,2012-02-08,
EPC,0001096752,292,2009-09-30,81,2006-06-30,6651,2000-03-27,
EPM,0001006655,299,2010-06-30,81,2006-03-31,6752,1999-11-01,
EPR,0001045450,273,2008-12-31,81,2006-06-30,6752,1999-11-01,
EPRT,0001728951,165,2018-06-30,39,2016-12-31,2063,2018-06-21,
EPSN,0001726126,158,2018-03-31,78,2007-03-31,2549,2016-01-04,
EQBK,0001227500,122,2013-12-31,51,2013-12-31,2719,2015-11-11,
EQH,0001333986,181,2016-12-31,42,2016-03-31,2092,2018-05-10,
EQIX,0001101239,292,2008-12-31,81,2006-06-30,6555,2000-08-11,
EQT,0000033213,285,2008-06-30,81,2006-06-30,6752,1999-11-01,
ERAS,0001761918,107,2020-12-31,26,2020-03-31,1291,2021-07-16,
ERIE,0000922621,1,2021-06-30,81,2006-06-30,6752,1999-11-01,
ERII,0001421517,270,2009-12-31,81,2006-06-30,4573,2008-07-02,
ES,0000072741,311,2009-12-31,81,2006-06-30,6752,1999-11-01,
ESAB,0001877322,91,2020-12-31,22,2021-03-31,1114,2022-03-29,
ESCA,0000033488,313,2010-07-10,81,2006-06-30,6752,1999-11-01,
ESE,0000866706,265,2008-09-30,81,2006-06-30,6752,1999-11-01,
ESI,0001590714,218,2013-06-30,58,2012-03-31,3237,2013-10-22,
ESNT,0001448893,244,2013-12-31,57,2011-12-31,3230,2013-10-31,
ESOA,0001357971,318,2010-06-30,79,2006-12-31,3455,2012-11-16,
ESP,0000033533,306,2010-06-30,81,2006-03-31,6752,1999-11-01,
ESQ,0001531031,197,2015-12-31,46,2015-03-31,2311,2017-06-27,
ESRT,0001541401,102,2013-12-31,64,2009-12-31,3251,2013-10-02,
ESS,0000920522,337,2008-12-31,81,2006-06-30,6752,1999-11-01,
ESTA,0001688757,153,2017-09-30,39,2016-12-31,2044,2018-07-19,
ESTC,0001707753,114,2018-04-30,41,2016-07-31,1989,2018-10-05,
ETD,0000896156,252,2010-06-30,81,2006-06-30,6752,1999-11-01,
ETN,0001551182,219,2010-12-31,81,2006-06-30,6752,1999-11-01,
ETON,0001710340,145,2017-12-31,37,2017-06-30,1962,2018-11-13,
ETR,0000065984,283,2007-12-31,81,2006-06-30,6752,1999-11-01,
ETSY,0001370637,231,2013-12-31,54,2013-03-31,2865,2015-04-16,
EU,0001500881,51,2022-12-31,66,2010-03-31,2825,2014-08-18,
EVC,0001109116,127,2010-06-30,81,2006-06-30,6562,2000-08-02,
EVCM,0001853145,117,2019-12-31,26,2020-03-31,1301,2021-07-01,
EVER,0001640428,58,2018-09-30,56,2012-03-31,2058,2018-06-28,
EVEX,0001823652,101,2020-12-31,23,2020-12-31,1422,2021-01-07,
EVGO,0001821159,45,2021-07-01,27,2019-12-31,1453,2020-11-20,
EVH,0001628908,149,2013-12-31,54,2013-03-31,2830,2015-06-05,
EVI,0000065312,204,2011-06-30,81,2006-03-31,6752,1999-11-01,
EVLV,0001805385,112,2020-09-30,26,2020-03-31,1496,2020-09-22,
EVMN,0002044725,30,2024-09-30,10,2024-03-31,208,2025-11-06,
EVR,0001360901,132,2009-12-31,81,2006-06-30,5047,2006-08-14,
EVRG,0001711269,140,2016-12-31,81,2006-06-30,2076,2018-06-04,
EVTC,0001559865,281,2011-12-31,60,2010-12-31,3371,2013-04-12,
EW,0001099800,337,2008-12-31,81,2006-06-30,6651,2000-03-27,
EWBC,0001069157,279,2009-12-31,81,2006-06-30,6752,1999-11-01,
EWTX,0001710072,114,2020-12-31,26,2020-03-31,1368,2021-03-26,
EXC,0001109357,275,2008-06-30,81,2006-06-30,6752,1999-11-01,
EXE,0000895126,297,2007-12-31,81,2006-06-30,1399,2021-02-10,
EXEL,0000939767,289,2009-12-31,81,2006-06-30,6636,2000-04-17,
EXLS,0001297989,312,2009-12-31,81,2006-06-30,4999,2006-10-20,
EXP,0000918646,337,2009-03-31,81,2006-06-30,6752,1999-11-01,
EXPD,0000746515,357,2007-12-31,81,2006-06-30,6752,1999-11-01,
EXPE,0001324424,183,2008-12-31,81,2006-06-30,5315,2005-07-21,
EXPO,0000851520,255,2010-01-01,81,2006-06-30,6752,1999-11-01,
EXR,0001289490,337,2008-12-31,81,2006-06-30,5550,2004-08-16,
EXTR,0001078271,312,2010-06-27,81,2006-06-30,6752,1999-11-01,
EYE,0001710155,197,2016-01-02,46,2015-03-31,2226,2017-10-26,
EYPT,0001314102,259,2010-06-30,81,2006-06-30,5433,2005-01-27,
F,0000037996,149,2007-12-31,81,2006-06-30,6752,1999-11-01,
FA,0001210677,119,2019-12-31,53,2003-03-31,1307,2021-06-23,
FAF,0001472787,270,2008-12-31,71,2008-12-31,4093,2010-05-28,
FANG,0001539838,276,2011-12-31,64,2009-12-31,3493,2012-10-12,
FAST,0000815556,351,2008-12-31,81,2006-06-30,6752,1999-11-01,
FBIN,0001519751,260,2010-12-31,66,2010-03-31,3764,2011-09-16,
FBIZ,0001521951,307,2010-12-31,81,2006-06-30,5260,2005-10-07,
FBK,0001649749,212,2014-12-31,50,2014-03-31,2506,2016-09-16,
FBLA,0002013639,46,2023-12-31,14,2023-03-31,468,2024-10-23,
FBNC,0000811589,323,2009-12-31,81,2006-06-30,6752,1999-11-01,
FBP,0001057706,307,2010-12-31,81,2006-06-30,6752,1999-11-01,
FBRT,0001562528,272,2012-12-31,53,2013-03-31,1225,2021-10-19,
FBRX,0001419041,134,2016-12-31,0,,2356,2017-04-13,
FBYD,0001937987,26,2022-12-31,22,2021-03-31,731,2023-10-06,
FC,0000886206,251,2010-08-31,81,2006-05-31,6752,1999-11-01,
FCAP,0001070296,273,2010-12-31,81,2006-06-30,6752,1999-11-01,
FCBC,0000859070,291,2009-12-31,81,2006-06-30,6752,1999-11-01,
FCCO,0000932781,308,2010-12-31,81,2006-06-30,6752,1999-11-01,
FCEL,0000886128,315,2009-10-31,81,2006-07-31,6752,1999-11-01,
FCF,0000712537,328,2009-06-30,81,2006-06-30,6752,1999-11-01,
FCFS,0000840489,219,2010-12-31,81,2006-06-30,6752,1999-11-01,
FCN,0000887936,315,2009-12-31,81,2006-06-30,6752,1999-11-01,
FCNCA,0000798941,89,2009-12-31,81,2006-06-30,6752,1999-11-01,
FCPT,0001650132,219,2014-12-31,51,2013-12-31,2720,2015-11-10,
FCX,0000831259,240,2007-12-31,81,2006-06-30,6752,1999-11-01,
FDBC,0001098151,309,2010-12-31,81,2006-06-30,6447,2001-01-02,
FDMT,0001650648,103,2019-12-31,34,2018-03-31,1439,2020-12-11,
FDS,0001013237,332,2008-08-31,81,2006-05-31,6752,1999-11-01,
FDX,0001048911,275,2009-05-31,81,2006-05-31,6752,1999-11-01,
FDXF,0002082247,9,2024-05-31,8,2024-08-31,71,2026-05-27,
FE,0001031296,291,2007-12-31,81,2006-06-30,6752,1999-11-01,
FEIM,0000039020,294,2010-07-31,81,2006-04-30,6752,1999-11-01,
FELE,0000038725,259,2010-01-02,81,2006-06-30,6752,1999-11-01,
FENC,0001211583,315,2010-06-30,81,2006-06-30,3016,2014-09-09,
FER,0001468522,2,2024-12-31,69,2009-03-31,800,2023-06-29,
FERG,0002011641,53,2022-07-31,54,2012-10-31,4108,2010-01-05,
FET,0001401257,242,2010-12-31,64,2010-09-30,3621,2012-04-12,
FF,0001337298,315,2009-12-31,81,2006-06-30,3887,2011-03-23,
FFBC,0000708955,259,2009-12-31,81,2006-06-30,6752,1999-11-01,
FFIN,0000036029,266,2009-06-30,81,2006-06-30,6752,1999-11-01,
FFIV,0001048695,337,2008-09-30,81,2006-06-30,6752,1999-11-01,
FG,0001934850,91,2020-05-31,39,2016-03-31,949,2022-11-22,
FGBI,0001408534,209,2009-12-31,76,2007-09-30,6457,2001-01-02,
FHB,0000036377,215,2014-12-31,66,2001-09-30,2536,2016-08-04,
FHN,0000036966,287,2008-03-31,81,2006-06-30,6752,1999-11-01,
FHTX,0001822462,124,2019-12-31,34,2017-12-31,1473,2020-10-23,
FIBK,0000860413,177,2010-12-31,81,2006-06-30,4139,2010-03-24,
FICO,0000814547,337,2008-09-30,81,2006-06-30,6752,1999-11-01,
FIG,0001579878,20,2023-12-31,12,2023-09-30,277,2025-07-31,
FIGR,0002064124,18,2023-12-31,10,2024-03-31,248,2025-09-11,
FIGS,0001846576,60,2019-12-31,26,2020-03-31,1325,2021-05-27,
FINW,0001856365,100,2021-03-31,24,2020-03-31,1202,2021-11-19,
FIP,0001899883,96,2020-12-31,22,2021-03-31,1031,2022-07-21,
FIS,0001136893,287,2007-12-31,81,2006-06-30,6340,2001-06-20,
FISI,0000862831,261,2009-12-31,81,2006-06-30,6752,1999-11-01,
FISV,0000798354,287,2007-12-31,81,2006-06-30,6752,1999-11-01,
FITB,0000035527,285,2008-12-31,81,2006-06-30,6752,1999-11-01,
FIVE,0001177609,303,2011-01-29,62,2011-04-30,3553,2012-07-19,
FIVN,0001288847,244,2013-12-31,58,2012-03-31,3124,2014-04-04,
FIX,0001035983,305,2009-12-31,81,2006-06-30,6752,1999-11-01,
FIZZ,0000069891,254,2009-05-02,81,2006-04-30,6752,1999-11-01,
FJET,0001947016,30,2024-09-30,8,2024-09-30,179,2025-12-18,
FLEX,0000866374,357,2008-03-31,81,2006-06-30,6752,1999-11-01,
FLG,0000910073,344,2008-12-31,81,2006-06-30,6752,1999-11-01,
FLGT,0001674930,202,2016-03-31,46,2015-03-31,2497,2016-09-29,
FLNC,0001868941,40,2021-12-31,24,2020-09-30,1218,2021-10-28,
FLNG,0001772253,42,2017-12-31,73,2008-06-30,1816,2019-06-17,
FLO,0001128928,271,2009-01-03,81,2006-06-30,6752,1999-11-01,
FLOC,0002035149,18,2022-12-31,13,2023-06-30,411,2025-01-16,
FLR,0001124198,359,2007-12-31,81,2006-06-30,6477,2000-12-01,
FLS,0000030625,271,2008-12-31,81,2006-06-30,6752,1999-11-01,
FLUT,0001635327,50,2017-12-31,16,2022-09-30,1900,2017-10-05,
FLWS,0001084869,111,2010-06-27,81,2006-03-31,6752,1999-11-01,
FLXS,0000037472,277,2010-06-30,81,2006-06-30,6752,1999-11-01,
FLY,0001860160,37,2023-12-31,10,2024-03-31,272,2025-08-07,
FLYW,0001580560,90,2020-09-30,26,2020-03-31,1326,2021-05-26,
FLYX,0001843973,26,2024-03-31,21,2021-06-30,1290,2021-07-19,
FMAO,0000792966,246,2009-12-31,81,2006-06-30,5474,2004-11-23,
FMBH,0000700565,272,2010-12-31,81,2006-06-30,6752,1999-11-01,
FMC,0000037785,273,2008-12-31,81,2006-06-30,6752,1999-11-01,
FMNB,0000709337,280,2010-12-31,81,2006-06-30,6752,1999-11-01,
FN,0001408710,312,2010-06-25,81,2006-06-30,4074,2010-06-25,
FNB,0000037808,264,2009-12-31,81,2006-06-30,6752,1999-11-01,
FND,0001507079,139,2015-12-31,58,2012-03-31,2353,2017-04-27,
FNF,0001331875,242,2008-12-31,81,2006-06-30,5255,2005-10-14,
FNKO,0001704711,74,2017-04-21,45,2015-06-30,2221,2017-11-02,
FNLC,0000765207,313,2008-12-31,81,2006-06-30,6752,1999-11-01,
FNRN,0001114927,307,2010-12-31,81,2006-06-30,6452,2001-01-02,
FOA,0001828937,70,2019-06-30,30,2019-03-31,1856,2019-04-18,
FOR,0001406587,271,2009-12-31,81,2006-06-30,4711,2007-12-13,
FORM,0001039399,298,2010-12-25,81,2006-06-30,5846,2003-06-12,
FOSL,0000883569,324,2009-01-03,81,2006-06-30,6752,1999-11-01,
FOUR,0001794669,17,2020-06-04,30,2019-03-31,1571,2020-06-05,
FOX,0001754301,61,2018-03-31,56,2009-09-30,1882,2019-03-13,
FOXA,0001754301,61,2018-03-31,81,2006-06-30,1883,2019-03-12,
FOXF,0001424929,277,2011-12-31,59,2011-12-31,3289,2013-08-08,
FPI,0001591670,250,2013-12-31,56,2011-12-31,3119,2014-04-11,
FPS,0002080126,2,2026-03-31,7,2024-09-30,147,2026-02-05,
FR,0000921825,307,2008-12-31,81,2006-06-30,6752,1999-11-01,
FRAF,0000723646,309,2010-12-31,81,2006-06-30,6448,2001-01-02,
FRBA,,0,,59,2007-06-30,4892,2007-03-28,
FRD,0000039092,238,2010-06-30,81,2006-06-30,6752,1999-11-01,
FRHC,0000924805,257,2011-02-10,81,2006-06-30,2241,2017-10-03,
FRME,0000712534,309,2010-06-30,81,2006-06-30,6752,1999-11-01,
FRMI,0002071778,25,2025-03-31,6,2025-03-31,234,2025-10-01,
FROG,0001800667,120,2019-12-31,32,2018-09-30,1500,2020-09-16,
FRPH,0000844059,277,2009-09-30,81,2006-06-30,6752,1999-11-01,
FRPT,0001611647,257,2012-12-31,58,2012-03-31,2973,2014-11-07,
FRSH,0001544522,51,2019-12-31,46,2014-06-30,1244,2021-09-22,
FRST,0001325670,310,2010-12-31,81,2006-06-30,4991,2006-11-01,
FRT,0000034903,325,2008-12-31,81,2006-06-30,6752,1999-11-01,
FSBC,0001275168,118,2020-06-30,41,2016-06-30,1342,2021-05-04,
FSBW,0001530249,284,2011-12-31,64,2007-12-31,3560,2012-07-10,
FSLR,0001274494,358,2007-12-29,81,2006-06-30,4979,2006-11-17,
FSLY,0001517413,107,2018-12-31,34,2018-03-31,1836,2019-05-17,
FSS,0000277509,268,2010-06-30,81,2006-06-30,6752,1999-11-01,
FSTR,0000352825,302,2010-12-31,81,2006-06-30,6752,1999-11-01,
FSUN,0001709442,111,2019-12-31,25,2020-03-31,1027,2022-08-03,
FTAI,0001590364,247,2013-12-31,55,2012-12-31,2844,2015-05-15,
FTDR,0001727263,170,2016-12-31,39,2016-12-31,1993,2018-10-01,
FTI,0001681459,205,2015-12-31,81,2006-06-30,6344,2001-06-14,
FTK,0000928054,317,2009-12-31,81,2006-06-30,5311,2005-07-27,
FTNT,0001262039,317,2009-12-31,78,2007-03-31,4224,2009-11-18,
FTRE,0001965040,59,2021-12-31,18,2022-03-31,795,2023-07-07,
FTV,0001659166,213,2014-12-31,48,2013-12-31,2559,2016-07-01,
FUBO,0001484769,241,2009-02-28,61,2011-06-30,2186,2017-11-30,
FUL,0000039368,290,2008-11-29,81,2006-05-31,6752,1999-11-01,
FULC,0001680581,133,2018-12-31,34,2018-03-31,1794,2019-07-18,
FULT,0000700564,263,2009-12-31,81,2006-06-30,6752,1999-11-01,
FUN,0001999001,52,2023-07-02,81,2006-06-30,6752,1999-11-01,
FUNC,0000763907,249,2010-12-31,81,2006-06-30,6752,1999-11-01,
FVCB,0001675644,170,2017-09-30,57,2012-06-30,3225,2013-11-07,
FVR,0001988494,40,2023-12-31,15,2022-09-30,483,2024-10-02,
FWDI,0000038264,313,2010-06-30,81,2005-12-31,6752,1999-11-01,
FWONA,0001560385,36,2011-12-31,58,2012-03-31,3434,2013-01-10,
FWONK,0001560385,36,2011-12-31,58,2012-03-31,3060,2014-07-08,
FWRD,0000912728,338,2008-12-31,81,2006-06-30,6752,1999-11-01,
FWRG,0001789940,112,2019-12-29,26,2020-03-31,1237,2021-10-01,
FXNC,0000719402,286,2010-12-31,81,2006-06-30,6448,2001-01-02,
G,0001398659,334,2008-12-31,81,2006-06-30,4804,2007-08-02,
GABC,0000714395,303,2010-12-31,81,2006-06-30,6752,1999-11-01,
GALT,0001133416,234,2010-12-31,81,2006-06-30,6037,2002-09-09,
GAP,0000039911,363,2008-02-02,81,2006-07-31,6752,1999-11-01,
GATX,0000040211,337,2008-12-31,81,2006-06-30,6752,1999-11-01,
GBCI,0000868671,288,2009-06-30,81,2006-06-30,6752,1999-11-01,
GBFH,0001791145,40,2024-03-31,26,2020-03-31,1394,2021-02-18,
GBTG,0001820872,63,2022-06-30,25,2020-03-31,1452,2020-11-23,
GBX,0000923120,249,2010-05-12,81,2006-05-31,6752,1999-11-01,
GCBC,0001070524,305,2010-09-30,81,2006-06-30,6752,1999-11-01,
GCMG,0001819796,62,2018-12-31,30,2019-03-31,1455,2020-11-18,
GCO,0000018498,272,2010-01-30,81,2006-07-31,6752,1999-11-01,
GCT,0001857816,39,2020-12-31,26,2020-03-31,1016,2022-08-18,
GD,0000040533,240,2008-12-31,81,2006-06-30,6752,1999-11-01,
GDDY,0001609711,78,2013-12-31,58,2012-03-31,2875,2015-04-01,
GDOT,0001386278,232,2008-12-31,72,2008-06-30,4056,2010-07-22,
GDYN,0001743725,142,2018-12-31,32,2018-09-30,1969,2018-10-30,
GE,0000040545,264,2008-12-31,81,2006-06-30,6752,1999-11-01,
GEF,0000043920,0,,81,2006-04-30,6752,1999-11-01,
GEF-B,0000043920,0,,81,2006-04-30,5765,2003-10-07,
GEHC,0001932393,72,2021-12-31,22,2021-03-31,921,2023-01-04,
GEMI,0002055592,18,2023-12-31,11,2023-12-31,247,2025-09-12,
GEN,0000849399,314,2008-03-28,81,2006-06-30,6752,1999-11-01,
GENB,0002100782,16,2025-03-31,4,2025-03-31,132,2026-02-27,
GENC,0000064472,149,2010-09-30,81,2006-06-30,5824,2003-07-15,
GENI,0001834489,31,2018-09-07,28,2018-12-31,1351,2021-04-21,
GEO,0000923796,337,2008-12-28,81,2006-06-30,6752,1999-11-01,
GERN,0000886744,154,2010-12-31,81,2006-06-30,6752,1999-11-01,
GEV,0001996810,55,2022-12-31,14,2023-03-31,613,2024-03-27,
GEVO,0001392380,244,2010-12-31,71,2008-12-31,3916,2011-02-09,
GFF,0000050725,243,2009-09-30,81,2006-06-30,6752,1999-11-01,
GFL,0001780232,0,,34,2018-03-31,1637,2020-03-03,
GFS,0001709048,5,2021-12-31,26,2020-03-31,1218,2021-10-28,
GGG,0000042888,150,2009-12-25,81,2006-06-30,6752,1999-11-01,
GH,0001576280,150,2017-12-31,39,2016-12-31,1990,2018-10-04,
GHC,0000104889,138,2008-12-28,81,2006-06-30,6752,1999-11-01,
GHM,0000716314,303,2010-03-31,81,2006-06-30,6752,1999-11-01,
GIC,0000945114,227,2009-12-31,81,2006-06-30,6752,1999-11-01,
GIII,0000821002,253,2010-01-31,81,2006-07-31,6752,1999-11-01,
GILD,0000882095,357,2007-12-31,81,2006-06-30,6752,1999-11-01,
GIS,0000040704,273,2009-05-31,81,2006-05-31,6752,1999-11-01,
GKOS,0001192448,227,2014-09-30,54,2013-03-31,2816,2015-06-25,
GL,0000320335,304,2008-12-31,81,2006-06-30,6752,1999-11-01,
GLIBA,0002057463,9,2025-07-14,61,2006-09-30,997,2018-03-12,
GLIBK,0002057463,9,2025-07-14,61,2006-09-30,289,2025-07-15,
GLNG,0001207179,123,2009-12-31,81,2006-06-30,5824,2003-07-15,
GLOB,0001557860,9,2017-12-31,58,2012-03-31,3052,2014-07-18,
GLPI,0001575965,253,2011-12-31,59,2011-12-31,3243,2013-10-14,
GLRE,0001385613,178,2009-12-31,81,2006-06-30,4852,2007-05-24,
GLSI,0001799788,104,2019-12-31,31,2018-12-31,1493,2020-09-25,
GLUE,0001826457,105,2020-12-31,26,2020-03-31,1306,2021-06-24,
GLW,0000024741,268,2008-12-31,81,2006-06-30,6752,1999-11-01,
GLXY,0001859392,24,2021-04-23,81,2005-09-30,328,2025-05-16,
GM,0001467858,309,2010-06-30,81,2006-06-30,3972,2010-11-18,
GME,0001326380,347,2008-02-02,81,2006-04-30,6180,2002-02-13,
GMED,0001237831,251,2010-12-31,63,2010-12-31,3542,2012-08-03,
GNE,0001528356,122,2010-07-31,68,2009-09-30,3736,2011-10-26,
GNK,0001326200,339,2008-12-31,81,2006-06-30,3031,2014-08-18,
GNL,0001526113,252,2011-12-31,58,2012-03-31,2833,2015-06-02,
GNRC,0001474735,252,2010-06-30,78,2007-03-31,4167,2010-02-11,
GNTX,0000355811,231,2009-12-31,81,2006-06-30,6752,1999-11-01,
GNW,0001276520,358,2007-12-31,81,2006-06-30,5606,2004-05-25,
GO,0001771515,151,2017-12-30,34,2018-03-31,1813,2019-06-20,
GOGO,0001537054,211,2012-12-31,64,2009-12-31,3322,2013-06-21,
GOLD,0001591588,264,2012-06-30,56,2012-09-30,191,2025-12-02,
GOLF,0001672013,183,2014-12-31,50,2014-03-31,2476,2016-10-28,
GOOD,0001234006,319,2009-12-31,81,2006-06-30,5802,2003-08-14,
GOOG,0001652044,116,2014-12-31,81,2006-06-30,3130,2014-03-27,
GOOGL,0001652044,116,2014-12-31,81,2006-06-30,5547,2004-08-19,
GPC,0000040987,338,2007-12-31,81,2006-06-30,6752,1999-11-01,
GPGI,0001823144,47,2021-12-27,23,2020-12-31,1454,2020-11-19,
GPI,0001031203,255,2009-12-31,81,2006-06-30,6752,1999-11-01,
GPK,0001408075,315,2009-12-31,81,2006-06-30,6752,1999-11-01,
GPN,0001123360,335,2010-05-31,81,2006-06-30,6448,2001-01-16,
GPOR,0000874499,321,2009-12-31,81,2006-03-31,1331,2021-05-19,
GPRE,0001309402,315,2009-12-31,81,2006-06-30,5152,2006-03-15,
GPRO,0001500435,101,2012-12-31,58,2012-03-31,3067,2014-06-26,
GRAL,0001699031,59,2023-01-01,16,2019-09-30,552,2024-06-25,
GRBK,0001373670,282,2007-06-30,78,2007-03-31,4838,2007-06-14,
GRC,0000042682,205,2009-12-31,81,2006-06-30,6752,1999-11-01,
GRDN,0001802255,0,,26,2018-12-31,487,2024-09-26,
GRMN,0001121788,350,2008-06-28,81,2006-06-30,6472,2000-12-08,
GRND,0001820144,88,2021-12-31,24,2020-09-30,1417,2021-01-14,
GRNT,0001928446,72,2020-12-31,22,2021-03-31,1463,2020-11-06,
GRPN,0001490281,236,2009-12-31,66,2010-03-31,3729,2011-11-04,
GS,0000886982,363,2007-11-30,81,2006-06-30,6752,1999-11-01,
GSAT,0001366868,136,2009-12-31,81,2006-06-30,4989,2006-11-02,
GSBC,0000854560,305,2010-12-31,81,2006-06-30,6752,1999-11-01,
GSHD,0001726978,67,2018-06-30,38,2017-03-31,2101,2018-04-27,
GSIT,0001126741,319,2010-03-31,81,2006-06-30,4891,2007-03-29,
GSM,0001639877,9,2017-12-31,49,2014-03-31,4302,2009-07-30,
GT,0000042582,271,2008-12-31,81,2006-06-30,6752,1999-11-01,
GTES,0001718512,114,2016-12-31,50,2012-09-30,35,2026-07-20,
GTLB,0001653482,50,2020-01-31,26,2020-04-30,1228,2021-10-14,
GTM,0001794515,73,2021-12-31,31,2018-12-31,1572,2020-06-04,
GTN,0000043196,180,2009-12-31,81,2006-06-30,6042,2002-08-30,
GTX,0001735707,163,2016-12-31,38,2017-03-31,2003,2018-09-17,
GTXI,,0,,0,,5487,2004-02-03,
GTY,0001052752,291,2009-12-31,81,2006-06-30,6752,1999-11-01,
GVA,0000861459,341,2008-12-31,81,2006-06-30,6752,1999-11-01,
GWRE,0001528396,248,2010-07-31,69,2009-07-31,3675,2012-01-25,
GWRS,0001434728,182,2014-12-31,70,2008-12-31,2604,2016-04-28,
GWW,0000277135,288,2007-12-31,81,2006-06-30,6752,1999-11-01,
GXO,0001852244,115,2019-12-31,26,2020-03-31,1287,2021-07-22,
GYRE,0001124105,258,2009-12-31,81,2006-06-30,5131,2006-04-12,
H,0001468174,145,2009-12-31,74,2008-03-31,4233,2009-11-05,
HAE,0000313143,335,2009-03-28,81,2006-06-30,6752,1999-11-01,
HAFC,0001109242,317,2009-12-31,81,2006-06-30,6752,1999-11-01,
HAL,0000045012,305,2007-12-31,81,2006-06-30,6752,1999-11-01,
HALO,0001159036,296,2010-06-30,81,2006-06-30,5655,2004-03-16,
HAPN,0001409970,282,2011-03-31,6,2025-03-31,2950,2014-12-11,
HAS,0000046080,263,2009-06-28,81,2006-06-30,6752,1999-11-01,
HASI,0001561894,275,2012-09-30,60,2011-09-30,3367,2013-04-18,
HAYW,0001834622,117,2019-12-31,30,2018-12-31,1378,2021-03-12,
HBAN,0000049196,311,2008-12-31,81,2006-06-30,6752,1999-11-01,
HBB,0001709164,84,2015-12-31,43,2015-12-31,2248,2017-09-26,
HBCP,0001436425,309,2010-12-31,79,2006-12-31,4505,2008-10-08,
HBNC,0000706129,305,2010-12-31,81,2006-06-30,6219,2001-12-17,
HBT,0000775215,144,2018-12-31,34,2018-03-31,1734,2019-10-11,
HCA,0000860730,255,2009-12-31,81,2006-06-30,3896,2011-03-10,
HCC,0001691303,195,2016-04-01,43,2015-12-31,2365,2017-04-10,
HCI,0001400810,307,2010-12-31,78,2007-03-31,4522,2008-09-15,
HCKT,0001057379,259,2010-01-01,81,2006-06-30,6752,1999-11-01,
HCSG,0000731012,325,2008-12-31,81,2006-06-30,6752,1999-11-01,
HD,0000354950,357,2008-02-03,81,2006-07-31,6752,1999-11-01,
HDSN,0000925528,314,2010-06-30,81,2006-06-30,6752,1999-11-01,
HE,0000354707,337,2008-12-31,81,2006-06-30,6752,1999-11-01,
HEI,0000046619,233,2008-10-31,81,2006-07-31,6752,1999-11-01,
HEI-A,0000046619,233,2008-10-31,81,2006-07-31,2684,2016-01-04,
HELE,0000916789,312,2010-02-28,81,2006-05-31,6752,1999-11-01,
HFWA,0001046025,304,2009-12-31,81,2006-06-30,6752,1999-11-01,
HG,0001593275,88,2020-11-30,18,2022-03-31,706,2023-11-10,
HGV,0001674168,202,2015-12-31,47,2014-12-31,2431,2017-01-04,
HHH,0001981792,74,2021-12-31,74,2008-03-31,3981,2010-11-05,
HIFS,,0,,81,2006-06-30,6752,1999-11-01,
HIG,0000874766,293,2007-12-31,81,2006-06-30,6752,1999-11-01,
HII,0001501585,319,2009-12-31,70,2009-03-31,3888,2011-03-22,
HIMS,0001773751,56,2019-06-30,30,2019-03-31,1754,2019-09-13,
HIPO,0001828105,108,2020-09-30,26,2020-03-31,1279,2021-08-03,
HIW,0000921082,332,2008-12-31,81,2006-06-30,6752,1999-11-01,
HL,0000719413,291,2008-12-31,81,2006-06-30,6752,1999-11-01,
HLF,0001180262,276,2008-12-31,81,2006-06-30,5464,2004-12-16,
HLI,0001302215,100,2014-03-31,50,2014-03-31,2782,2015-08-13,
HLIO,0001024795,264,2010-01-02,81,2006-06-30,6752,1999-11-01,
HLIT,0000851310,325,2008-12-31,81,2006-06-30,6752,1999-11-01,
HLLY,0001822928,112,2020-09-27,26,2020-03-31,1002,2022-09-08,
HLMN,0001822492,134,2018-12-31,28,2019-09-30,1445,2020-12-03,
HLNE,0001433642,1,2017-03-05,46,2015-03-31,2393,2017-03-01,
HLT,0001585689,247,2012-12-31,81,2001-12-31,3201,2013-12-12,
HLX,0000866829,271,2008-12-31,81,2006-06-30,6749,1999-11-01,
HMH,0002021880,12,2025-03-31,8,2024-09-30,109,2026-04-01,
HMN,0000850141,257,2009-12-31,81,2006-06-30,6752,1999-11-01,
HNGE,0001673743,28,2023-12-31,13,2023-06-30,324,2025-05-22,
HNI,0000048287,268,2009-01-03,81,2006-06-30,6752,1999-11-01,
HNRG,0000788965,227,2010-06-30,81,2006-06-30,6752,1999-11-01,
HNST,0001530979,122,2019-12-31,26,2020-03-31,1342,2021-05-04,
HNVR,0001828588,120,2020-03-31,42,2016-03-31,1084,2022-05-11,
HOG,0000793952,232,2008-12-31,81,2006-06-30,6752,1999-11-01,
HOLX,,0,,0,,6647,1999-11-01,
HOMB,0001331520,309,2010-12-31,81,2006-06-30,5082,2006-06-23,
HON,0000773840,278,2008-12-31,81,2006-06-30,6752,1999-11-01,
HONA,0002089271,1,2026-07-25,4,2025-03-31,49,2026-06-29,
HOOD,0001783879,60,2019-12-31,30,2019-03-31,1282,2021-07-29,
HOPE,0001128361,309,2010-12-31,81,2006-06-30,6752,1999-11-01,
HOV,0000357294,133,2009-10-31,81,2006-07-31,6752,1999-11-01,
HP,0000046765,355,2007-09-30,81,2006-06-30,6752,1999-11-01,
HPE,0001645590,226,2013-10-31,52,2013-10-31,2736,2015-10-19,
HPK,0001792849,120,2020-09-30,30,2019-03-31,1516,2020-08-24,
HPP,0001482512,221,2010-12-31,71,2008-12-31,4075,2010-06-24,
HPQ,0000047217,357,2007-10-31,81,2006-07-31,6752,1999-11-01,
HQI,0001140102,302,2010-06-25,81,2006-06-30,6098,2002-06-06,
HQY,0001428336,258,2013-01-31,58,2012-04-30,3043,2014-07-31,
HR,0001360604,258,2009-12-31,81,2006-06-30,6752,1999-11-01,
HRB,0000012659,288,2009-01-31,81,2006-06-30,6752,1999-11-01,
HRI,0001364479,334,2008-12-31,75,2007-03-31,4980,2006-11-16,
HRL,0000048465,140,2008-10-26,81,2006-07-31,6752,1999-11-01,
HRMY,0001802665,130,2019-09-30,30,2019-03-31,1519,2020-08-19,
HROW,0001360214,256,2007-12-31,81,2006-06-30,4764,2007-09-28,
HRTG,0001598665,257,2012-12-31,54,2013-03-31,3090,2014-05-23,
HRTX,0000818033,135,2010-12-31,81,2006-06-30,6752,1999-11-01,
HSHP,0001959455,37,2021-12-31,20,2021-06-30,967,2022-10-25,
HSIC,0001000228,276,2008-12-27,81,2006-06-30,6752,1999-11-01,
HST,0001070750,301,2008-12-31,81,2006-06-30,6752,1999-11-01,
HSTM,0001095565,310,2009-12-31,81,2006-06-30,6640,2000-04-11,
HSY,0000047111,120,2008-06-29,81,2006-06-30,6752,1999-11-01,
HTB,0001538263,284,2012-03-31,64,2010-09-30,3555,2012-07-11,
HTFL,0001464521,37,2023-12-31,10,2024-03-31,271,2025-08-08,
HTH,0001265131,317,2009-12-31,81,2006-06-30,5673,2004-02-19,
HTLD,0000799233,331,2008-12-31,81,2006-06-30,6752,1999-11-01,
HTO,0000766829,312,2009-12-31,81,2006-06-30,6752,1999-11-01,
HTZ,0001657853,212,2014-12-31,81,2006-06-30,1301,2021-07-01,
HUBB,0000048898,205,2009-12-31,81,2006-06-30,2689,2015-12-24,
HUBG,0000940942,136,2008-12-31,81,2005-09-30,6752,1999-11-01,
HUBS,0001404655,190,2012-12-31,54,2013-03-31,2994,2014-10-09,
HUM,0000049071,275,2008-12-31,81,2006-06-30,6752,1999-11-01,
HUN,0001307954,332,2008-12-31,81,2006-06-30,5424,2005-02-14,
HURN,0001289848,267,2008-12-31,81,2006-06-30,5509,2004-10-13,
HUT,0001964789,78,2021-06-30,55,2012-12-31,2102,2018-03-08,
HVT,0000216085,19,2010-06-30,81,2006-06-30,6752,1999-11-01,
HWBK,0000893847,265,2010-12-31,81,2006-06-30,6752,1999-11-01,
HWC,0000750577,327,2009-06-30,81,2006-06-30,6455,2001-01-02,
HWKN,0000046250,317,2010-03-28,81,2006-06-30,6752,1999-11-01,
HWM,0000004281,283,2008-12-31,81,2006-06-30,6752,1999-11-01,
HXL,0000717605,289,2008-12-31,81,2006-06-30,6752,1999-11-01,
HY,0001173514,124,2010-12-31,81,2002-12-31,3502,2012-10-01,
HYLN,0001759631,127,2019-12-31,31,2018-12-31,1853,2019-04-22,
HYMC,0001718405,139,2019-06-30,47,2012-09-30,2124,2018-03-12,
HYPR,0001833769,44,2021-03-31,26,2020-03-31,1409,2021-01-27,
HZO,0001057060,316,2009-09-30,81,2006-06-30,6752,1999-11-01,
IA,0000836690,259,2009-09-30,0,,6560,2000-08-04,
IART,0000917520,271,2008-12-31,81,2006-06-30,6752,1999-11-01,
IBCP,0000039311,243,2010-12-31,81,2006-06-30,6457,2001-01-02,
IBEX,0001720420,61,2021-06-30,33,2016-06-30,1527,2020-08-07,
IBKR,0001381197,150,2008-12-31,81,2006-06-30,4866,2007-05-04,
IBM,0000051143,302,2007-12-31,81,2006-06-30,6752,1999-11-01,
IBOC,0000315709,271,2008-12-31,81,2006-06-30,6752,1999-11-01,
IBP,0001580905,254,2013-12-31,56,2012-09-30,3159,2014-02-13,
IBRX,0001326110,176,2015-07-31,45,2015-06-30,2794,2015-07-28,
IBTA,0001538379,39,2022-12-31,18,2022-03-31,598,2024-04-18,
ICE,0001571949,273,2011-12-31,81,2006-06-30,5232,2005-11-16,
ICFI,0001362004,317,2009-12-31,81,2006-06-30,5015,2006-09-28,
ICHR,0001652535,208,2015-12-25,50,2014-03-31,2447,2016-12-09,
ICUI,0000883984,358,2007-12-31,81,2006-06-30,6752,1999-11-01,
IDA,0001057877,264,2008-12-31,81,2006-06-30,6752,1999-11-01,
IDCC,0001405495,331,2008-12-31,81,2006-06-30,6752,1999-11-01,
IDN,0001040896,290,2009-12-31,81,2006-06-30,6738,1999-11-19,
IDR,0001030192,235,2010-06-30,81,2006-06-30,3891,2011-02-23,
IDT,0001005731,126,2010-07-31,81,2006-04-30,6364,2001-05-16,
IDXX,0000874716,309,2008-12-31,81,2006-06-30,6752,1999-11-01,
IDYA,0001676725,132,2018-12-31,34,2018-03-31,1832,2019-05-23,
IE,0001879016,95,2021-06-30,22,2021-03-31,1052,2022-06-28,
IESC,0001048268,318,2009-09-30,81,2006-06-30,6752,1999-11-01,
IEX,0000832101,271,2008-12-31,81,2006-06-30,6752,1999-11-01,
IFF,0000051253,335,2009-06-30,81,2006-06-30,6752,1999-11-01,
IHRT,0001400891,159,2009-12-31,75,2007-06-30,1838,2019-05-07,
III,0001371489,317,2009-12-31,78,2007-03-31,4923,2007-02-12,
IIIN,0000764401,223,2009-10-03,81,2006-06-30,6752,1999-11-01,
IIIV,0001728688,65,2018-06-30,40,2016-09-30,2063,2018-06-21,
IIPR,0001677576,193,2016-12-31,41,2016-03-31,2453,2016-12-01,
IKT,0001750149,112,2020-08-25,34,2017-03-31,1431,2020-12-23,
ILMN,0001110803,238,2008-12-28,81,2006-06-30,6565,2000-07-28,
ILPT,0001717307,176,2016-12-31,46,2015-03-31,2173,2018-01-12,
IMAX,0000921582,332,2008-12-31,81,2006-06-30,6752,1999-11-01,
IMKTA,0000050493,0,,81,2006-06-30,6752,1999-11-01,
IMMR,0001058811,299,2010-06-30,81,2006-06-30,6743,1999-11-12,
IMMX,0001873835,98,2020-12-31,26,2020-03-31,1184,2021-12-16,
IMNM,0001472012,120,2019-12-31,30,2019-03-31,1488,2020-10-02,
IMRX,0001790340,51,2020-06-30,26,2020-03-31,1281,2021-07-30,
IMVT,0001764013,142,2018-12-31,33,2018-06-30,1686,2019-12-19,
IMXI,0001683695,198,2015-12-31,38,2017-03-31,2375,2017-03-27,
INBK,0001562463,170,2012-03-31,75,2005-06-30,5457,2004-12-28,
INBX,0002007919,58,2023-06-30,34,2017-12-31,570,2024-05-29,
INCY,0000879169,315,2009-12-31,81,2006-06-30,6752,1999-11-01,
INDB,0000776901,304,2009-12-31,81,2006-06-30,6752,1999-11-01,
INDI,0001841925,50,2020-06-30,27,2019-12-31,1316,2021-06-10,
INDV,0001625297,42,2021-12-31,19,2021-12-31,2835,2014-12-29,
INFQ,0002007825,26,2024-03-31,9,2024-03-31,140,2026-02-17,
INFU,0001337013,315,2009-12-31,81,2006-06-30,4702,2007-12-27,
INGM,0001897762,46,2022-12-31,51,2013-12-31,467,2024-10-24,
INGN,0001294133,264,2012-12-31,56,2012-09-30,3157,2014-02-14,
INGR,0001046257,282,2008-12-31,81,2006-06-30,6752,1999-11-01,
INN,0001497645,303,2011-06-30,70,2009-03-31,3916,2011-02-09,
INNV,0001834376,111,2020-03-31,38,2016-12-31,1384,2021-03-04,
INOD,0000903651,317,2009-12-31,81,2006-06-30,6752,1999-11-01,
INR,0002029118,20,2023-12-31,14,2023-03-31,401,2025-01-31,
INSE,0001615063,205,2014-09-30,48,2014-09-30,2434,2016-12-29,
INSG,0001022652,267,2009-12-31,81,2006-06-30,6484,2000-11-21,
INSM,0001104506,314,2009-12-31,81,2006-06-30,6605,2000-06-01,
INSP,0001609550,156,2017-12-31,42,2016-03-31,2097,2018-05-03,
INSW,0001679049,214,2014-12-31,47,2014-12-31,2453,2016-12-01,
INTA,0001565687,106,2020-06-30,28,2019-09-30,1302,2021-06-30,
INTC,0000050863,352,2007-12-29,81,2006-06-30,6752,1999-11-01,
INTT,0001036262,252,2010-06-30,81,2006-06-30,6752,1999-11-01,
INTU,0000896878,228,2008-07-31,81,2006-07-31,6752,1999-11-01,
INV,0002001557,41,2023-09-30,15,2022-12-31,482,2024-10-03,
INVA,0001080014,275,2009-12-31,81,2006-06-30,5515,2004-10-05,
INVH,0001687229,154,2016-12-31,47,2014-12-31,2412,2017-02-01,
INVX,0001042893,338,2008-12-31,40,2016-09-30,6752,1999-11-01,
IONQ,0001824920,104,2020-12-31,26,2020-03-31,1425,2021-01-04,
IONS,0000874015,331,2008-12-31,81,2006-06-30,6752,1999-11-01,
IOSP,0001054905,255,2009-12-31,81,2006-06-30,6752,1999-11-01,
IOT,0001642896,44,2021-01-30,24,2020-10-31,1185,2021-12-15,
IOVA,0001425205,233,2010-12-31,74,2008-03-31,3996,2010-10-15,
IP,0000051434,284,2008-06-30,81,2006-06-30,6752,1999-11-01,
IPAR,0000822663,260,2009-12-31,81,2006-06-30,6752,1999-11-01,
IPGP,0001111928,318,2009-12-31,81,2006-06-30,4962,2006-12-13,
IPI,0001421461,271,2008-12-31,79,2006-12-31,4623,2008-04-22,
IPSC,0001850119,114,2020-06-30,28,2015-12-31,1310,2021-06-18,
IQV,0001478242,270,2010-12-31,62,2011-03-31,3352,2013-05-09,
IR,0001699150,169,2015-12-31,81,2006-06-30,2342,2017-05-12,
IRD,0001228627,243,2010-12-31,26,2020-03-31,5355,2005-05-23,
IRDM,0001418819,289,2009-12-31,75,2007-03-31,4645,2008-03-20,
IREN,0001878848,23,2023-06-30,28,2019-09-30,1204,2021-11-17,
IRM,0001020569,343,2008-12-31,81,2006-06-30,6752,1999-11-01,
IRMD,0001325618,255,2013-06-30,55,2012-12-31,3054,2014-07-16,
IRON,0001816736,112,2020-12-31,26,2020-03-31,1524,2020-08-12,
IRT,0001466085,317,2009-12-31,68,2009-06-30,3286,2013-08-13,
IRTC,0001388658,175,2015-12-31,47,2014-12-31,2482,2016-10-20,
IRWD,0001446847,179,2009-12-31,72,2007-12-31,4173,2010-02-03,
ISBA,0000842517,294,2010-12-31,81,2006-06-30,4812,2007-07-13,
ISRG,0001035267,346,2007-12-31,81,2006-06-30,6594,2000-06-16,
ISTR,0001602658,256,2011-12-31,55,2012-12-31,3064,2014-07-01,
IT,0000749251,271,2008-12-31,81,2006-06-30,6752,1999-11-01,
ITGR,0001114483,317,2010-01-01,81,2006-06-30,6521,2000-09-29,
ITIC,0000720858,315,2010-06-30,81,2006-06-30,6752,1999-11-01,
ITRI,0000780571,290,2008-12-31,81,2006-06-30,6752,1999-11-01,
ITT,0000216228,358,2007-12-31,81,2006-06-30,6752,1999-11-01,
ITW,0000049826,303,2008-06-30,81,2006-06-30,6752,1999-11-01,
IVR,0001437071,317,2009-12-31,70,2009-03-31,4322,2009-07-01,
IVT,0001307748,266,2010-12-31,81,2006-06-30,3120,2014-02-24,
IVVD,0001832038,112,2020-12-31,25,2020-06-30,1276,2021-08-06,
IVZ,0000914208,329,2008-12-31,81,2006-06-30,6752,1999-11-01,
J,0000052988,348,2008-09-26,81,2006-06-30,6752,1999-11-01,
JACK,0000807882,278,2008-09-28,81,2006-06-30,6752,1999-11-01,
JAKK,0001009829,316,2009-12-31,81,2006-06-30,6752,1999-11-01,
JAN,0002100805,8,2025-03-31,4,2025-03-31,111,2026-03-30,
JANX,0001817713,111,2020-06-30,26,2020-03-31,1315,2021-06-11,
JAZZ,0001232524,232,2009-12-31,81,2006-06-30,4847,2007-06-01,
JBGS,0001689796,176,2016-12-31,43,2015-12-31,2297,2017-07-18,
JBHT,0000728535,239,2008-12-31,81,2006-06-30,6752,1999-11-01,
JBI,0001839839,108,2020-06-27,26,2020-03-31,1685,2019-12-20,
JBIO,0001798749,107,2020-12-31,12,2023-09-30,1302,2021-06-30,
JBL,0000898293,326,2009-08-31,81,2006-05-31,6752,1999-11-01,
JBLU,0001158463,328,2009-12-31,81,2006-06-30,6140,2002-04-12,
JBS,0001791942,0,,49,2014-06-30,309,2025-06-13,
JBSS,0000880117,134,2010-06-24,81,2006-06-30,6752,1999-11-01,
JBTM,0001433660,314,2009-12-31,78,2007-03-31,4560,2008-07-22,
JCAP,0002046042,27,2024-12-31,30,2015-06-30,301,2025-06-26,
JCI,0000833444,267,2007-09-28,81,2006-06-30,6752,1999-11-01,
JEF,0000096223,292,2008-12-31,81,2006-05-31,6752,1999-11-01,
JHX,0001159152,87,2009-03-31,81,2006-06-30,6709,2000-01-03,
JILL,0001687932,197,2016-01-30,49,2014-04-30,2387,2017-03-09,
JJSF,0000785956,313,2009-09-26,81,2006-06-30,6752,1999-11-01,
JKHY,0000779152,266,2009-06-30,81,2006-06-30,6752,1999-11-01,
JLL,0001037976,336,2008-12-31,81,2006-06-30,6752,1999-11-01,
JMSB,0001710482,62,2021-03-31,55,2012-12-31,3211,2013-11-21,
JNJ,0000200406,287,2007-12-30,81,2006-06-30,6752,1999-11-01,
JOBY,0001819848,107,2020-12-31,24,2020-09-30,1462,2020-11-09,
JOE,0000745308,258,2009-12-31,81,2006-06-30,6752,1999-11-01,
JOUT,0000788329,67,2010-07-02,81,2006-06-30,6752,1999-11-01,
JPM,0000019617,306,2007-12-31,81,2006-06-30,6752,1999-11-01,
JRVR,0001620459,244,2013-12-31,72,2003-12-31,2949,2014-12-12,
JXN,0001822993,107,2019-12-31,26,2020-03-31,1258,2021-09-01,
KAI,0000886346,255,2010-01-02,81,2006-06-30,6752,1999-11-01,
KALU,0000811596,334,2008-12-31,81,2006-06-30,5073,2006-07-07,
KBH,0000795266,208,2009-11-30,81,2006-05-31,6752,1999-11-01,
KBR,0001357615,355,2007-12-31,81,2006-06-30,4980,2006-11-16,
KD,0001867072,88,2019-12-31,27,2019-12-31,1222,2021-10-22,
KDP,0001418135,350,2008-05-07,81,2006-06-30,4619,2008-04-28,
KE,0001606757,216,2013-06-30,57,2012-06-30,2977,2014-11-03,
KEEL,0001812477,31,2021-12-31,34,2018-03-31,1911,2018-08-28,
KELYA,0000055135,132,2010-01-03,81,2006-06-30,6752,1999-11-01,
KEX,0000056047,263,2009-12-31,81,2006-06-30,6751,1999-11-01,
KEY,0000091576,290,2007-12-31,81,2006-06-30,6752,1999-11-01,
KEYS,0001601046,201,2013-10-31,56,2012-10-31,2987,2014-10-20,
KFRC,0000930420,266,2009-12-31,81,2006-06-30,6752,1999-11-01,
KFY,0000056679,332,2009-04-30,81,2006-04-30,6752,1999-11-01,
KGEI,0001477081,3,2023-12-31,20,2021-09-30,4475,2008-10-27,
KGS,0001767042,76,2021-12-31,18,2022-03-31,800,2023-06-29,
KHC,0001637459,245,2012-10-01,81,2006-06-30,2810,2015-07-06,
KIDS,0001425450,156,2016-12-31,45,2014-12-31,2236,2017-10-12,
KIM,0000879101,357,2007-12-31,81,2006-06-30,6749,1999-11-01,
KINS,0000033992,313,2010-06-30,81,2006-06-30,6752,1999-11-01,
KKR,0001404912,110,2011-08-03,71,2008-12-31,4061,2010-07-15,
KLAC,0000319201,236,2009-06-30,81,2006-06-30,6752,1999-11-01,
KLC,0001873529,52,2022-12-31,24,2020-03-31,478,2024-10-09,
KLIC,0000056978,317,2009-10-03,81,2006-06-30,6752,1999-11-01,
KLRA,0002096997,16,2025-03-31,4,2025-03-31,98,2026-04-17,
KLTR,0001432133,103,2020-06-30,31,2018-12-31,1288,2021-07-21,
KMB,0000055785,319,2008-12-31,81,2006-06-30,6752,1999-11-01,
KMI,0001506307,231,2013-12-31,81,2006-06-30,3914,2011-02-11,
KMPR,0000860748,323,2009-12-31,81,2006-06-30,6752,1999-11-01,
KMT,0000055242,267,2009-06-30,81,2006-06-30,6752,1999-11-01,
KMTS,0001877184,38,2024-04-30,12,2020-07-31,378,2025-03-06,
KMX,0001170010,331,2009-02-28,81,2006-05-31,6752,1999-11-01,
KN,0001587523,230,2012-12-31,58,2011-12-31,3158,2014-02-14,
KNF,0001955520,81,2021-12-31,18,2022-03-31,819,2023-06-01,
KNSA,0001730430,46,2019-12-31,39,2016-12-31,2082,2018-05-24,
KNSL,0001669162,203,2015-09-30,47,2014-12-31,2541,2016-07-28,
KNTK,0001692787,79,2016-12-31,37,2017-06-30,2349,2017-05-02,
KNX,0001492691,207,2009-12-31,81,2006-06-30,6752,1999-11-01,
KO,0000021344,283,2007-12-31,81,2006-06-30,6752,1999-11-01,
KOD,0001468748,142,2017-12-31,39,2016-12-31,1990,2018-10-04,
KODK,0000031235,254,2009-06-30,81,2006-06-30,3258,2013-09-23,
KOP,0001315257,294,2008-12-31,81,2006-06-30,5181,2006-02-01,
KOPN,0000771266,290,2009-12-26,81,2006-06-30,6752,1999-11-01,
KOS,0001509991,245,2010-12-31,68,2008-12-31,3853,2011-05-11,
KPTI,0001503802,203,2012-12-31,58,2011-12-31,3226,2013-11-06,
KR,0000056873,283,2008-02-02,81,2006-04-30,6752,1999-11-01,
KRC,0001025996,319,2008-12-31,81,2006-06-30,6752,1999-11-01,
KREF,0001631596,200,2015-12-31,46,2015-03-31,2347,2017-05-05,
KRG,0001286043,319,2009-12-31,81,2006-06-30,5553,2004-08-11,
KRMD,0000704440,313,2011-02-28,81,2006-06-30,6750,1999-11-01,
KRMN,0002040127,45,2022-12-31,11,2023-12-31,392,2025-02-13,
KRNY,0001617242,242,2013-06-30,81,2006-06-30,5417,2005-02-24,
KRO,0001257640,132,2010-12-31,81,2006-06-30,5721,2003-12-09,
KROS,0001664710,130,2019-12-31,30,2019-03-31,1611,2020-04-08,
KRRO,0001703647,118,2018-12-31,28,2019-09-30,710,2023-11-06,
KRT,0001758021,120,2020-03-31,34,2017-12-31,1355,2021-04-15,
KRUS,0001772177,64,2018-08-31,33,2018-05-31,1784,2019-08-01,
KRYS,0001711279,160,2016-12-31,41,2016-06-30,2252,2017-09-20,
KSS,0000885639,237,2008-08-02,81,2006-07-31,6752,1999-11-01,
KTB,0001760965,135,2017-12-30,34,2018-03-31,1841,2019-05-09,
KTOS,0001069258,307,2009-12-27,81,2006-06-30,6748,1999-11-05,
KURA,0001422143,232,2010-12-31,69,2008-12-31,2723,2015-11-05,
KVHI,0001007587,314,2009-12-31,81,2006-06-30,6752,1999-11-01,
KVUE,0001944048,83,2022-01-02,19,2021-12-31,838,2023-05-04,
KVYO,0001835830,34,2021-12-31,18,2022-03-31,743,2023-09-20,
KWR,0000081362,268,2010-12-31,81,2006-06-30,6752,1999-11-01,
KWY,0001072627,278,2011-03-31,6,2025-03-31,6752,1999-11-01,
KYMR,0001815442,118,2019-12-31,28,2019-09-30,1517,2020-08-21,
KYTX,0001994702,60,2023-03-31,15,2022-12-31,646,2024-02-08,
L,0000060086,284,2008-06-30,81,2006-06-30,6752,1999-11-01,
LAD,0001023128,195,2009-12-31,81,2006-06-30,6752,1999-11-01,
LADR,0001577670,99,2014-03-31,58,2011-12-31,3164,2014-02-06,
LAMR,0001090425,140,2008-12-31,81,2006-06-30,6752,1999-11-01,
LAND,0001495240,214,2012-12-31,61,2010-12-31,3422,2013-01-29,
LARK,0001141688,282,2010-12-31,81,2006-06-30,6752,1999-11-01,
LASR,0001124796,180,2016-12-31,42,2016-03-31,2102,2018-04-26,
LAUR,0000912766,135,2015-12-31,81,2000-09-30,2412,2017-02-01,
LAW,0001625641,116,2020-06-30,26,2020-03-31,1288,2021-07-21,
LAZ,0001311370,217,2008-12-31,81,2006-06-30,5368,2005-05-05,
LBRT,0001694028,68,2018-03-31,43,2015-12-31,2174,2018-01-11,
LBRX,0001691082,30,2024-09-30,10,2024-03-31,248,2025-09-11,
LBTYA,0001570585,75,2013-09-30,81,2006-06-30,5600,2004-06-03,
LBTYK,0001570585,75,2013-09-30,81,2006-06-30,5281,2005-09-08,
LCID,0001811210,118,2019-12-31,26,2020-03-31,1498,2020-09-18,
LCII,0000763744,279,2009-12-31,81,2006-06-30,6752,1999-11-01,
LCNB,0001074902,281,2009-12-31,81,2006-06-30,6752,1999-11-01,
LCTX,0000876343,271,2010-12-31,81,2006-06-30,6752,1999-11-01,
LCUT,0000874396,287,2010-12-31,81,2006-06-30,6752,1999-11-01,
LDI,0001831631,35,2021-03-31,32,2015-03-31,1398,2021-02-11,
LDOS,0001336920,332,2009-01-31,81,2005-09-30,5004,2006-10-13,
LE,0000799288,265,2013-02-01,81,1996-04-30,3135,2014-03-20,
LEA,0000842162,257,2009-12-31,81,2006-06-30,4231,2009-11-09,
LECO,0000059527,249,2008-12-31,81,2006-06-30,6752,1999-11-01,
LEE,0000058361,202,2009-09-27,81,2006-06-30,6752,1999-11-01,
LEG,0000058492,220,2009-06-30,0,,6746,1999-11-01,
LEGH,0001436208,159,2018-03-31,35,2017-12-31,1941,2018-12-14,
LEN,0000920760,110,2009-11-30,81,2006-05-31,6752,1999-11-01,
LEN-B,0000920760,110,2009-11-30,81,2006-05-31,5881,2003-04-23,
LENZ,0001815776,108,2020-12-31,26,2020-03-31,1305,2021-06-25,
LEU,0001065059,204,2008-12-31,81,2006-06-30,6752,1999-11-01,
LFCR,0001005286,315,2010-05-30,81,2006-02-28,6752,1999-11-01,
LFMD,0000948320,266,2012-12-31,58,2012-03-31,6450,2001-01-02,
LFST,0001845257,107,2019-12-31,26,2020-03-31,1316,2021-06-10,
LFUS,0000889331,267,2010-01-02,81,2006-06-30,6752,1999-11-01,
LGIH,0001580670,259,2013-07-09,58,2011-12-31,3225,2013-11-07,
LGN,0002052568,8,2025-09-30,10,2024-03-31,247,2025-09-12,
LGND,0000886163,314,2009-12-31,81,2006-06-30,6752,1999-11-01,
LH,0000920148,318,2007-12-31,81,2006-06-30,6752,1999-11-01,
LHX,0000202058,344,2008-06-27,81,2006-06-30,6752,1999-11-01,
LIF,0001581760,97,2020-12-31,16,2022-09-30,564,2024-06-06,
LII,0001069202,263,2008-12-31,81,2006-06-30,6752,1999-11-01,
LILA,0001712184,60,2018-09-30,50,2014-03-31,2811,2015-07-02,
LILAK,0001712184,60,2018-09-30,50,2014-03-31,2811,2015-07-02,
LIN,0001707925,153,2016-12-31,81,2006-06-30,1993,2018-10-01,
LINC,0001286613,317,2009-12-31,81,2006-06-30,5334,2005-06-23,
LIND,0001512499,257,2012-12-31,57,2012-03-31,2807,2015-07-09,
LINE,0001868159,57,2022-12-31,65,2007-03-31,531,2024-07-25,
LION,0002052959,37,2023-03-31,81,2004-09-30,337,2025-05-05,
LITE,0001633978,233,2014-06-28,53,2013-06-30,2789,2015-08-04,
LIVN,0001639691,244,2013-04-26,81,2006-06-30,2736,2015-10-19,
LKFN,0000721994,317,2009-12-31,81,2006-06-30,6752,1999-11-01,
LKQ,0001065696,335,2009-06-30,81,2006-06-30,5767,2003-10-03,
LLY,0000059478,205,2008-12-31,81,2006-06-30,6752,1999-11-01,
LLYVA,0002078416,7,2025-10-31,14,2021-12-31,181,2025-12-16,
LLYVK,0002078416,7,2025-10-31,14,2021-12-31,181,2025-12-16,
LMAT,0001158895,260,2009-12-31,81,2006-06-30,5000,2006-10-19,
LMB,0001606163,228,2014-04-30,49,2014-06-30,2672,2016-01-21,
LMND,0001691421,131,2019-12-31,34,2018-03-31,1552,2020-07-02,
LMNR,0001342423,314,2009-10-31,71,2008-10-31,6245,2001-11-08,
LMRI,0002071288,16,2025-03-31,7,2024-12-31,184,2025-12-11,
LMT,0000936468,238,2008-12-31,81,2006-06-30,6752,1999-11-01,
LNC,0000059558,333,2008-12-31,81,2006-06-30,6752,1999-11-01,
LNG,0000003570,290,2010-06-30,81,2006-06-30,6752,1999-11-01,
LNN,0000836157,250,2010-08-31,81,2006-05-31,6752,1999-11-01,
LNT,0000352541,235,2008-12-31,81,2006-06-30,6752,1999-11-01,
LNTH,0001521036,233,2014-09-30,55,2012-12-31,2816,2015-06-25,
LOAR,0002000178,58,2023-03-31,18,2022-03-31,593,2024-04-25,
LOB,0001462120,119,2013-12-31,51,2013-12-31,2797,2015-07-23,
LOCO,0001606366,259,2012-12-26,58,2012-03-31,3047,2014-07-25,
LODE,0001120970,308,2010-06-30,81,2006-06-30,5903,2003-03-18,
LOPE,0001434588,322,2009-12-31,81,2006-06-30,4474,2008-11-20,
LOVE,0001701758,150,2018-02-04,41,2016-04-30,2059,2018-06-27,
LOW,0000060667,357,2008-08-01,81,2006-07-31,6752,1999-11-01,
LPG,0001596993,236,2014-03-31,54,2012-03-31,3101,2014-05-08,
LPLA,0001397911,254,2009-12-31,81,2006-06-30,3972,2010-11-18,
LPTH,0000889971,294,2011-06-30,81,2006-03-31,6752,1999-11-01,
LPX,0000060519,259,2009-12-31,81,2006-06-30,6752,1999-11-01,
LQDA,0001819576,119,2019-12-31,39,2016-12-31,2039,2018-07-26,
LQDT,0001235468,315,2009-09-30,81,2006-06-30,5164,2006-02-27,
LRCX,0000707549,332,2009-06-28,81,2006-06-30,6752,1999-11-01,
LRMR,0001374690,193,2013-12-31,48,2014-06-30,3072,2014-06-19,
LRN,0001157408,312,2010-06-30,81,2006-06-30,4711,2007-12-13,
LSCC,0000855658,302,2010-01-02,81,2006-06-30,6752,1999-11-01,
LSTR,0000853816,262,2008-12-27,81,2006-06-30,6752,1999-11-01,
LTBR,0001084554,257,2010-06-30,81,2006-06-30,6474,2000-11-13,
LTC,0000887905,317,2009-12-31,81,2006-06-30,6752,1999-11-01,
LTH,0001869198,112,2019-12-31,26,2020-03-31,1233,2021-10-07,
LTRX,0001114925,169,2010-12-31,81,2006-06-30,6560,2000-08-04,
LUCD,0001799011,102,2020-12-31,28,2018-12-31,1228,2021-10-14,
LULU,0001397187,337,2009-02-01,81,2006-07-31,4808,2007-07-27,
LUMN,0000018926,339,2007-12-31,81,2006-06-30,6752,1999-11-01,
LUNR,0001844452,31,2021-12-31,21,2021-03-31,1204,2021-11-17,
LUV,0000092380,243,2007-12-31,81,2006-06-30,6752,1999-11-01,
LVS,0001300514,337,2007-12-31,81,2006-06-30,5465,2004-12-15,
LVWR,0001898795,91,2020-12-31,23,2020-12-31,990,2022-09-26,
LW,0001679273,177,2015-05-31,45,2015-05-31,2467,2016-11-10,
LWAY,0000814586,278,2010-06-30,81,2006-06-30,6752,1999-11-01,
LWLG,0001325964,222,2010-12-31,78,2006-03-31,4809,2007-07-13,
LXEO,0001907108,70,2022-09-30,18,2022-03-31,711,2023-11-03,
LXFR,0001096056,135,2016-12-31,67,2009-12-31,3500,2012-10-03,
LXP,0000910108,310,2009-03-31,81,2006-06-30,6752,1999-11-01,
LXRX,0001062822,156,2011-08-04,81,2006-06-30,6642,2000-04-07,
LXU,0000060714,230,2009-12-31,81,2006-06-30,6752,1999-11-01,
LYB,0001489393,137,2010-12-31,74,2008-03-31,4115,2010-04-28,
LYEL,0001806952,113,2019-12-31,26,2020-03-31,1311,2021-06-17,
LYFT,0001759509,64,2018-12-31,34,2018-03-31,1870,2019-03-29,
LYTS,0000763532,259,2008-06-30,81,2006-06-30,6752,1999-11-01,
LYV,0001335258,200,2009-12-31,81,2006-06-30,5208,2005-12-21,
LZ,0001286139,115,2019-12-31,30,2011-03-31,1302,2021-06-30,
LZB,0000057131,259,2010-04-24,81,2006-07-31,6752,1999-11-01,
LZM,0001958217,2,2023-12-31,19,2021-06-30,797,2023-07-05,
M,0000794367,244,2008-02-02,81,2006-04-30,6752,1999-11-01,
MA,0001141391,152,2007-12-31,81,2006-06-30,5102,2006-05-25,
MAA,0000912595,275,2008-12-31,81,2006-06-30,6752,1999-11-01,
MAC,0000912242,337,2008-12-31,81,2006-06-30,6752,1999-11-01,
MAGN,0000041719,219,2009-12-31,81,2006-06-30,6752,1999-11-01,
MAMA,0001520358,281,2009-07-22,63,2010-07-31,3047,2014-07-17,
MAN,0000871763,271,2008-12-31,81,2006-06-30,6752,1999-11-01,
MANE,0001827635,23,2024-12-31,7,2024-12-31,148,2026-02-04,
MANH,0001056696,319,2009-12-31,81,2006-06-30,6752,1999-11-01,
MAR,0001048286,245,2009-01-02,81,2006-06-30,6752,1999-11-01,
MARA,0001507605,265,2010-07-31,63,2010-06-30,3605,2012-05-04,
MAS,0000062996,345,2008-12-31,81,2006-06-30,6752,1999-11-01,
MASS,0001555279,117,2020-03-31,30,2019-03-31,1434,2020-12-18,
MAT,0000063276,290,2007-12-31,81,2006-06-30,6752,1999-11-01,
MATV,0001000623,322,2009-12-31,81,2006-06-30,6752,1999-11-01,
MATW,0000063296,198,2009-09-30,81,2006-06-30,6752,1999-11-01,
MATX,0000003453,222,2008-12-31,81,2006-06-30,6752,1999-11-01,
MAX,0001818383,52,2020-06-30,34,2017-12-31,1470,2020-10-28,
MAZE,0001842295,39,2024-03-31,12,2023-09-30,401,2025-01-31,
MBC,0001941365,83,2021-12-26,22,2021-03-31,937,2022-12-09,
MBGL,0002090312,9,2025-06-30,4,2025-03-31,47,2026-07-01,
MBI,0000814585,271,2008-12-31,81,2006-06-30,6752,1999-11-01,
MBIN,0001629019,191,2015-12-31,43,2015-12-31,2225,2017-10-27,
MBUU,0001590976,104,2013-11-01,60,2011-09-30,3168,2014-01-31,
MBWM,0001042729,282,2010-06-30,81,2006-06-30,6752,1999-11-01,
MBX,0001776111,50,2023-09-30,14,2023-03-31,496,2024-09-13,
MC,0001596967,0,,55,2012-12-31,3116,2014-04-16,
MCB,0001476034,192,2015-12-31,46,2015-03-31,2217,2017-11-08,
MCBS,0001747068,152,2017-12-31,46,2015-03-31,2421,2017-01-19,
MCD,0000063908,287,2007-12-31,81,2006-06-30,6752,1999-11-01,
MCFT,0001638290,227,2014-06-30,52,2013-06-30,2801,2015-07-17,
MCHB,0001518715,291,2010-12-31,81,2003-09-30,3520,2012-07-25,
MCHP,0000827054,353,2008-03-31,81,2006-06-30,6752,1999-11-01,
MCK,0000927653,287,2008-03-31,81,2006-06-30,6752,1999-11-01,
MCO,0001059556,235,2007-12-31,81,2006-06-30,6752,1999-11-01,
MCRI,0000907242,312,2009-12-31,81,2006-06-30,6752,1999-11-01,
MCS,0000062234,138,2011-05-26,81,2006-06-30,6752,1999-11-01,
MCY,0000064996,335,2009-06-30,81,2006-06-30,6752,1999-11-01,
MD,0000893949,338,2008-12-31,81,2006-06-30,6752,1999-11-01,
MDB,0001441816,96,2020-08-31,46,2015-04-30,2231,2017-10-19,
MDGL,0001157601,249,2009-12-31,81,2006-06-30,4927,2007-02-06,
MDLN,0002046386,6,2025-12-31,8,2024-06-30,180,2025-12-17,
MDLZ,0001103982,278,2007-12-31,81,2006-06-30,6345,2001-06-13,
MDT,0001613103,229,2013-04-26,81,2006-07-31,6752,1999-11-01,
MDU,0000067716,290,2007-12-31,81,2006-06-30,6752,1999-11-01,
MDWD,0001593984,9,2017-12-31,55,2012-12-31,3135,2014-03-20,
MDXG,0001376339,293,2010-12-31,78,2007-03-31,4790,2007-08-22,
MEC,0001766368,125,2018-06-30,34,2018-03-31,1842,2019-05-09,
MEDP,0001668397,212,2014-12-31,50,2014-03-31,2531,2016-08-11,
MEI,0000065270,258,2010-07-31,81,2006-07-31,6752,1999-11-01,
MELI,0001099590,340,2008-12-31,81,2006-06-30,4798,2007-08-10,
MET,0001099219,349,2008-12-31,81,2006-06-30,6644,2000-04-05,
META,0001326801,124,2010-12-31,66,2010-03-31,3595,2012-05-18,
METC,0001687187,133,2016-12-31,47,2014-12-31,2410,2017-02-03,
METCB,0001687187,133,2016-12-31,46,2015-03-31,808,2023-06-16,
MFA,0001055160,281,2009-12-31,81,2006-06-30,6752,1999-11-01,
MFIN,0001000209,171,2016-12-31,81,2006-06-30,6752,1999-11-01,
MFP,0002088281,1,2026-08-14,4,2025-03-31,44,2026-07-07,
MG,0001436126,293,2010-05-31,81,2006-06-30,4253,2009-10-08,
MGEE,0001161728,165,2008-12-31,81,2006-06-30,6752,1999-11-01,
MGM,0000789570,329,2009-12-31,81,2006-06-30,6752,1999-11-01,
MGNI,0001595974,254,2012-12-31,56,2012-09-30,3126,2014-04-02,
MGNX,0001125345,209,2011-12-31,58,2011-12-31,3245,2013-10-10,
MGPI,0000835011,279,2010-06-30,81,2006-06-30,6752,1999-11-01,
MGRC,0000752714,318,2009-12-31,81,2006-06-30,6752,1999-11-01,
MGTX,0001735438,150,2017-12-31,39,2016-12-31,2072,2018-06-08,
MGY,0001698990,66,2018-09-30,38,2017-03-31,2309,2017-06-29,
MH,0001951070,36,2024-03-31,45,2015-06-30,282,2025-07-24,
MHK,0000851968,281,2009-06-27,81,2006-06-30,6752,1999-11-01,
MHO,0000799292,255,2009-12-31,81,2006-06-30,6752,1999-11-01,
MIAX,0001438472,32,2023-12-31,11,2023-12-31,267,2025-08-14,
MIDD,0000769520,278,2009-01-03,81,2006-06-30,6752,1999-11-01,
MIR,0001809987,64,2019-06-30,34,2009-12-31,1518,2020-08-20,
MIRM,0001759425,131,2018-12-31,32,2018-09-30,1794,2019-07-18,
MITK,0000807863,312,2010-06-30,81,2006-06-30,6752,1999-11-01,
MITT,0001514281,311,2011-04-01,61,2011-06-30,3818,2011-06-30,
MKC,0000063754,136,2009-08-31,81,2006-05-31,6752,1999-11-01,
MKL,0001096343,217,2009-12-31,81,2006-06-30,6752,1999-11-01,
MKSI,0001049502,337,2008-12-31,81,2006-06-30,6752,1999-11-01,
MKTW,0001805651,41,2020-07-23,26,2020-03-31,1502,2020-09-14,
MKTX,0001278021,295,2009-12-31,81,2006-06-30,5492,2004-11-05,
MLAB,0000724004,314,2010-06-30,81,2006-06-30,6752,1999-11-01,
MLI,0000089439,337,2008-12-27,81,2006-06-30,6752,1999-11-01,
MLKN,0000066382,261,2010-05-29,81,2006-05-31,6752,1999-11-01,
MLM,0000916076,242,2008-12-31,81,2006-06-30,6752,1999-11-01,
MLP,0000063330,216,2010-12-31,81,2006-06-30,6752,1999-11-01,
MLR,0000924822,264,2009-12-31,81,2006-06-30,6752,1999-11-01,
MLYS,0001933414,80,2022-03-31,19,2021-12-31,895,2023-02-10,
MMED,0002062583,18,2023-04-28,5,2025-01-31,127,2026-03-06,
MMI,0001578732,260,2012-12-31,58,2011-12-31,3230,2013-10-31,
MMM,0000066740,325,2007-12-31,81,2006-06-30,6752,1999-11-01,
MMS,0001032220,327,2009-09-30,81,2006-06-30,6752,1999-11-01,
MMSI,0000856982,304,2009-12-31,81,2006-06-30,6752,1999-11-01,
MNKD,0000899460,261,2010-12-31,81,2006-06-30,5563,2004-07-28,
MNPR,0001645469,125,2016-12-31,42,2016-03-31,1686,2019-12-19,
MNRO,0000876427,251,2010-03-27,81,2006-06-30,6752,1999-11-01,
MNSB,0001693577,113,2018-12-31,77,2005-03-31,2554,2016-01-04,
MNST,0000865752,337,2008-12-31,81,2006-06-30,6752,1999-11-01,
MNTK,0001826600,112,2020-12-31,27,2019-12-31,1412,2021-01-22,
MNTN,0001891027,21,2024-06-30,21,2021-03-31,324,2025-05-22,
MO,0000764180,247,2007-12-31,81,2006-06-30,6752,1999-11-01,
MOD,0000067347,247,2011-03-31,81,2006-06-30,6752,1999-11-01,
MOG-A,0000067887,140,2008-09-27,81,2006-06-30,6752,1999-11-01,
MOH,0001179929,255,2009-12-31,81,2006-06-30,5832,2003-07-02,
MORN,0001289419,271,2008-12-31,81,2006-06-30,5370,2005-05-03,
MOS,0001285785,273,2009-05-31,81,2006-06-30,6752,1999-11-01,
MOV,0000072573,132,2010-01-31,81,2006-07-31,6752,1999-11-01,
MP,0001801368,127,2019-12-31,30,2019-03-31,1560,2020-06-22,
MPAA,0000918251,317,2010-03-31,81,2006-06-30,6752,1999-11-01,
MPB,0000879635,293,2010-12-31,81,2006-06-30,6752,1999-11-01,
MPC,0001510295,252,2009-12-31,68,2009-09-30,3823,2011-06-23,
MPLT,0001770069,28,2024-09-30,11,2023-03-31,216,2025-10-27,
MPT,0001287865,317,2009-12-31,81,2006-06-30,5324,2005-07-08,
MPTI,0001902314,88,2021-12-31,22,2021-03-31,985,2022-10-03,
MPWR,0001280452,317,2009-12-31,81,2006-06-30,5482,2004-11-19,
MQ,0001522540,52,2019-12-31,26,2020-03-31,1317,2021-06-09,
MRAM,0001438423,190,2014-12-31,47,2014-12-31,2491,2016-10-07,
MRBK,0001750735,167,2017-09-30,41,2016-06-30,2218,2017-11-07,
MRCY,0001049521,310,2010-06-30,81,2006-06-30,6752,1999-11-01,
MRK,0000310158,279,2008-12-31,81,2006-06-30,6752,1999-11-01,
MRNA,0001682852,149,2017-12-31,39,2016-12-31,1946,2018-12-07,
MRP,0002017206,12,2025-03-31,12,2023-09-30,396,2025-02-07,
MRSH,0000062709,361,2007-12-31,81,2006-06-30,6752,1999-11-01,
MRTN,0000799167,309,2010-12-31,81,2006-06-30,6752,1999-11-01,
MRVI,0001823239,54,2019-12-31,27,2019-12-31,1453,2020-11-20,
MRVL,0001835632,88,2020-02-01,81,2006-07-31,6584,2000-06-30,
MRX,0001997464,2,2024-12-31,22,2019-06-30,47,2026-07-01,
MS,0000895421,361,2007-11-30,81,2006-06-30,6752,1999-11-01,
MSA,0000066570,292,2009-12-31,81,2006-06-30,6752,1999-11-01,
MSBI,0001466026,218,2014-12-31,64,2009-03-31,2586,2016-05-24,
MSCI,0001408198,311,2008-11-30,81,2006-06-30,4730,2007-11-15,
MSEX,0000066004,256,2009-12-31,81,2006-06-30,6752,1999-11-01,
MSFT,0000789019,289,2007-06-30,81,2006-06-30,6752,1999-11-01,
MSGE,0001952073,36,2021-06-30,32,2018-09-30,851,2023-04-17,
MSGS,0001636519,97,2014-06-30,52,2013-09-30,2748,2015-10-01,
MSI,0000068505,357,2007-12-31,81,2006-06-30,6752,1999-11-01,
MSM,0001003078,156,2009-08-29,81,2006-05-31,6752,1999-11-01,
MSTR,0001050446,132,2009-12-31,81,2006-06-30,6752,1999-11-01,
MTB,0000036270,285,2008-06-30,81,2006-06-30,6752,1999-11-01,
MTCH,0000891103,209,2009-12-31,81,2006-06-30,2713,2015-11-19,
MTD,0001037646,332,2008-12-31,81,2006-06-30,6752,1999-11-01,
MTDR,0001520006,294,2010-12-31,67,2009-12-31,3669,2012-02-02,
MTG,0000876437,333,2008-12-31,81,2006-06-30,6752,1999-11-01,
MTH,0000833079,288,2009-12-31,81,2006-06-30,6752,1999-11-01,
MTN,0000812011,260,2009-07-31,81,2006-04-30,6752,1999-11-01,
MTRN,0001104657,236,2008-12-31,81,2006-06-30,6752,1999-11-01,
MTRX,0000866273,259,2010-06-30,81,2006-06-30,6752,1999-11-01,
MTSI,0001493594,212,2010-10-01,64,2010-09-30,3640,2012-03-15,
MTUS,0001598428,212,2012-12-31,56,2011-12-31,3072,2014-06-19,
MTW,0000061986,333,2009-06-30,81,2006-06-30,6752,1999-11-01,
MTX,0000891014,235,2009-06-28,81,2006-06-30,6752,1999-11-01,
MTZ,0000015615,270,2009-12-31,81,2006-06-30,6752,1999-11-01,
MU,0000723125,334,2008-12-04,81,2006-05-31,6752,1999-11-01,
MUR,0000717423,318,2007-12-31,81,2006-06-30,6752,1999-11-01,
MUSA,0001573516,222,2011-12-31,59,2011-12-31,3282,2013-08-19,
MUX,0000314203,316,2009-12-31,81,2006-06-30,6752,1999-11-01,
MVBF,0001277902,308,2010-03-31,81,2006-06-30,4522,2008-08-22,
MVST,0001760689,141,2018-12-31,29,2019-03-31,1872,2019-03-27,
MWA,0001350593,251,2009-09-30,81,2006-06-30,5101,2006-05-26,
MWH,0002065636,4,2026-03-31,7,2024-12-31,143,2026-02-11,
MXL,0001288469,283,2009-12-31,74,2008-03-31,4139,2010-03-24,
MYE,0000069488,251,2010-12-31,81,2006-06-30,6752,1999-11-01,
MYFW,0001327607,175,2017-06-30,39,2016-12-31,2044,2018-07-19,
MYGN,0000899923,332,2009-06-30,81,2006-06-30,6752,1999-11-01,
MYRG,0000700923,318,2009-12-31,81,2006-06-30,4544,2008-08-13,
MZTI,0000057515,267,2009-06-30,81,2006-06-30,6752,1999-11-01,
NABL,0001834488,115,2019-12-31,26,2020-03-31,1290,2021-07-19,
NAGE,0001386570,288,2010-07-03,78,2006-12-31,4564,2008-07-15,
NAT,0001000177,141,2008-12-31,81,2006-06-30,6752,1999-11-01,
NATH,0000069733,318,2010-03-28,81,2006-06-30,6752,1999-11-01,
NATL,0001974138,71,2021-12-31,61,2006-03-31,728,2023-10-11,
NATR,0000275053,317,2009-12-31,81,2006-06-30,4326,2009-06-25,
NAUT,0001808805,111,2020-06-30,31,2018-12-31,1316,2021-06-10,
NAVI,0001593538,211,2012-12-31,81,2006-06-30,3115,2014-04-17,
NAVN,0001639723,16,2024-01-31,13,2023-04-30,213,2025-10-30,
NB,0001512228,134,2016-06-30,81,2006-03-31,2644,2016-01-04,
NBBK,0001979330,58,2022-12-31,18,2022-03-31,674,2023-12-28,
NBHC,0001475841,282,2010-12-31,65,2010-06-30,3509,2012-09-20,
NBIS,0001513845,36,2009-12-31,66,2010-03-31,3733,2011-05-24,
NBIX,0000914475,299,2009-12-31,81,2006-06-30,6752,1999-11-01,
NBN,,0,,81,2006-06-30,6752,1999-11-01,
NBR,0001163739,283,2007-12-31,81,2006-06-30,6752,1999-11-01,
NBTB,0000790359,263,2009-12-31,81,2006-06-30,6752,1999-11-01,
NC,0000789933,130,2010-06-30,81,2006-06-30,6752,1999-11-01,
NCLH,0001513761,279,2011-12-31,71,2008-12-31,3428,2013-01-18,
NCMI,0001377630,305,2009-12-31,81,2006-06-30,4925,2007-02-08,
NCNO,0001902733,107,2020-01-31,30,2019-04-30,1545,2020-07-14,
NDAQ,0001120193,329,2009-12-31,81,2006-06-30,6085,2002-07-01,
NDSN,0000072331,238,2008-10-31,81,2006-07-31,6752,1999-11-01,
NE,0001895262,81,2020-12-31,81,2006-06-30,1317,2021-06-09,
NECB,0001847398,114,2020-12-31,81,2006-06-30,5070,2006-07-06,
NEE,0000753308,276,2007-12-31,81,2006-06-30,6752,1999-11-01,
NEM,0001164727,238,2008-03-31,81,2006-06-30,6752,1999-11-01,
NEO,0001077183,309,2010-12-31,81,2006-06-30,5655,2004-03-16,
NEOG,0000711377,312,2010-05-31,81,2006-05-31,6752,1999-11-01,
NERV,0001598646,206,2013-12-31,55,2012-12-31,3064,2014-07-01,
NESR,0001698514,122,2017-03-31,33,2017-03-31,2327,2017-06-05,
NET,0001477333,52,2019-12-31,34,2018-03-31,1754,2019-09-13,
NEU,0001282637,270,2008-12-31,81,2006-06-30,6752,1999-11-01,
NEWT,0001587987,97,2013-09-30,81,2006-06-30,6523,2000-09-27,
NEXN,0001849396,5,2021-12-31,26,2020-03-31,1309,2021-06-18,
NEXT,0001612720,220,2014-12-31,46,2015-03-31,2831,2015-06-04,
NFG,0000070145,337,2008-09-30,81,2006-06-30,6752,1999-11-01,
NFLX,0001065280,352,2007-12-31,81,2006-06-30,6111,2002-05-23,
NG,0001173420,107,2011-11-30,81,2006-05-31,5724,2003-12-04,
NGNE,0001404644,207,2013-03-31,40,2016-09-30,3144,2014-03-07,
NGS,0001084991,298,2009-12-31,81,2006-06-30,6006,2002-10-22,
NGVC,0001547459,285,2011-09-30,67,2009-12-31,3549,2012-07-25,
NGVT,0001653477,218,2014-12-31,50,2014-03-31,2602,2016-05-02,
NHC,0001047335,317,2009-12-31,81,2006-06-30,6752,1999-11-01,
NHI,0000877860,335,2007-12-31,81,2006-06-30,6752,1999-11-01,
NI,0001111711,284,2008-12-31,81,2006-06-30,6752,1999-11-01,
NIC,0001174850,280,2012-03-31,58,2012-03-31,2661,2016-01-04,
NIQ,0002054696,39,2023-12-31,0,,283,2025-07-23,
NJR,0000356309,265,2007-09-30,81,2006-06-30,6752,1999-11-01,
NKE,0000320187,156,2009-05-31,81,2006-05-31,6752,1999-11-01,
NKSH,0000796534,279,2010-06-30,81,2006-06-30,6731,1999-12-01,
NKTR,0000906709,260,2010-12-31,81,2006-06-30,6752,1999-11-01,
NKTX,0001787400,85,2019-12-31,30,2019-03-31,1547,2020-07-10,
NL,0000072162,142,2009-12-31,81,2006-06-30,6752,1999-11-01,
NLOP,0001952976,71,2021-12-31,18,2022-03-31,716,2023-10-27,
NLY,0001043219,356,2007-12-31,81,2006-06-30,6752,1999-11-01,
NMAX,0002026478,20,2024-03-31,13,2023-06-30,361,2025-03-31,
NMIH,0001547903,220,2013-12-01,58,2012-03-31,3224,2013-11-08,
NMRA,0001885522,52,2022-09-30,23,2020-12-31,747,2023-09-14,
NMRK,0001690680,70,2017-12-31,43,2015-12-31,2191,2017-12-15,
NN,0001865631,103,2020-12-31,26,2020-03-31,1218,2021-10-28,
NNE,0001923891,59,2023-03-31,16,2022-09-30,584,2024-05-08,
NNI,0001258602,78,2009-12-31,81,2006-06-30,5718,2003-12-12,
NNN,0000751364,328,2008-12-31,81,2006-06-30,6752,1999-11-01,
NOC,0001133421,357,2007-12-31,81,2006-06-30,6752,1999-11-01,
NODK,0001681206,193,2016-12-31,47,2014-12-31,2382,2017-03-16,
NOG,0001104485,296,2008-12-31,81,2006-06-30,4881,2007-04-13,
NOV,0001021860,352,2007-12-31,81,2006-06-30,6752,1999-11-01,
NOVT,0001076930,317,2009-12-31,81,2006-06-30,2684,2016-01-04,
NOW,0001373715,227,2010-06-30,64,2010-09-30,3566,2012-06-29,
NP,0002067129,22,2023-12-31,8,2024-09-30,234,2025-10-01,
NPB,0001336706,45,2023-12-31,23,2020-03-31,391,2025-02-14,
NPCE,0001528287,120,2020-03-31,26,2020-03-31,1350,2021-04-22,
NPK,0000080172,186,2009-12-31,81,2006-06-30,6752,1999-11-01,
NPKI,0000071829,268,2009-12-31,81,2006-06-30,6752,1999-11-01,
NPO,0001164863,251,2009-12-31,81,2006-06-30,6110,2002-05-24,
NPWR,0001845437,44,2022-06-30,21,2021-06-30,1276,2021-08-06,
NRC,0000070487,216,2009-12-31,81,2006-06-30,3342,2013-05-23,
NRDS,0001625278,88,2019-12-31,26,2020-03-31,1213,2021-11-04,
NREF,0001786248,132,2019-12-31,39,2015-09-30,1653,2020-02-07,
NRG,0001013871,345,2007-12-31,81,2006-06-30,5726,2003-12-02,
NRGV,0001828536,103,2020-12-31,26,2020-03-31,1144,2022-02-14,
NRIM,0001163370,324,2009-12-31,81,2006-06-30,6752,1999-11-01,
NRIX,0001549595,120,2019-11-30,30,2019-02-28,1537,2020-07-24,
NSC,0000702165,253,2008-12-31,81,2006-06-30,6752,1999-11-01,
NSIT,0000932696,316,2009-12-31,81,2006-06-30,6752,1999-11-01,
NSP,0001000753,190,2009-12-31,81,2006-06-30,6752,1999-11-01,
NSSC,0000069633,312,2010-09-30,81,2006-06-30,6752,1999-11-01,
NTAP,0001002047,320,2009-04-24,81,2006-07-31,6752,1999-11-01,
NTB,0001653242,32,2015-12-31,81,2006-06-30,2506,2016-09-16,
NTCT,0001078075,317,2010-03-31,81,2006-06-30,6752,1999-11-01,
NTGR,0001122904,227,2009-12-31,81,2006-06-30,5812,2003-07-31,
NTLA,0001652130,172,2015-12-31,48,2014-06-30,2598,2016-05-06,
NTNX,0001618732,104,2016-07-31,50,2014-04-30,2496,2016-09-30,
NTRA,0001604821,223,2014-09-30,54,2013-03-31,2811,2015-07-02,
NTRS,0000073124,295,2007-12-31,81,2006-06-30,6752,1999-11-01,
NTST,0001798100,128,2019-12-31,30,2019-03-31,1523,2020-08-13,
NU,0001691493,0,,26,2020-03-31,1189,2021-12-09,
NUAI,0002028336,46,2023-12-31,10,2024-03-31,436,2024-12-09,
NUE,0000073309,233,2008-06-28,81,2006-06-30,6752,1999-11-01,
NUS,0001021561,258,2008-12-31,81,2006-06-30,6752,1999-11-01,
NUTX,0001479681,232,2010-06-30,46,2010-03-31,3335,2013-04-08,
NUVB,0001811063,105,2020-12-31,30,2019-03-31,1516,2020-08-24,
NVAX,0001000694,240,2010-12-31,81,2006-06-30,6752,1999-11-01,
NVCR,0001645113,198,2014-12-31,51,2013-12-31,2747,2015-10-02,
NVCT,0001875558,100,2021-03-31,22,2021-03-31,1150,2022-02-04,
NVDA,0001045810,253,2008-01-27,81,2006-07-31,6752,1999-11-01,
NVEC,0000724910,317,2010-03-31,81,2006-06-30,6752,1999-11-01,
NVGS,0001581804,131,2012-12-31,61,2011-06-30,4946,2007-01-09,
NVR,0000906163,286,2008-12-31,81,2006-06-30,6752,1999-11-01,
NVRI,0002104052,10,2025-03-31,81,2006-06-30,71,2026-05-27,
NVST,0001757073,149,2017-12-31,34,2018-03-31,1751,2019-09-18,
NVT,0001720635,145,2016-12-31,39,2016-12-31,2100,2018-04-30,
NVTS,0001821769,74,2020-12-31,25,2020-03-31,1411,2021-01-25,
NWBI,0001471265,274,2009-12-31,81,2006-06-30,6752,1999-11-01,
NWE,0001993004,72,2021-12-31,81,2006-06-30,4701,2007-12-28,
NWFL,0001013272,247,2010-12-31,81,2006-06-30,6752,1999-11-01,
NWL,0000814453,271,2008-12-31,81,2006-06-30,6752,1999-11-01,
NWN,0001733998,179,2016-12-31,81,2006-06-30,6752,1999-11-01,
NWPX,0001001385,314,2009-12-31,81,2006-06-30,6752,1999-11-01,
NWS,0001564708,116,2012-06-30,60,2011-09-30,3324,2013-06-19,
NWSA,0001564708,116,2012-06-30,61,2011-06-30,3324,2013-06-19,
NX,0001423221,316,2009-10-31,81,2006-07-31,6752,1999-11-01,
NXDR,0001846069,47,2020-12-31,26,2020-03-31,1370,2021-03-24,
NXDT,0001356115,85,2021-12-31,52,2012-09-30,1211,2021-11-08,
NXH,0001130713,320,2009-12-31,5,2025-06-30,16,2026-08-14,
NXPI,0001413447,128,2010-08-02,71,2008-12-31,4045,2010-08-06,
NXRT,0001620393,227,2014-12-31,51,2013-12-31,2884,2015-03-19,
NXST,0001142417,196,2010-12-31,81,2006-06-30,5730,2003-11-25,
NXT,0001852131,35,2023-03-01,25,2020-06-30,896,2023-02-09,
NYT,0000071691,140,2008-12-28,81,2006-06-30,6752,1999-11-01,
O,0000726728,337,2008-12-31,81,2006-06-30,6752,1999-11-01,
OABI,0001846253,91,2021-09-30,24,2020-09-30,963,2022-11-02,
OBIO,0001814114,115,2020-09-30,25,2020-06-30,1530,2020-08-04,
OBK,0001516912,151,2016-12-31,38,2017-03-31,2094,2018-05-08,
OBT,0001754226,113,2020-09-30,51,2012-12-31,4746,2007-10-04,
OC,0001370946,332,2008-12-31,81,2006-06-30,4991,2006-11-01,
OCFC,0001004702,315,2009-12-31,81,2006-06-30,6752,1999-11-01,
OCGN,0001372299,199,2014-12-31,52,2013-09-30,2956,2014-12-03,
OCUL,0001393434,212,2013-12-31,55,2012-12-31,3047,2014-07-25,
ODC,0000074046,40,2010-07-31,81,2006-04-30,6752,1999-11-01,
ODD,0001907085,0,,17,2022-03-31,787,2023-07-19,
ODFL,0000878927,271,2008-12-31,81,2006-06-30,6752,1999-11-01,
OEC,0001609804,165,2016-12-31,55,2012-12-31,3047,2014-07-25,
OFG,0001030469,265,2010-12-31,81,2006-06-30,6752,1999-11-01,
OFIX,0000884624,313,2009-12-31,81,2006-06-30,6752,1999-11-01,
OFLX,0001317945,250,2010-06-30,81,2006-06-30,5308,2005-08-01,
OFRM,0001696556,16,2025-03-31,8,2024-09-30,146,2026-02-06,
OGE,0001021635,221,2008-12-31,81,2006-06-30,6752,1999-11-01,
OGN,0001821825,119,2019-12-31,26,2020-03-31,1323,2021-05-14,
OGS,0001587732,264,2012-12-31,58,2011-12-31,3178,2014-01-16,
OHI,0000888491,340,2007-12-31,81,2006-06-30,6752,1999-11-01,
OI,0000812074,296,2008-06-30,81,2006-06-30,6752,1999-11-01,
OII,0000073756,260,2009-12-31,81,2006-06-30,6752,1999-11-01,
OIS,0001121484,329,2008-12-31,81,2006-06-30,6430,2001-02-09,
OKE,0001039684,356,2007-12-31,81,2006-06-30,6752,1999-11-01,
OKLO,0001849056,58,2018-11-05,22,2021-03-31,1297,2021-07-08,
OKTA,0001660134,54,2020-01-31,46,2015-04-30,2366,2017-04-07,
OKUR,0001637715,96,2020-12-31,14,2023-03-31,480,2024-10-07,
OLED,0001005284,314,2009-12-31,81,2006-06-30,6752,1999-11-01,
OLLI,0001639300,194,2014-02-01,54,2013-04-30,2802,2015-07-16,
OLMA,0001750284,120,2019-12-31,27,2019-12-31,1454,2020-11-19,
OLN,0000074303,343,2008-12-31,81,2006-06-30,6752,1999-11-01,
OLP,0000712770,315,2009-12-31,81,2006-06-30,6752,1999-11-01,
OMC,0000029989,242,2008-12-31,81,2006-06-30,6752,1999-11-01,
OMCL,0000926326,295,2009-12-31,0,,6305,2001-08-09,
OMDA,0001611115,37,2023-12-31,12,2023-09-30,314,2025-06-06,
OMER,0001285819,231,2010-12-31,73,2007-12-31,4253,2009-10-08,
OMF,0001584207,261,2010-12-31,81,2006-06-30,2708,2015-11-27,
ON,0001097864,337,2008-12-31,81,2006-06-30,6626,2000-05-02,
ONB,0000707179,340,2008-12-31,81,2006-06-30,6752,1999-11-01,
ONDS,0001646188,174,2015-12-31,46,2015-03-31,1630,2018-10-25,
ONEW,0001772921,8,2019-09-30,35,2017-12-31,1653,2020-02-07,
ONIT,0000873860,316,2009-12-31,81,2006-06-30,6752,1999-11-01,
ONL,0001873923,105,2019-12-31,26,2020-03-31,1206,2021-11-15,
ONON,0001858985,5,2021-12-31,26,2020-03-31,1249,2021-09-15,
ONT,0001643615,125,2019-06-30,31,2016-09-30,1538,2020-07-23,
ONTO,0000704532,295,2010-01-02,81,2006-06-30,6752,1999-11-01,
OOMA,0001327688,158,2015-01-31,54,2013-04-30,2801,2015-07-17,
OPAL,0001842279,46,2021-03-25,23,2020-12-31,1035,2022-07-22,
OPBK,0001722010,182,2016-12-31,65,2005-06-30,5314,2005-07-22,
OPCH,0001014739,311,2007-12-31,81,2006-06-30,6752,1999-11-01,
OPEN,0001801169,129,2018-12-31,30,2019-03-31,1562,2020-06-18,
OPFI,0001818502,59,2019-12-31,26,2020-03-31,1453,2020-11-20,
OPK,0000944809,205,2009-12-31,81,2006-06-30,6752,1999-11-01,
OPLN,0001395942,309,2010-12-31,75,2007-06-30,4208,2009-12-11,
OPRT,0001538716,155,2017-12-31,38,2017-03-31,1745,2019-09-26,
OPTU,0001702780,130,2016-12-31,56,2012-09-30,2314,2017-06-22,
OPTX,0001866816,50,2022-12-31,16,2021-12-31,1157,2022-01-26,
ORA,0001296445,342,2008-12-31,81,2006-06-30,5488,2004-11-11,
ORC,0001518621,211,2011-12-31,62,2011-03-31,3410,2013-02-14,
ORCL,0001341439,284,2008-05-31,81,2006-05-31,6752,1999-11-01,
ORGO,0001661181,163,2017-03-31,42,2016-03-31,2430,2017-01-05,
ORI,0000074260,271,2008-12-31,81,2006-06-30,6752,1999-11-01,
ORIC,0001796280,122,2019-12-31,30,2019-03-31,1600,2020-04-24,
ORKA,0000907654,240,2010-06-30,38,2017-03-31,6752,1999-11-01,
ORLY,0000898173,347,2008-12-31,81,2006-06-30,6752,1999-11-01,
ORMP,0001176309,233,2011-08-31,81,2005-12-31,5126,2006-04-21,
ORN,0001402829,307,2009-12-31,81,2006-06-30,4706,2007-12-20,
ORRF,0000826154,309,2010-12-31,81,2006-06-30,6752,1999-11-01,
OSBC,0000357173,310,2010-12-31,81,2006-06-30,6752,1999-11-01,
OSCR,0001568651,54,2019-12-31,26,2020-03-31,1385,2021-03-03,
OSG,0000874501,250,2010-06-30,81,2006-06-30,2367,2015-12-01,
OSIS,0001039065,312,2010-06-30,81,2006-06-30,6752,1999-11-01,
OSK,0000775158,274,2009-09-30,81,2006-06-30,6752,1999-11-01,
OSPN,0001044777,317,2009-12-31,81,2006-06-30,6455,2001-01-02,
OSS,0001394056,181,2017-03-31,43,2015-12-31,2160,2018-02-01,
OSUR,0001116463,312,2010-09-30,81,2006-06-30,6752,1999-11-01,
OSW,0001758488,86,2019-03-31,38,2017-03-31,1877,2019-03-20,
OTIS,0001781335,120,2018-12-31,30,2019-03-31,1625,2020-03-19,
OTTR,0001466593,271,2008-12-31,81,2006-06-30,6752,1999-11-01,
OUST,0001816581,125,2019-12-31,27,2019-12-31,1483,2020-10-09,
OUT,0001579877,264,2012-12-31,58,2012-03-31,3129,2014-03-28,
OVBC,0000894671,192,2010-12-31,81,2006-06-30,6752,1999-11-01,
OVID,0001636651,154,2016-12-31,43,2015-12-31,2347,2017-05-05,
OVLY,0001431567,307,2010-12-31,81,2006-06-30,5759,2003-10-15,
OVV,0001792580,149,2016-12-31,81,2006-06-30,6144,2002-04-08,
OWL,0001823945,44,2020-12-07,33,2016-09-30,1438,2020-12-14,
OXM,0000075288,223,2010-01-30,81,2006-08-31,6752,1999-11-01,
OXY,0000797468,287,2007-12-31,81,2006-06-30,6752,1999-11-01,
OZK,0001569650,0,,81,2006-06-30,6450,2001-01-02,HTTPError: 404 Client Error: Not Found for url: https://data.sec.gov/api/xbrl/companyfacts/CIK0001569650.json
P,0001474432,116,2015-01-31,67,2010-01-31,2744,2015-10-07,
PACB,0001299130,255,2010-12-31,70,2008-12-31,3988,2010-10-27,
PACK,0001712463,106,2017-12-31,36,2017-09-30,1826,2019-06-03,
PACS,0002001184,58,2022-12-31,14,2023-03-31,603,2024-04-11,
PAG,0001019849,329,2008-12-31,81,2006-06-30,6752,1999-11-01,
PAGS,0001712807,1,2017-12-31,46,2015-03-31,2166,2018-01-24,
PAHC,0001069899,112,2013-03-31,81,2004-09-30,3119,2014-04-11,
PAL,0001998768,38,2023-12-31,14,2023-03-31,583,2024-05-09,
PALI,0001357459,222,2010-12-31,79,2006-06-30,4957,2006-12-20,
PAMT,0000798287,317,2009-12-31,81,2006-06-30,6752,1999-11-01,
PANL,0001606909,249,2012-12-31,59,2011-09-30,3196,2013-12-19,
PANW,0001327567,219,2010-07-31,65,2010-07-31,3552,2012-07-20,
PAR,0000708821,316,2009-12-31,81,2006-06-30,6752,1999-11-01,
PARR,0000821483,237,2010-12-31,81,2006-06-30,3520,2012-09-05,
PATH,0001734722,50,2020-01-31,26,2020-04-30,1351,2021-04-21,
PATK,0000076605,237,2009-12-31,81,2006-06-30,6752,1999-11-01,
PAX,0001825570,0,,27,2019-12-31,1412,2021-01-22,
PAY,0001841156,60,2019-12-31,81,2003-09-30,1326,2021-05-26,
PAYC,0001590955,262,2012-12-31,58,2012-03-31,3117,2014-04-15,
PAYO,0001845815,115,2019-12-31,26,2020-03-31,1305,2021-06-25,
PAYS,0001496443,303,2010-06-30,64,2010-09-30,4756,2007-10-10,
PAYX,0000723531,352,2008-05-31,81,2006-05-31,6752,1999-11-01,
PB,0001068851,329,2009-12-31,81,2006-06-30,6752,1999-11-01,
PBF,0001534504,113,2012-12-31,61,2010-12-31,3452,2012-12-13,
PBFS,0001769663,130,2019-06-20,36,2017-09-30,1794,2019-07-18,
PBH,0001295947,255,2010-03-31,81,2006-06-30,5426,2005-02-10,
PBI,0000078814,281,2007-12-31,81,2006-06-30,6752,1999-11-01,
PBYI,0001401667,240,2010-12-31,75,2007-12-31,3613,2012-04-24,
PCAR,0000075362,288,2007-12-31,81,2006-06-30,6752,1999-11-01,
PCB,0001423869,185,2015-12-20,71,2004-03-31,3083,2014-06-04,
PCG,0001004980,279,2007-12-31,81,2006-06-30,6752,1999-11-01,
PCOR,0001611052,109,2020-12-31,30,2019-03-31,1330,2021-05-20,
PCRX,0001396814,310,2009-12-31,69,2008-12-31,3920,2011-02-03,
PCT,0001830033,120,2020-03-31,27,2019-12-31,1545,2020-07-14,
PCTY,0001591698,266,2012-06-30,57,2012-06-30,3136,2014-03-19,
PCVX,0001649094,121,2019-12-31,30,2019-03-31,1566,2020-06-12,
PCYO,0000276720,212,2010-09-30,81,2006-05-31,6752,1999-11-01,
PD,0001568100,100,2019-01-31,35,2018-01-31,1861,2019-04-11,
PDD,0001737806,35,2016-12-31,39,2016-12-31,2039,2018-07-26,
PDEX,0000788920,307,2010-09-30,81,2006-06-30,6752,1999-11-01,
PDFS,0001120914,317,2009-12-31,81,2006-06-30,6312,2001-07-31,
PDLB,0001874071,113,2019-12-31,43,2015-12-31,2244,2017-10-02,
PDLI,,0,,0,,5590,1999-11-01,
PDM,0001042776,311,2009-12-31,81,2006-06-30,4168,2010-02-10,
PDYN,0001826681,104,2020-09-30,26,2020-03-31,1241,2021-09-27,
PEB,0001474098,313,2009-12-31,67,2009-12-31,4210,2009-12-09,
PEBK,0001093672,309,2010-12-31,81,2006-06-30,6752,1999-11-01,
PEBO,0000318300,258,2009-12-31,81,2006-06-30,6752,1999-11-01,
PECO,0001476204,226,2010-12-31,61,2011-06-30,1292,2021-07-15,
PEG,0000788784,300,2007-12-31,81,2006-06-30,6752,1999-11-01,
PEGA,0001013857,317,2009-12-31,81,2006-06-30,6752,1999-11-01,
PEN,0001321732,174,2013-12-31,51,2013-12-31,2757,2015-09-18,
PENG,0001616533,201,2015-11-27,41,2016-05-31,2334,2017-05-24,
PENN,0000921738,271,2009-12-31,81,2006-06-30,6752,1999-11-01,
PEP,0000077476,275,2008-12-27,81,2006-06-30,6752,1999-11-01,
PESI,0000891532,313,2009-12-31,81,2006-06-30,6752,1999-11-01,
PFBC,0001492165,0,,81,2006-06-30,6752,1999-11-01,HTTPError: 404 Client Error: Not Found for url: https://data.sec.gov/api/xbrl/companyfacts/CIK0001492165.json
PFE,0000078003,235,2007-12-31,81,2006-06-30,6752,1999-11-01,
PFG,0001126328,344,2008-12-31,81,2006-06-30,6257,2001-10-23,
PFGC,0001618673,232,2014-06-28,81,2001-06-30,2748,2015-10-01,
PFIS,0001056943,223,2009-12-31,81,2006-06-30,6103,2002-06-05,
PFS,0001178970,338,2003-01-15,81,2006-06-30,5947,2003-01-16,
PFSI,0001745916,128,2016-12-31,63,2010-03-31,3352,2013-05-09,
PG,0000080424,268,2008-06-30,81,2006-06-30,6752,1999-11-01,
PGC,0001050743,317,2008-12-31,81,2006-06-30,6752,1999-11-01,
PGEN,0001356090,231,2012-09-30,58,2012-03-31,3289,2013-08-08,
PGNY,0001551306,150,2017-12-31,34,2018-03-31,1724,2019-10-25,
PGR,0000080661,290,2007-12-31,81,2006-06-30,6752,1999-11-01,
PH,0000076334,277,2008-06-30,81,2006-06-30,6752,1999-11-01,
PHAT,0001783183,127,2018-12-31,34,2018-03-31,1724,2019-10-25,
PHIN,0001968915,55,2021-12-31,18,2022-03-31,801,2023-06-28,
PHM,0000822416,239,2008-12-31,81,2006-06-30,6752,1999-11-01,
PHR,0001412408,119,2019-01-31,34,2018-04-30,1794,2019-07-18,
PI,0001114995,176,2015-06-30,52,2010-03-31,2546,2016-07-21,
PII,0000931015,331,2008-12-31,81,2006-06-30,6752,1999-11-01,
PINE,0001786117,134,2019-12-31,34,2018-03-31,1704,2019-11-22,
PINS,0001506293,62,2018-12-31,35,2017-12-31,1856,2019-04-18,
PIPR,0001230245,337,2008-12-31,81,2006-06-30,5705,2004-01-02,
PJT,0001626115,1,2023-04-24,51,2013-12-31,2748,2015-10-01,
PK,0001617406,200,2015-12-31,47,2014-12-31,2431,2017-01-04,
PKBK,0001315399,253,2010-06-30,81,2006-06-30,6287,2001-09-05,
PKE,0000076267,226,2010-02-28,81,2006-06-30,6752,1999-11-01,
PKG,0000075677,271,2008-12-31,81,2006-06-30,6691,2000-01-28,
PKOH,0000076282,224,2010-06-30,81,2006-06-30,6752,1999-11-01,
PL,0001836833,49,2020-01-31,26,2020-04-30,1348,2021-04-26,
PLAB,0000810136,314,2009-11-01,81,2006-07-31,6752,1999-11-01,
PLAY,0001525769,246,2013-02-03,81,2002-04-30,2993,2014-10-10,
PLBC,0001168455,308,2010-12-31,81,2006-06-30,6088,2002-06-26,
PLBY,0001803914,133,2019-12-31,30,2019-03-31,1511,2020-08-31,
PLD,0001045609,315,2009-12-31,81,2006-06-30,6752,1999-11-01,
PLGO,0001636639,59,2021-12-31,15,2022-03-31,800,2023-06-29,
PLMR,0001761312,160,2017-12-31,34,2018-03-31,1857,2019-04-17,
PLNT,0001637207,4,2015-03-16,54,2013-03-31,2787,2015-08-06,
PLOW,0001287213,312,2010-06-30,72,2007-12-31,4110,2010-05-05,
PLPC,0000080035,317,2009-12-31,81,2006-06-30,6752,1999-11-01,
PLSE,0001625101,158,2014-11-30,47,2014-12-31,2590,2016-05-18,
PLTK,0001828016,128,2018-12-31,30,2019-03-31,1416,2021-01-15,
PLTR,0001321655,108,2018-12-31,30,2019-03-31,1490,2020-09-30,
PLUG,0001093691,218,2010-12-31,81,2006-06-30,6752,1999-11-01,
PLUS,0001022408,282,2010-03-31,81,2006-06-30,6752,1999-11-01,
PLX,0001006281,158,2010-12-31,81,2006-06-30,6752,1999-11-01,
PLXS,0000785786,337,2008-09-27,81,2006-06-30,6752,1999-11-01,
PM,0001413329,264,2008-03-28,81,2006-06-30,4648,2008-03-17,
PMT,0001464423,318,2009-12-31,67,2009-12-31,4302,2009-07-30,
PMTS,0001641614,228,2013-12-31,50,2014-03-31,2742,2015-10-09,
PNC,0000713676,288,2007-12-31,81,2006-06-30,6752,1999-11-01,
PNFP,0002082866,25,2023-12-31,81,2006-06-30,170,2026-01-02,
PNR,0000077360,279,2008-12-31,81,2006-06-30,6752,1999-11-01,
PNRG,0000056868,273,2010-12-31,81,2006-06-30,6746,1999-11-01,
PNTG,0001766400,146,2017-12-31,34,2018-03-31,1742,2019-10-01,
PNW,0000764622,260,2008-12-31,81,2006-06-30,6752,1999-11-01,
PODD,0001145197,255,2010-12-31,81,2006-06-30,4859,2007-05-15,
POOL,0000945841,315,2008-12-31,81,2006-06-30,6752,1999-11-01,
POR,0000784977,326,2008-12-31,81,2006-06-30,5140,2006-03-31,
POST,0001530950,203,2010-09-30,64,2010-09-30,3673,2012-01-27,
POWI,0000833640,253,2008-12-31,81,2006-06-30,6752,1999-11-01,
POWL,0000080420,290,2009-09-30,81,2006-06-30,6752,1999-11-01,
POWW,0001015383,183,2011-08-01,81,2001-06-30,2434,2016-01-07,
PPC,0000802481,226,2009-09-26,81,2006-06-30,6752,1999-11-01,
PPG,0000079879,230,2007-12-31,81,2006-06-30,6752,1999-11-01,
PPHC,0001903508,23,2024-12-31,8,2024-09-30,153,2026-01-28,
PPIH,0000914122,308,2010-07-31,81,2006-04-30,2644,2016-01-04,
PPL,0000922224,352,2007-12-31,81,2006-06-30,6752,1999-11-01,
PPLI,0001800227,61,2018-12-31,81,2006-06-30,6752,1999-11-01,
PPTA,0001526243,86,2020-12-31,65,2010-06-30,1394,2021-02-18,
PR,0001658566,114,2016-12-31,52,2013-03-31,2613,2016-04-15,
PRAA,0001185348,331,2008-12-31,81,2006-06-30,5993,2002-11-08,
PRAX,0001689548,124,2019-12-31,30,2019-03-31,1478,2020-10-16,
PRCH,0001784535,117,2019-12-31,30,2019-03-31,1671,2020-01-13,
PRCT,0001588978,110,2020-09-30,26,2020-03-31,1249,2021-09-15,
PRDO,0001046568,332,2008-12-31,81,2006-06-30,6752,1999-11-01,
PRG,0001808834,107,2018-12-31,81,2006-06-30,6752,1999-11-01,
PRGO,0001585364,256,2012-06-30,81,2006-06-30,6752,1999-11-01,
PRGS,0000876167,335,2008-11-30,81,2006-05-31,6752,1999-11-01,
PRI,0001475922,314,2009-12-31,74,2007-12-31,4133,2010-04-01,
PRIM,0001361538,317,2009-12-31,81,2006-06-30,4549,2008-08-06,
PRK,0000805676,270,2009-06-30,81,2006-06-30,6752,1999-11-01,
PRKS,0001564902,231,2011-12-31,54,2013-03-31,3366,2013-04-19,
PRLB,0001443669,302,2010-12-31,70,2009-03-31,3654,2012-02-24,
PRLD,0001678660,66,2020-11-10,30,2019-03-31,1493,2020-09-25,
PRM,0001880319,114,2019-12-31,26,2020-03-31,1210,2021-11-09,
PRMB,0002042694,49,2022-12-31,81,2006-06-30,455,2024-11-11,
PRME,0001894562,92,2020-12-31,24,2019-12-31,972,2022-10-20,
PROK,0001850270,2,2022-12-31,23,2020-12-31,1043,2022-07-12,
PRSU,0000884219,297,2009-12-31,81,2006-06-30,5552,2004-08-12,
PRTA,0001559053,234,2012-12-31,60,2010-12-31,3446,2012-12-21,
PRTH,0001653558,169,2015-12-31,41,2016-03-31,2450,2016-12-06,
PRU,0001137774,196,2008-12-31,81,2006-06-30,6221,2001-12-13,
PRVA,0001759655,122,2019-12-31,26,2020-03-31,1346,2021-04-28,
PSA,0001393311,348,2007-12-31,81,2006-06-30,6752,1999-11-01,
PSFE,0001833835,93,2019-12-31,35,2017-12-31,1483,2020-10-09,
PSIX,0001137091,254,2010-12-31,81,2006-03-31,3616,2012-04-17,
PSKY,0002041610,30,2023-12-31,81,2006-06-30,273,2025-08-06,
PSMT,0001041803,318,2009-08-31,81,2006-05-31,6752,1999-11-01,
PSN,0000275880,153,2017-12-29,38,2017-03-31,1843,2019-05-08,
PSNL,0001527753,144,2017-12-31,34,2018-03-31,1813,2019-06-20,
PSTL,0001759774,80,2019-06-26,34,2018-03-31,1838,2019-05-15,
PSX,0001534701,241,2010-12-31,63,2010-12-31,3621,2012-04-12,
PTC,0000857005,344,2008-09-30,81,2006-06-30,6752,1999-11-01,
PTCT,0001070081,224,2011-12-31,61,2004-12-31,3323,2013-06-20,
PTEN,0000889900,357,2007-12-31,81,2006-06-30,6752,1999-11-01,
PTGX,0001377121,171,2015-12-31,47,2014-12-31,2531,2016-08-11,
PTLO,0001871509,66,2019-12-29,26,2020-03-31,1223,2021-10-21,
PTON,0001639825,58,2019-06-30,34,2018-03-31,1745,2019-09-26,
PTRN,0001811935,18,2023-12-31,11,2023-12-31,242,2025-09-19,
PUBM,0001422930,54,2019-12-31,28,2019-09-30,1441,2020-12-09,
PUMP,0001680247,177,2015-12-31,43,2015-12-31,2381,2017-03-17,
PURR,0002078856,26,2025-06-30,4,2025-09-30,190,2025-12-03,
PVH,0000078239,266,2009-08-02,81,2006-08-31,6752,1999-11-01,
PVLA,0001583648,211,2013-06-30,38,2017-03-31,431,2024-12-16,
PWP,0001777835,42,2021-06-30,28,2019-09-30,1453,2020-11-20,
PWR,0001050915,325,2007-12-31,81,2006-06-30,6752,1999-11-01,
PXED,0001600222,21,2024-11-30,11,2023-11-30,228,2025-10-09,
PYPL,0001633917,190,2013-12-31,50,2014-03-31,2800,2015-07-20,
PZZA,0000901491,318,2007-12-30,81,2006-06-30,6752,1999-11-01,
Q,0002058873,26,2023-12-31,10,2024-03-31,211,2025-11-03,
QBTS,0001907982,98,2020-12-31,22,2021-03-31,1024,2022-08-08,
QCOM,0000804328,357,2007-09-30,81,2006-06-30,6752,1999-11-01,
QCRH,0000906465,317,2009-12-31,81,2006-06-30,6752,1999-11-01,
QDEL,0001906324,97,2021-01-03,81,2006-06-30,6752,1999-11-01,
QGEN,0001015820,73,2008-12-31,81,2006-06-30,6752,1999-11-01,
QLYS,0001107843,288,2010-12-31,64,2010-03-31,3503,2012-09-28,
QNST,0001117297,311,2010-06-30,76,2007-09-30,4167,2010-02-11,
QRVO,0001604778,249,2013-03-30,81,2006-06-30,2936,2015-01-02,
QS,0001811414,54,2019-12-31,30,2019-03-31,1521,2020-08-17,
QSR,0001618756,237,2012-12-31,81,2005-12-31,2948,2014-12-15,
QTRX,0001503274,160,2017-12-31,43,2015-12-31,2197,2017-12-07,
QTWO,0001410384,204,2013-12-31,56,2012-09-30,3135,2014-03-20,
QUAD,0001481792,124,2009-12-31,71,2008-12-31,4068,2010-07-06,
QUBT,0001758009,138,2017-12-31,41,2010-09-30,1919,2018-08-01,
QUIK,0000882508,290,2010-01-03,81,2006-06-30,6752,1999-11-01,
QXO,0001236275,293,2010-06-30,81,2005-09-30,3639,2012-03-15,
R,0000085961,263,2009-12-31,81,2006-06-30,6752,1999-11-01,
RAIL,0001320854,271,2009-12-31,81,2006-06-30,5389,2005-04-06,
RAL,0002041385,37,2023-12-31,10,2024-03-31,299,2025-06-30,
RAMP,0000733269,214,2010-03-31,81,2006-06-30,2035,2018-08-01,
RAPP,0002012593,55,2023-06-30,14,2023-03-31,563,2024-06-07,
RARE,0001515673,210,2012-12-31,56,2011-12-31,3168,2014-01-31,
RBA,0001046102,226,2013-12-31,81,2006-06-30,6752,1999-11-01,
RBB,0001499422,199,2015-12-31,54,2013-03-31,2291,2017-07-26,
RBBN,0001708055,196,2015-12-31,81,2006-06-30,2203,2017-11-29,
RBC,0001324948,318,2009-03-28,81,2006-06-30,5301,2005-08-10,
RBCAA,0000921557,89,2010-12-31,81,2006-06-30,6752,1999-11-01,
RBKB,0001751783,156,2017-12-31,39,2016-12-31,33,2026-07-22,
RBLX,0001315098,98,2019-12-31,30,2019-03-31,1380,2021-03-10,
RBRK,0001943896,30,2023-01-31,18,2022-04-30,593,2024-04-25,
RC,0001527590,282,2011-12-31,58,2012-03-31,3414,2013-02-08,
RCAT,0000748268,235,1998-09-15,81,2006-07-31,2224,2017-09-22,
RCKT,0001281895,192,2014-12-31,51,2013-12-31,2905,2015-02-18,
RCKY,0000895456,301,2009-12-31,81,2006-06-30,6752,1999-11-01,
RCL,0000884887,274,2009-03-31,81,2006-06-30,6752,1999-11-01,
RCMT,0000700841,317,2011-01-01,81,2006-06-30,6752,1999-11-01,
RCUS,0001724521,167,2016-12-31,39,2016-12-31,2131,2018-03-15,
RDDT,0001713445,30,2022-12-31,23,2020-12-31,617,2024-03-21,
RDN,0000890926,315,2009-12-31,81,2006-06-30,6752,1999-11-01,
RDNT,0000790526,318,2009-12-31,81,2006-06-30,6752,1999-11-01,
RDNW,0001596961,124,2013-11-30,45,2014-03-31,2423,2017-01-09,
RDVT,0001720116,154,2017-12-31,42,2016-03-31,2124,2018-03-26,
RDW,0001819810,114,2020-06-21,26,2020-03-31,1257,2021-09-02,
RDZN,0001868640,67,2022-09-30,20,2021-06-30,742,2023-09-21,
REAL,0001573221,141,2018-12-31,34,2018-03-31,1807,2019-06-28,
REAX,0002136387,2,2026-04-24,30,2019-03-31,1555,2020-06-24,
REFI,0001867949,103,2021-03-31,21,2021-06-30,1190,2021-12-08,
REG,0000910606,127,2010-08-03,81,2006-06-30,6752,1999-11-01,
REGN,0000872589,157,2009-12-31,81,2006-06-30,6752,1999-11-01,
REI,0001384195,292,2010-06-30,79,2006-12-31,4884,2007-04-10,
RELL,0000355948,52,2012-06-02,81,2006-05-31,6752,1999-11-01,
RELY,0001782170,112,2019-12-31,58,2002-12-31,1243,2021-09-23,
RENT,0001468327,54,2020-01-31,65,2005-07-31,1219,2021-10-27,
REPL,0001737953,151,2018-03-31,38,2017-03-31,2043,2018-07-20,
REPX,0001001614,319,2009-12-31,81,2006-06-30,6752,1999-11-01,
RES,0000742278,223,2010-06-30,81,2006-06-30,6752,1999-11-01,
REX,0000744187,182,2010-01-31,81,2006-07-31,6752,1999-11-01,
REXR,0001571283,203,2012-12-31,58,2012-03-31,3303,2013-07-19,
REYN,0001786431,137,2018-12-31,31,2018-12-31,1658,2020-01-31,
REZI,0001740332,176,2016-12-31,39,2016-12-31,1983,2018-10-15,
RF,0001281761,293,2007-12-31,81,2006-06-30,6752,1999-11-01,
RFIL,0000740664,310,1987-04-16,81,2006-04-30,6752,1999-11-01,
RGA,0000898174,304,2009-12-31,81,2006-06-30,4523,2008-09-12,
RGCO,0001069533,309,2010-09-30,81,2006-06-30,6752,1999-11-01,
RGEN,0000730272,321,2010-03-31,81,2006-06-30,6752,1999-11-01,
RGLD,0000085535,269,2009-06-30,81,2006-06-30,6752,1999-11-01,
RGNX,0001590877,206,2014-12-31,51,2013-12-31,2758,2015-09-17,
RGR,0000095029,191,2010-12-31,81,2006-06-30,6752,1999-11-01,
RGTI,0001838359,102,2021-03-31,23,2020-12-31,1350,2021-04-22,
RH,0001528849,283,2012-01-28,81,2003-04-30,3480,2012-11-02,
RHI,0000315213,337,2008-12-31,81,2006-06-30,6751,1999-11-01,
RHLD,0002039497,41,2024-03-31,13,2023-06-30,382,2025-02-28,
RHP,0001040829,320,2009-12-31,81,2006-06-30,6752,1999-11-01,
RICK,0000935419,316,2009-09-30,81,2006-06-30,6752,1999-11-01,
RIG,0001451505,355,2007-12-31,81,2006-06-30,6752,1999-11-01,
RIGL,0001034842,207,2009-12-31,81,2006-06-30,6479,2000-11-29,
RILY,0001464790,319,2009-12-31,78,2007-03-31,2801,2015-07-16,
RIOT,0001167419,237,2010-12-31,81,2006-06-30,5942,2003-01-24,
RITM,0001556593,281,2011-12-31,58,2012-03-31,3357,2013-05-02,
RIVN,0001874178,100,2018-12-31,26,2020-03-31,1209,2021-11-10,
RJET,0000810332,177,2016-09-30,72,2004-09-30,2028,2018-08-10,
RJF,0000720005,313,2008-09-30,81,2006-06-30,6752,1999-11-01,
RKLB,0001819994,107,2020-12-31,26,2020-03-31,1264,2021-08-24,
RKT,0001805284,48,2020-09-30,30,2019-03-31,1528,2020-08-06,
RL,0001037038,140,2009-03-28,81,2006-06-30,6752,1999-11-01,
RLAY,0001812364,103,2019-12-31,30,2019-03-31,1543,2020-07-16,
RLGT,0001171155,300,2010-09-30,81,2006-03-31,4991,2006-11-01,
RLI,0000084246,330,2008-12-31,81,2006-06-30,6752,1999-11-01,
RLJ,0001511337,306,2010-12-31,67,2009-12-31,3853,2011-05-11,
RLMD,0001553643,231,2012-08-31,59,2011-12-31,2993,2014-10-09,
RM,0001519401,302,2010-12-31,67,2009-12-31,3631,2012-03-28,
RMAX,0001581091,42,2013-12-31,0,,3243,2013-10-02,
RMBI,0001767837,143,2018-12-31,34,2018-03-31,1805,2019-07-02,
RMBS,0000917273,332,2008-12-31,81,2006-06-30,6752,1999-11-01,
RMD,0000943819,332,2009-06-30,81,2006-06-30,6752,1999-11-01,
RMNI,0001635282,223,2015-03-31,56,2012-03-31,2771,2015-08-28,
RMR,0001644378,96,2015-09-30,52,2013-09-30,2696,2015-12-15,
RNA,0002093101,16,2025-03-31,42,2011-12-31,132,2026-02-27,
RNAC,0001453687,178,2015-12-31,47,2014-12-31,2566,2016-06-22,
RNG,0001384905,62,2012-12-31,59,2011-12-31,3254,2013-09-27,
RNGR,0001699039,72,2017-06-30,43,2015-12-31,2279,2017-08-11,
RNR,0000913144,321,2009-12-31,81,2006-06-30,6752,1999-11-01,
RNST,0000715072,309,2010-12-31,81,2006-06-30,6752,1999-11-01,
ROAD,0001718227,83,2017-03-31,40,2016-09-30,2096,2018-05-04,
ROCK,0000912562,300,2008-12-31,81,2006-06-30,6752,1999-11-01,
ROG,0000084748,281,2009-12-31,81,2006-06-30,6752,1999-11-01,
ROIV,0001635088,107,2021-03-31,26,2020-03-31,1237,2021-10-01,
ROK,0001024478,306,2007-09-30,81,2006-06-30,6752,1999-11-01,
ROKU,0001428439,82,2016-12-31,46,2015-03-31,2246,2017-09-28,
ROL,0000084839,305,2008-12-31,81,2006-06-30,6752,1999-11-01,
ROOT,0001788882,56,2019-12-31,34,2017-12-31,1470,2020-10-28,
ROP,0000882835,254,2007-12-31,81,2006-06-30,6752,1999-11-01,
ROST,0000745732,300,2009-01-31,81,2006-07-31,6752,1999-11-01,
RPAY,0001720592,47,2018-06-18,35,2017-12-31,2045,2018-07-17,
RPC,0001841968,56,2019-12-31,81,2006-06-30,1223,2021-10-21,
RPD,0001560327,193,2014-09-30,54,2013-03-31,2801,2015-07-17,
RPM,0000110621,328,2009-05-31,81,2006-05-31,6752,1999-11-01,
RPRX,0001802768,52,2020-06-30,81,2005-03-31,1564,2020-06-16,
RR,0001963685,33,2022-09-30,19,2021-12-31,701,2023-11-17,
RRBI,0001071236,160,2018-03-31,34,2018-03-31,1846,2019-05-03,
RRC,0000315852,347,2007-12-31,81,2006-06-30,6752,1999-11-01,
RRR,0001653653,92,2014-12-31,50,2014-03-31,2605,2016-04-27,
RRX,0000082811,322,2008-12-27,81,2006-06-30,6752,1999-11-01,
RS,0000861884,330,2008-12-31,81,2006-06-30,6752,1999-11-01,
RSG,0001060391,295,2007-12-31,81,2006-06-30,6752,1999-11-01,
RSI,0001793659,47,2020-12-29,28,2019-09-30,1600,2020-04-23,
RSVR,0001824403,116,2020-09-30,26,2020-03-31,1424,2021-01-05,
RTX,0000101829,236,2007-12-31,81,2006-06-30,6752,1999-11-01,
RUM,0001830081,38,2021-09-30,24,2020-09-30,1356,2021-04-14,
RUN,0001469367,231,2014-12-31,51,2013-12-31,2788,2015-08-05,
RUSHA,0001012019,130,2010-06-30,81,2006-06-30,6079,2002-07-10,
RUSHB,0001012019,130,2010-06-30,81,2006-06-30,6752,1999-11-01,
RVLV,0001746618,68,2017-12-31,38,2017-03-31,1822,2019-06-07,
RVMD,0001628171,124,2019-12-31,32,2018-09-30,1649,2020-02-13,
RVTY,0000031791,335,2009-07-05,81,2006-06-30,6752,1999-11-01,
RWT,0000930236,333,2008-12-31,81,2006-06-30,6752,1999-11-01,
RXO,0001929561,88,2020-12-31,22,2021-03-31,967,2022-10-27,
RXRX,0001601830,102,2019-12-31,26,2020-03-31,1354,2021-04-16,
RXST,0001111485,112,2020-06-30,26,2020-03-31,1281,2021-07-30,
RXT,0001810019,134,2018-12-31,30,2019-03-31,1529,2020-08-05,
RYAM,0001597672,257,2012-12-31,58,2012-03-31,3075,2014-06-16,
RYAN,0001849253,1,2021-09-01,26,2020-03-31,1287,2021-07-22,
RYN,0000052827,324,2009-12-31,81,2006-06-30,6752,1999-11-01,
RYTM,0001649904,163,2013-03-31,53,2012-12-31,2241,2017-10-05,
RYZ,0001481582,209,2007-07-16,34,2018-03-31,135,2026-02-24,
RZLT,0001509261,233,2011-06-30,60,2010-12-31,3092,2014-05-01,
S,0001583708,50,2020-01-31,27,2019-10-31,1302,2021-06-30,
SABR,0001597033,258,2012-12-31,58,2012-03-31,3115,2014-04-17,
SABS,0001833214,116,2020-12-31,24,2020-09-30,1400,2021-02-09,
SAFE,0001095651,310,2009-12-31,81,2006-06-30,2314,2017-06-22,
SAFT,0001172052,255,2009-12-31,81,2006-06-30,5983,2002-11-22,
SAH,0001043509,132,2009-12-31,81,2006-06-30,6752,1999-11-01,
SAIA,0001177702,317,2009-12-31,81,2006-06-30,6034,2002-09-12,
SAIC,0001571123,273,2012-01-31,64,2010-10-31,3263,2013-09-16,
SAIL,0002030781,35,2024-01-31,33,2016-10-31,392,2025-02-13,
SAM,0000949870,115,2009-12-26,81,2006-06-30,6752,1999-11-01,
SAMG,0001549966,110,2012-12-31,60,2010-12-31,3318,2013-06-27,
SANA,0001770121,114,2020-06-30,27,2019-12-31,1403,2021-02-04,
SANM,0000897723,231,2009-10-03,81,2006-06-30,6752,1999-11-01,
SARO,0002025410,52,2022-12-31,14,2023-03-31,483,2024-10-02,
SATL,0001874315,37,2020-12-31,29,2019-03-31,1368,2021-03-26,
SB,0001434754,77,2010-12-31,79,2006-12-31,4596,2008-05-30,
SBAC,0001034054,264,2009-12-31,81,2006-06-30,6752,1999-11-01,
SBC,0001930313,53,2022-06-30,14,2023-03-31,493,2024-09-18,
SBCF,0000730708,317,2009-12-31,81,2006-06-30,6752,1999-11-01,
SBET,0001981535,73,2022-12-31,81,2005-09-30,643,2024-02-13,
SBGI,0001971213,36,2021-12-31,81,2006-06-30,6752,1999-11-01,
SBH,0001368458,339,2006-11-30,81,2006-06-30,4979,2006-11-17,
SBMT,0002067674,16,2025-03-31,10,2024-03-31,89,2026-04-30,
SBRA,0001492298,313,2010-11-14,63,2010-12-31,6148,2002-04-02,
SBSI,0000705432,248,2010-12-31,81,2006-06-30,6752,1999-11-01,
SBT,,0,,37,2015-12-31,2005,2017-11-16,
SBUX,0000829224,336,2007-09-30,81,2006-06-30,6752,1999-11-01,
SCCO,0001001838,197,2007-12-31,81,2006-06-30,6752,1999-11-01,
SCHL,0000866729,207,2010-05-31,81,2006-05-31,6752,1999-11-01,
SCHW,0000316709,249,2007-12-31,81,2006-06-30,6752,1999-11-01,
SCI,0000089089,336,2008-12-31,81,2006-06-30,6752,1999-11-01,
SCL,0000094049,255,2009-12-31,81,2006-06-30,6752,1999-11-01,
SCSC,0000918965,337,2009-06-30,81,2006-06-30,6752,1999-11-01,
SD,0001349436,360,2007-12-31,81,2006-06-30,2494,2016-10-04,
SDGR,0001490978,74,2019-09-30,34,2018-03-31,1654,2020-02-06,
SDRL,0001737706,90,2005-05-10,56,2012-09-30,976,2022-10-14,
SEB,0000088121,265,2009-12-31,81,2006-06-30,6752,1999-11-01,
SEG,0002009684,55,2022-12-31,14,2023-03-31,528,2024-07-30,
SEI,0001697500,8,2017-06-30,43,2015-12-31,2342,2017-05-12,
SEIC,0000350894,255,2009-12-31,81,2006-06-30,6752,1999-11-01,
SENEA,0000088948,123,2011-03-31,81,2006-06-30,6752,1999-11-01,
SENS,0001616543,191,2014-06-30,48,2014-09-30,2633,2016-03-17,
SEPN,0001984086,48,2023-09-30,12,2023-09-30,466,2024-10-25,
SERV,0001832483,112,2020-12-31,16,2022-09-30,627,2024-03-07,
SES,0001819142,60,2020-12-31,69,2007-09-30,1387,2021-03-01,
SEVN,0001452477,110,2019-12-31,24,2020-03-31,1533,2020-07-30,
SEZL,0001662991,115,2020-06-30,34,2018-03-31,766,2023-08-17,
SF,0000720672,227,2008-12-31,81,2006-06-30,6752,1999-11-01,
SFBS,0001430723,308,2010-12-31,74,2008-03-31,3097,2014-05-14,
SFD,0000091388,159,2009-05-03,81,1997-06-30,404,2025-01-28,
SFIX,0001576942,84,2016-07-30,43,2015-10-31,2210,2017-11-17,
SFL,0001289877,158,2009-12-31,81,2006-06-30,5591,2004-06-17,
SFM,0001575515,278,2012-01-01,59,2011-12-31,3294,2013-08-01,
SFNC,0000090498,309,2010-12-31,81,2006-06-30,6752,1999-11-01,
SFST,0001090009,322,2009-12-31,81,2006-06-30,6752,1999-11-01,
SG,0001477815,48,2020-12-27,31,2018-12-31,1203,2021-11-18,
SGC,0000095574,311,2010-06-30,81,2006-06-30,6752,1999-11-01,
SGHC,0001878057,5,2021-12-31,26,2020-03-31,1155,2022-01-28,
SGHT,0001531177,105,2020-12-31,26,2020-03-31,1292,2021-07-15,
SGI,0001206264,222,2008-12-31,50,2005-09-30,5714,2003-12-18,
SGMT,0001400118,47,2022-06-30,20,2020-03-31,790,2023-07-14,
SGP,0001778922,23,2024-12-31,7,2024-12-31,146,2026-02-06,
SGRY,0001638833,232,2013-12-31,51,2013-12-31,2748,2015-10-01,
SHAK,0001620533,104,2013-12-25,58,2012-03-31,2917,2015-01-30,
SHAZ,0002068385,12,2024-12-31,9,2024-06-30,1159,2021-12-27,
SHBI,0001035092,309,2010-12-31,81,2006-06-30,6402,2001-03-22,
SHC,0001822479,102,2019-12-31,30,2019-03-31,1453,2020-11-20,
SHEN,0000354963,272,2009-12-31,81,2006-06-30,6752,1999-11-01,
SHLS,0001831651,44,2021-03-31,27,2019-12-31,1409,2021-01-27,
SHO,0001295810,256,2009-12-31,81,2006-06-30,5503,2004-10-21,
SHOE,0000895447,249,2010-07-31,81,2006-04-30,6752,1999-11-01,
SHOO,0000913241,302,2009-12-31,81,2006-06-30,6752,1999-11-01,
SHOP,0001594805,34,2014-12-31,54,2013-03-31,2840,2015-05-21,
SHW,0000089800,296,2007-12-31,81,2006-06-30,6752,1999-11-01,
SI,0001699350,35,2024-06-30,0,,277,2025-07-31,
SIBN,0001459839,148,2017-12-31,43,2014-03-31,1981,2018-10-17,
SIDU,0001879726,44,2021-03-31,24,2020-09-30,1186,2021-12-14,
SIG,0000832988,278,2009-08-01,81,2006-04-30,6752,1999-11-01,
SIGA,0001010086,285,2009-12-31,81,2006-06-30,6750,1999-11-01,
SIGI,0000230557,217,2009-12-31,81,2006-06-30,6752,1999-11-01,
SION,0002036042,41,2019-12-31,11,2023-12-31,396,2025-02-07,
SIRI,0000908937,337,2008-12-31,81,2006-06-30,6752,1999-11-01,
SITC,0000894315,265,2009-12-31,81,2006-06-30,6452,2001-01-02,
SITE,0001650729,217,2014-12-28,51,2013-12-31,2594,2016-05-12,
SITM,0001451809,135,2018-12-31,34,2018-03-31,1706,2019-11-20,
SJM,0000091419,244,2009-04-30,81,2006-07-31,6752,1999-11-01,
SKT,0000899715,143,2010-08-02,81,2006-06-30,6752,1999-11-01,
SKWD,0001519449,80,2021-12-31,26,2020-03-31,914,2023-01-13,
SKY,0000090896,236,2010-08-31,81,2006-06-30,6752,1999-11-01,
SKYH,0001823587,44,2021-03-31,44,2009-06-30,1442,2020-12-08,
SKYW,0000793733,257,2009-12-31,81,2006-06-30,6752,1999-11-01,
SLAB,0001038074,337,2009-01-03,81,2006-06-30,6652,2000-03-24,
SLB,0000087347,237,2007-12-31,81,2006-06-30,6752,1999-11-01,
SLDB,0001707502,148,2017-12-31,41,2015-12-31,2164,2018-01-26,
SLDE,0001886428,35,2024-06-30,14,2023-03-31,306,2025-06-18,
SLDP,0001844862,86,2020-12-31,26,2020-03-31,1332,2021-05-18,
SLG,0001040971,333,2008-12-31,81,2006-06-30,6752,1999-11-01,
SLGN,0000849869,237,2009-06-30,81,2006-06-30,6752,1999-11-01,
SLM,0001032033,299,2007-12-31,81,2006-06-30,6752,1999-11-01,
SLNH,0000064463,234,2010-12-31,81,2006-03-31,4356,2009-04-28,
SLP,0001023459,317,2010-11-30,81,2006-05-31,6752,1999-11-01,
SLS,0001390478,255,2010-12-31,79,2006-12-31,2182,2017-12-29,
SLVM,0001856485,109,2019-12-31,26,2020-03-31,1243,2021-09-23,
SM,0000893538,337,2008-12-31,81,2006-06-30,6752,1999-11-01,
SMA,0001585389,71,2013-12-31,13,2023-06-30,359,2025-04-02,
SMBC,0000916907,212,2011-06-30,81,2006-06-30,6752,1999-11-01,
SMBK,0001038773,301,2010-12-31,81,2006-06-30,6453,2001-01-02,
SMC,0002024218,27,2023-09-30,16,2022-09-30,526,2024-08-01,
SMCI,0001375365,268,2010-06-30,81,2006-06-30,4891,2007-03-29,
SMG,0000825542,317,2009-06-27,81,2006-06-30,6752,1999-11-01,
SMHI,0001690334,141,2015-12-31,43,2015-12-31,2328,2017-06-02,
SMID,0000924719,313,2010-06-30,81,2006-06-30,2624,2016-01-04,
SMMT,0001599298,148,2018-01-31,56,2011-09-30,2894,2015-03-05,
SMP,0000093389,255,2009-12-31,81,2006-06-30,6752,1999-11-01,
SMPL,0001702744,162,2017-07-14,58,2011-08-31,2303,2017-07-10,
SMR,0001822966,46,2020-12-31,23,2020-12-31,1441,2020-12-09,
SMRT,0001837014,108,2020-12-31,26,2020-03-31,1402,2021-02-05,
SMTC,0000088941,332,2009-01-25,81,2006-07-31,6752,1999-11-01,
SMTI,0000714256,284,2010-06-30,81,2006-06-30,3901,2011-02-22,
SN,0001957132,35,2021-12-31,52,2009-12-31,779,2023-07-31,
SNA,0000091440,271,2009-01-03,81,2006-06-30,6752,1999-11-01,
SND,0001529628,216,2014-12-31,49,2012-12-31,2471,2016-11-04,
SNDA,0001043000,322,2009-12-31,81,2006-06-30,6752,1999-11-01,
SNDK,0002023554,42,2023-06-30,12,2023-09-30,386,2025-02-24,
SNDR,0001692063,86,2015-12-31,44,2014-12-31,2367,2017-04-06,
SNDX,0001395937,164,2015-12-31,55,2012-12-31,2643,2016-03-03,
SNEX,0000913760,309,2009-09-30,81,2006-06-30,6752,1999-11-01,
SNFCA,0000318673,139,2009-12-31,81,2006-06-30,6455,2001-01-02,
SNOW,0001640147,79,2020-01-31,30,2019-04-30,1500,2020-09-16,
SNPS,0000883241,273,2008-10-31,81,2006-07-31,6752,1999-11-01,
SNX,0001177394,252,2009-11-30,81,2006-05-31,5730,2003-11-25,
SO,0000092122,252,2007-12-31,81,2006-06-30,6752,1999-11-01,
SOC,0001831481,59,2021-03-01,23,2020-09-30,641,2024-02-15,
SOFI,0001818874,118,2019-12-31,27,2019-12-31,1448,2020-11-30,
SOLS,0002064953,28,2023-12-31,9,2024-06-30,214,2025-10-29,
SOLV,0001964738,64,2022-12-31,18,2022-03-31,614,2024-03-26,
SON,0000091767,332,2008-12-31,81,2006-06-30,6752,1999-11-01,
SONO,0001314727,119,2017-09-30,45,2011-06-30,2034,2018-08-02,
SOUN,0001840856,65,2020-12-31,23,2020-12-31,1093,2022-04-28,
SPB,0000109177,220,2010-09-30,81,2006-06-30,4278,2009-09-02,
SPCE,0001706946,138,2018-12-31,36,2017-09-30,2245,2017-09-29,
SPCX,0001181412,4,2025-06-30,4,2025-03-31,59,2026-06-12,
SPFI,0001163668,160,2018-03-31,34,2018-03-31,1842,2019-05-09,
SPG,0001063761,115,2008-12-31,81,2006-06-30,6752,1999-11-01,
SPGI,0000064040,273,2007-12-31,81,2006-06-30,6451,2001-01-02,
SPHR,0001795250,55,2018-06-30,39,2014-03-31,1610,2020-04-09,
SPIR,0001816017,48,2020-09-30,24,2020-03-31,1466,2020-11-03,
SPNT,0001576018,276,2011-12-31,58,2012-03-31,3284,2013-08-15,
SPOK,0001289945,253,2009-12-31,81,2006-06-30,5484,2004-11-17,
SPOT,0001639920,8,2018-12-31,42,2016-03-31,2119,2018-04-03,
SPRB,0001683553,114,2019-12-31,30,2019-03-31,1483,2020-10-09,
SPRY,0001671858,108,2020-12-31,26,2019-12-31,1444,2020-12-04,
SPSC,0001092699,322,2009-12-31,74,2008-03-31,4119,2010-04-22,
SPT,0001517375,23,2020-12-31,34,2018-03-31,1690,2019-12-13,
SPXC,0000088205,357,2007-12-31,81,2006-06-30,6752,1999-11-01,
SR,0001126956,322,2008-09-30,81,2006-06-30,6752,1999-11-01,
SRBK,0001951276,63,2022-09-30,20,2021-09-30,743,2023-09-20,
SRCE,0000034782,253,2010-06-30,81,2006-06-30,6752,1999-11-01,
SRE,0001032208,268,2007-12-31,81,2006-06-30,6752,1999-11-01,
SRI,0001043337,317,2009-12-31,81,2006-06-30,6752,1999-11-01,
SRPT,0000873303,301,2009-12-31,81,2006-06-30,6752,1999-11-01,
SRRK,0001727196,149,2017-12-31,39,2016-12-31,2082,2018-05-24,
SRTA,0001779128,95,2019-09-30,28,2019-09-30,257,2025-08-28,
SRZN,0001824893,104,2020-12-31,26,2020-03-31,1419,2021-01-11,
SSB,0000764038,323,2009-12-31,81,2006-06-30,6752,1999-11-01,
SSD,0000920371,237,2008-12-31,81,2006-06-30,6752,1999-11-01,
SSNC,0001402436,309,2009-12-31,81,2006-06-30,4134,2010-03-31,
SSP,0000832428,128,2009-12-31,81,2006-06-30,6752,1999-11-01,
SSRM,0000921638,98,2017-12-31,81,2006-06-30,6752,1999-11-01,
SSTK,0001549346,282,2010-12-31,66,2010-03-31,3494,2012-10-11,
ST,0001477294,257,2009-12-31,74,2008-03-31,4148,2010-03-11,
STAA,0000718937,308,2010-01-01,81,2005-12-31,6752,1999-11-01,
STAG,0001479094,266,2011-06-30,71,2008-12-31,3870,2011-04-15,
STBA,0000719220,312,2010-06-30,81,2006-06-30,6752,1999-11-01,
STC,0000094344,234,2010-06-30,81,2006-06-30,6752,1999-11-01,
STE,0001757898,150,2017-03-31,81,2006-06-30,6752,1999-11-01,
STEP,0001796022,48,2020-09-30,31,2018-12-31,1500,2020-09-16,
STGW,0000876883,139,2010-06-30,81,2006-06-30,1279,2021-08-03,
STLD,0001022671,352,2007-12-31,81,2006-06-30,6752,1999-11-01,
STLN,0001799191,116,2019-12-31,6,2025-03-31,1206,2021-11-15,
STNE,0001745431,0,,41,2016-06-30,1975,2018-10-25,
STNG,0001483934,9,2017-12-31,72,2007-12-31,4134,2010-03-31,
STOK,0001623526,131,2018-12-31,34,2018-03-31,1814,2019-06-19,
STRA,0001013934,337,2008-12-31,81,2006-06-30,6752,1999-11-01,
STRL,0000874238,285,2009-12-31,81,2006-06-30,6752,1999-11-01,
STRO,0001382101,150,2017-12-31,39,2016-12-31,1995,2018-09-27,
STRT,0000933034,267,2010-06-27,81,2006-06-30,6752,1999-11-01,
STRW,0001782430,92,2021-06-30,21,2021-06-30,993,2022-09-21,
STRZ,0000929351,211,2009-03-31,36,2017-03-31,335,2025-05-07,
STT,0000093751,319,2007-12-31,81,2006-06-30,6752,1999-11-01,
STTK,0001680367,125,2019-12-31,30,2019-03-31,1483,2020-10-09,
STUB,0001337634,18,2023-12-31,18,2022-03-31,244,2025-09-17,
STWD,0001465128,272,2009-12-31,67,2009-12-31,4293,2009-08-12,
STX,0001137789,282,2009-07-03,81,2006-06-30,5971,2002-12-11,
STXS,0001289340,248,2010-12-31,81,2006-06-30,5550,2004-08-12,
STZ,0000016918,0,,81,2006-05-31,6752,1999-11-01,
SUI,0000912593,295,2009-12-31,81,2006-06-30,6752,1999-11-01,
SUNB,0002083785,18,2024-04-30,7,2024-10-31,131,2026-03-02,
SUPN,0001356576,292,2010-12-31,65,2008-12-31,3608,2012-05-01,
SVC,0000945394,333,2008-12-31,81,2006-06-30,6752,1999-11-01,
SVCO,0001943289,60,2023-03-31,15,2022-12-31,583,2024-05-09,
SVRA,0001160308,227,2010-12-31,81,2006-06-30,5621,2004-04-29,
SVV,0001883313,77,2022-01-01,28,2019-03-31,800,2023-06-29,
SW,0002005951,46,2022-12-31,70,2009-03-31,544,2024-07-08,
SWBI,0001092796,317,2010-04-30,81,2006-07-31,6752,1999-11-01,
SWIM,0001833197,120,2019-12-31,26,2020-03-31,1349,2021-04-23,
SWK,0000093556,287,2009-01-03,81,2006-06-30,6752,1999-11-01,
SWKS,0000004127,347,2008-10-03,81,2006-06-30,6752,1999-11-01,
SWMR,0002092574,16,2025-03-31,4,2025-03-31,118,2026-03-17,
SWX,0001692115,200,2015-12-31,81,2006-06-30,6752,1999-11-01,
SXC,0001514705,266,2009-12-31,67,2009-12-31,3804,2011-07-21,
SXI,0000310354,306,2010-06-30,81,2006-06-30,6752,1999-11-01,
SXT,0000310142,222,2008-12-31,81,2006-06-30,6752,1999-11-01,
SYBT,0000835324,315,2010-06-30,81,2006-06-30,6752,1999-11-01,
SYF,0001601712,258,2012-12-31,58,2012-03-31,3043,2014-07-31,
SYK,0000310764,253,2008-06-30,81,2006-06-30,6752,1999-11-01,
SYNA,0000817720,358,2009-06-27,81,2006-06-30,6191,2002-01-29,
SYRE,0001636282,159,2015-12-31,50,2014-03-31,2619,2016-04-07,
SYY,0000096021,286,2008-06-28,81,2006-06-30,6752,1999-11-01,
T,0000732717,273,2008-12-31,81,2006-06-30,6752,1999-11-01,
TALO,0001724965,169,2015-12-31,38,2017-03-31,2092,2018-05-10,
TAP,0000024545,155,2007-12-30,81,2006-06-30,6752,1999-11-01,
TARA,0001359931,205,2013-03-31,48,2014-09-30,2985,2014-10-22,
TARS,0001819790,126,2019-12-31,34,2017-12-31,1478,2020-10-16,
TATT,0000808439,85,2011-12-31,81,2006-06-30,6752,1999-11-01,
TAYD,0000096536,123,2011-08-31,81,2006-05-31,6752,1999-11-01,
TBBK,0001295401,284,2010-12-31,81,2006-06-30,5684,2004-02-03,
TBCH,0001493761,302,2010-06-30,68,2009-09-30,4004,2010-10-05,
TBI,0000768899,337,2008-12-26,81,2006-06-30,6752,1999-11-01,
TBLA,0001840502,56,2019-12-31,26,2020-03-31,1302,2021-06-30,
TBPH,0001583107,218,2013-12-31,58,2012-03-31,3095,2014-05-16,
TCBI,0001077428,258,2009-12-31,81,2006-06-30,5802,2003-08-14,
TCBK,0000356171,311,2007-08-21,81,2006-06-30,6752,1999-11-01,
TCBX,0001781730,109,2019-12-31,26,2020-03-31,1210,2021-11-09,
TCI,0000733590,284,2009-12-31,81,2006-06-30,6752,1999-11-01,
TCMD,0001027838,217,2014-12-31,51,2013-12-31,2541,2016-07-28,
TCX,0000909494,320,2009-12-31,81,2006-06-30,6752,1999-11-01,
TDAY,0001579684,248,2013-06-18,56,2012-09-30,3166,2014-02-04,
TDC,0000816761,280,2008-12-31,81,2006-06-30,4763,2007-10-01,
TDG,0001260221,203,2009-09-30,81,2006-06-30,5152,2006-03-15,
TDOC,0001477449,185,2014-12-31,51,2013-12-31,2812,2015-07-01,
TDS,0001051512,273,2008-12-31,81,2006-06-30,6752,1999-11-01,
TDUP,0001484778,100,2019-12-31,34,2017-12-31,1368,2021-03-26,
TDW,0000098222,311,2009-03-31,81,2006-06-30,6752,1999-11-01,
TDY,0001094285,331,2008-12-28,81,2006-06-30,6736,1999-11-23,
TE,0001992243,71,2021-07-09,81,2003-09-30,1297,2021-07-08,
TEAM,0001650372,42,2021-06-30,52,2013-09-30,2699,2015-12-10,
TECH,0000842023,332,2009-06-30,81,2006-06-30,6752,1999-11-01,
TECX,0001681087,144,2017-12-31,36,2017-03-31,2063,2018-06-21,
TEL,0001385157,287,2007-09-28,81,2006-06-30,4838,2007-06-14,
TEM,0001717115,28,2022-12-31,23,2020-03-31,558,2024-06-14,
TENB,0001660280,142,2017-12-31,42,2016-03-31,2039,2018-07-26,
TENX,0000034956,249,2010-07-31,81,2006-06-30,6752,1999-11-01,
TER,0000097210,337,2008-12-31,81,2006-06-30,6752,1999-11-01,
TEX,0000097216,286,2007-12-31,81,2006-06-30,6752,1999-11-01,
TFC,0000092230,287,2007-12-31,81,2006-06-30,6752,1999-11-01,
TFIN,0001539638,252,2012-12-31,54,2013-03-31,2973,2014-11-07,
TFSL,0001381668,337,2008-09-30,81,2006-06-30,4875,2007-04-23,
TFX,0000096943,222,2008-12-31,81,2006-06-30,6752,1999-11-01,
TG,0000850429,313,2010-06-30,81,2006-06-30,6752,1999-11-01,
TGLS,0001534675,291,2012-02-29,58,2012-03-31,3601,2012-05-10,
TGT,0000027419,352,2008-02-02,81,2006-07-31,6752,1999-11-01,
TGTX,0001001316,232,2010-12-31,81,2006-06-30,4112,2010-05-03,
TH,0001712189,141,2018-12-31,38,2017-03-31,3206,2013-07-25,
THC,0000070318,271,2008-12-31,81,2006-06-30,6752,1999-11-01,
THFF,0000714562,242,2009-12-31,81,2006-06-30,6752,1999-11-01,
THG,0000944695,271,2008-12-31,81,2006-06-30,6752,1999-11-01,
THO,0000730263,261,2009-07-31,81,2006-04-30,6752,1999-11-01,
THRD,,0,,17,2021-03-31,985,2022-09-14,
THRM,0000903129,317,2009-12-31,81,2006-06-30,6752,1999-11-01,
THRY,0001556739,175,2012-06-30,52,2012-06-30,1489,2020-10-01,
TIC,0002032966,20,2024-12-31,9,2023-05-31,388,2025-02-20,
TIGO,0000912958,8,2018-12-31,81,2006-06-30,3813,2011-05-31,
TILE,0000715787,237,2010-01-03,81,2006-06-30,6752,1999-11-01,
TIPT,0001393726,204,2011-03-31,77,2007-06-30,3996,2010-10-15,
TITN,0001409171,317,2010-01-31,81,2006-07-31,4711,2007-12-13,
TJX,0000109198,363,2008-01-26,81,2006-07-31,6752,1999-11-01,
TK,0000911971,143,2008-12-31,81,2006-06-30,6752,1999-11-01,
TKNO,0001850902,114,2020-06-30,26,2020-03-31,1305,2021-06-25,
TKO,0001973266,24,2023-09-30,22,2021-03-31,749,2023-09-12,
TKR,0000098362,263,2009-12-31,81,2006-06-30,6752,1999-11-01,
TLN,0001622536,100,2013-12-31,22,2015-03-31,818,2023-06-02,
TLS,0000320121,131,2011-08-08,81,2006-06-30,1454,2020-11-19,
TLSI,0001826667,72,2022-09-30,22,2021-03-31,771,2023-08-10,
TMDX,0001756262,142,2018-12-29,38,2017-03-31,1847,2019-05-02,
TMO,0000097745,289,2006-12-31,81,2006-06-30,6752,1999-11-01,
TMP,0001005817,247,2010-12-31,81,2006-06-30,6752,1999-11-01,
TMUS,0001283699,337,2008-12-31,81,2006-06-30,4877,2007-04-19,
TNC,0000097134,317,2009-12-31,81,2006-06-30,6752,1999-11-01,
TNDM,0001438133,208,2013-12-31,57,2011-12-31,3220,2013-11-14,
TNET,0000937098,262,2012-12-31,59,2011-12-31,3130,2014-03-27,
TNGX,0001819133,114,2019-12-31,26,2020-03-31,1508,2020-09-03,
TNK,0001419945,74,2010-04-30,81,2006-06-30,4711,2007-12-13,
TNL,0001361658,263,2009-12-31,81,2006-06-30,5065,2006-07-19,
TNXP,0001430306,233,2010-12-31,74,2008-03-31,3601,2012-05-10,
TOL,0000794170,286,2008-10-31,81,2006-07-31,6752,1999-11-01,
TOST,0001650164,56,2019-12-31,26,2020-03-31,1244,2021-09-22,
TOWN,,0,,81,2006-06-30,6752,1999-11-01,
TOYO,0001985273,26,2022-12-31,18,2021-09-30,548,2024-07-01,
TPB,0001290677,123,2014-12-31,64,2004-03-31,2595,2016-05-11,
TPC,0000077543,317,2009-12-31,81,2006-06-30,6752,1999-11-01,
TPG,0001880661,38,2021-12-31,23,2020-12-31,1165,2022-01-13,
TPL,0001811074,101,2018-12-31,81,2006-06-30,6752,1999-11-01,
TPR,0001116132,352,2008-06-28,81,2006-06-30,6516,2000-10-06,
TRAK,0000050471,257,2011-05-05,81,2006-03-31,2947,2005-12-13,
TRAX,0002091349,10,2025-06-30,4,2025-03-31,97,2026-04-20,
TRC,0000096869,303,2010-12-31,81,2006-06-30,6752,1999-11-01,
TRDA,0001689375,110,2020-09-30,26,2020-03-31,1217,2021-10-29,
TREE,0001434621,315,2010-06-30,81,2006-06-30,4545,2008-08-12,
TREX,0001069878,317,2009-12-31,81,2006-06-30,6752,1999-11-01,
TRGP,0001389170,317,2009-12-31,70,2008-12-31,3960,2010-12-07,
TRI,0001075124,6,2017-12-31,81,2006-06-30,6098,2002-06-12,
TRIP,0001526520,246,2009-12-31,66,2010-03-31,3707,2011-12-07,
TRMB,0000864749,335,2009-01-02,81,2006-06-30,6752,1999-11-01,
TRMK,0000036146,329,2008-12-31,81,2006-06-30,6752,1999-11-01,
TRN,0000099780,225,2008-12-31,81,2006-06-30,6752,1999-11-01,
TRNO,0001476150,259,2010-12-31,66,2010-03-31,4168,2010-02-10,
TRNS,0000099302,316,2010-03-27,81,2006-06-30,6752,1999-11-01,
TRON,0001956744,74,2022-06-30,19,2021-06-30,1057,2021-08-11,
TROW,0001113169,300,2007-12-31,81,2006-06-30,6752,1999-11-01,
TROX,0001530804,190,2012-03-31,81,2005-06-30,3964,2010-12-01,
TRS,0000842633,317,2009-12-31,81,2006-06-30,4856,2007-05-18,
TRST,0000357301,267,2010-12-31,81,2006-06-30,6752,1999-11-01,
TRTX,0001630472,177,2015-12-31,43,2015-12-31,2295,2017-07-20,
TRU,0001552033,256,2012-12-31,56,2012-09-30,2816,2015-06-25,
TRUP,0001371285,190,2014-08-27,58,2012-03-31,3052,2014-07-18,
TRV,0000086312,291,2006-12-31,81,2006-06-30,6752,1999-11-01,
TRVI,0001563880,134,2018-12-31,35,2017-12-31,1844,2019-05-07,
TSBK,0001046050,314,2009-09-30,81,2006-06-30,6752,1999-11-01,
TSCO,0000916365,342,2008-12-27,81,2006-06-30,6752,1999-11-01,
TSEOQ,0001519061,257,2012-12-31,0,,3075,2014-06-12,
TSHA,0001806310,117,2019-12-31,27,2019-12-31,1494,2020-09-24,
TSLA,0001318605,282,2010-07-31,75,2007-03-31,4072,2010-06-29,
TSN,0000100493,73,2008-09-30,81,2006-06-30,6752,1999-11-01,
TSSI,0001320760,294,2010-06-30,81,2006-06-30,4123,2010-04-01,
TT,0001466258,242,2008-06-30,81,2006-06-30,6752,1999-11-01,
TTAM,0002035304,1,2025-12-31,11,2023-12-31,396,2025-02-07,
TTAN,0001638826,28,2023-01-31,17,2022-04-30,433,2024-12-12,
TTC,0000737758,343,2008-10-31,81,2006-07-31,6752,1999-11-01,
TTD,0001671933,90,2014-12-31,50,2014-03-31,2503,2016-09-21,
TTEK,0000831641,336,2008-09-28,81,2006-06-30,6752,1999-11-01,
TTGT,0002018064,50,2022-12-31,81,2006-06-30,440,2024-12-03,
TTI,0000844965,295,2008-12-31,81,2006-06-30,6752,1999-11-01,
TTMI,0001116942,315,2009-12-31,81,2006-06-30,6525,2000-09-25,
TTWO,0000946581,309,2009-10-31,81,2006-06-30,6752,1999-11-01,
TVTX,0001438533,276,2011-08-31,65,2010-06-30,3476,2012-11-08,
TW,0001758730,72,2017-12-31,81,2004-09-30,1866,2019-04-04,
TWI,0000899751,282,2009-12-31,81,2006-06-30,6752,1999-11-01,
TWIN,0000100378,270,2010-06-30,81,2006-06-30,6752,1999-11-01,
TWLO,0001447669,87,2015-12-31,50,2014-03-31,2565,2016-06-23,
TWO,0001465740,315,2009-12-31,0,,4229,2009-10-30,
TWST,0001581280,142,2018-09-30,40,2016-09-30,1971,2018-10-31,
TXG,0001770787,80,2018-12-31,34,2018-03-31,1755,2019-09-12,
TXN,0000097476,287,2007-12-31,81,2006-06-30,6752,1999-11-01,
TXNM,0001108426,325,2009-12-31,15,2022-12-31,6752,1999-11-01,
TXRH,0001289460,322,2009-12-29,81,2006-06-30,5515,2004-10-05,
TXT,0000217346,286,2009-01-03,81,2006-06-30,6752,1999-11-01,
TYGO,0001855447,96,2020-12-31,24,2020-03-31,1256,2021-09-03,
TYL,0000860731,297,2009-12-31,81,2006-06-30,6752,1999-11-01,
TYRA,0001863127,105,2020-09-30,26,2020-03-31,1248,2021-09-15,
U,0001810806,126,2019-12-31,30,2019-03-31,1498,2020-09-18,
UA,0001336917,134,2008-12-31,81,2006-06-30,2619,2016-04-07,
UAA,0001336917,134,2008-12-31,81,2006-06-30,5230,2005-11-18,
UAL,0000100517,258,2009-10-31,81,2006-06-30,5178,2006-02-06,
UAMY,0000101538,278,2009-12-31,81,2006-06-30,6673,2000-02-24,
UBER,0001543151,162,2017-12-31,38,2017-03-31,1841,2019-05-10,
UBSI,0000729986,272,2008-12-31,81,2006-06-30,6752,1999-11-01,
UCB,0000857855,305,2010-06-30,81,2006-06-30,6152,2002-03-18,
UCTT,0001275014,317,2010-01-01,81,2006-06-30,5648,2004-03-25,
UDR,0000074208,325,2008-12-31,81,2006-06-30,6752,1999-11-01,
UE,0001611547,216,2013-12-31,55,2012-12-31,2926,2015-01-16,
UEC,0001334933,288,2010-07-31,81,2006-04-30,4886,2007-04-05,
UFCS,0000101199,313,2009-12-31,81,2006-06-30,6752,1999-11-01,
UFPI,0000912767,323,2009-12-26,81,2006-06-30,6752,1999-11-01,
UFPT,0000914156,316,2009-12-31,81,2006-06-30,6752,1999-11-01,
UGI,0000884614,281,2008-09-30,81,2006-06-30,6752,1999-11-01,
UHAL,0000004457,67,2010-03-31,81,2006-06-30,6752,1999-11-01,
UHAL-B,0000004457,67,2010-03-31,81,2006-06-30,957,2022-11-10,
UHS,0000352915,140,2008-12-31,81,2006-06-30,6752,1999-11-01,
UHT,0000798783,317,2009-12-31,81,2006-06-30,6752,1999-11-01,
UI,0001511737,276,2010-06-30,68,2009-09-30,3744,2011-10-14,
UIS,0000746838,263,2009-12-31,81,2006-06-30,6752,1999-11-01,
ULCC,0001670076,117,2019-12-31,29,2016-03-31,1364,2021-04-01,
ULH,0001308208,333,2009-12-31,81,2006-06-30,2602,2016-05-02,
ULS,0001901440,39,2022-12-31,18,2022-03-31,602,2024-04-12,
ULTA,0001403568,328,2010-01-30,81,2006-07-31,4745,2007-10-25,
UMAC,0001956955,65,2022-12-31,20,2021-09-30,642,2024-02-14,
UMBF,0000101382,329,2008-12-31,81,2006-06-30,6752,1999-11-01,
UMH,0000752642,309,2009-12-31,81,2006-06-30,6752,1999-11-01,
UNCY,0001766140,110,2020-12-31,30,2019-03-31,1295,2021-07-12,
UNF,0000717954,117,2009-08-29,81,2006-05-31,6752,1999-11-01,
UNFI,0001020859,327,2009-08-01,81,2006-04-30,6752,1999-11-01,
UNH,0000731766,357,2007-12-31,81,2006-06-30,6752,1999-11-01,
UNIT,0002020795,36,2023-12-31,54,2013-03-31,2863,2015-04-20,
UNM,0000005513,278,2008-12-31,81,2006-06-30,6752,1999-11-01,
UNP,0000100885,355,2007-12-31,81,2006-06-30,6752,1999-11-01,
UNTY,0000920427,321,2010-06-30,81,2006-06-30,6752,1999-11-01,
UP,0001819516,113,2019-12-31,26,2020-03-31,1458,2020-11-13,
UPB,0002022626,50,2023-09-30,12,2023-09-30,476,2024-10-11,
UPBD,0000933036,263,2009-12-31,81,2006-06-30,6752,1999-11-01,
UPS,0001090727,142,2008-12-31,81,2006-06-30,6745,1999-11-10,
UPST,0001647639,122,2019-12-31,28,2019-09-30,1436,2020-12-16,
UPWK,0001627475,150,2017-12-31,41,2016-06-30,1991,2018-10-03,
URBN,0000912615,338,2009-01-31,81,2006-07-31,6752,1999-11-01,
URG,0001375205,228,2010-12-31,81,2006-06-30,4557,2008-07-25,
URGN,0001668243,129,2016-12-31,45,2014-12-31,2348,2017-05-04,
URI,0001067701,308,2009-12-31,81,2006-06-30,6752,1999-11-01,
USAR,0001970622,37,2023-03-31,42,2015-12-31,789,2023-07-17,
USAU,0000027093,265,2011-04-30,81,2006-04-30,6751,1999-11-01,
USB,0000036104,303,2007-12-31,81,2006-06-30,6752,1999-11-01,
USCB,0001901637,23,2022-03-01,26,2020-03-31,1286,2021-07-23,
USFD,0001665918,217,2014-12-27,54,2013-03-31,2584,2016-05-26,
USGO,0001947244,85,2022-05-31,18,2022-02-28,848,2023-04-20,
USLM,0000082020,211,2010-12-31,81,2006-06-30,6752,1999-11-01,
USNA,0000896264,318,2010-01-02,81,2006-06-30,6752,1999-11-01,
USPH,0000885978,241,2009-12-31,81,2006-06-30,6752,1999-11-01,
UTHR,0001082554,337,2008-12-31,81,2006-06-30,6752,1999-11-01,
UTI,0001261654,296,2009-09-30,81,2006-06-30,5714,2003-12-18,
UTL,0000755001,219,2008-12-31,81,2006-06-30,6752,1999-11-01,
UTMD,0000706698,311,2010-06-30,81,2006-06-30,6752,1999-11-01,
UTZ,0001739566,49,2020-09-27,33,2018-06-30,1951,2018-11-26,
UUUU,0001385849,192,2013-12-31,81,2006-06-30,4975,2006-11-24,
UVE,0000891166,317,2009-12-31,81,2006-06-30,5850,2003-06-06,
UVSP,0000102212,296,2010-12-31,81,2006-06-30,6752,1999-11-01,
UVV,0000102037,237,2009-06-30,81,2006-06-30,6752,1999-11-01,
UWMC,0001783398,45,2021-03-18,30,2019-03-31,1384,2021-03-04,
V,0001403161,2,2009-11-13,81,2006-06-30,4646,2008-03-19,
VABK,0001572334,241,2013-03-31,81,2003-03-31,6343,2001-06-04,
VAC,0001524358,307,2010-01-01,67,2009-12-31,3727,2011-11-08,
VAL,0000314808,225,2007-12-31,81,2006-06-30,5795,1999-11-01,
VALU,0000717720,143,2011-04-30,81,2006-04-30,6752,1999-11-01,
VATE,0001006837,314,2009-12-31,81,2005-12-31,4315,2009-07-13,
VC,0001111335,300,2010-12-31,81,2006-06-30,4004,2010-10-05,
VCEL,0000887359,263,2009-06-30,81,2006-06-30,6752,1999-11-01,
VCTR,0001570827,151,2015-12-31,43,2015-12-31,2155,2018-02-08,
VCYT,0001384101,210,2012-12-31,59,2011-12-31,3231,2013-10-30,
VECO,0000103145,308,2009-12-31,81,2006-06-30,6752,1999-11-01,
VEEV,0001393052,146,2012-01-31,59,2012-01-31,3241,2013-10-16,
VEL,0001692376,129,2019-12-31,38,2017-03-31,1667,2020-01-17,
VELO,0001825079,111,2020-09-30,26,2020-03-31,688,2021-04-19,
VENU,0001770501,42,2023-12-31,13,2023-06-30,443,2024-11-27,
VERA,0001831828,54,2021-06-30,26,2020-03-31,1334,2021-05-14,
VERI,0001615165,174,2016-03-31,46,2015-03-31,2342,2017-05-12,
VERX,0001806837,1,2020-08-31,30,2019-03-31,1534,2020-07-29,
VFC,0000103379,292,2008-06-28,81,2006-06-30,6752,1999-11-01,
VGNT,0002078008,8,2025-06-30,7,2024-12-31,109,2026-04-01,
VGZ,0000783324,259,2009-12-31,81,2006-06-30,6752,1999-11-01,
VHI,0000059255,141,2010-12-31,81,2006-06-30,6752,1999-11-01,
VIA,0001603015,24,2023-12-31,73,2007-03-31,247,2025-09-12,
VIAV,0000912093,332,2009-06-27,81,2006-06-30,2789,2015-08-04,
VICI,0001705696,181,2016-12-31,42,2016-03-31,2233,2017-10-17,
VICR,0000751978,154,2009-12-31,81,2006-06-30,6752,1999-11-01,
VIK,0001745201,0,,15,2022-12-31,589,2024-05-01,
VIR,0001706431,138,2018-12-31,34,2018-03-31,1734,2019-10-11,
VIRT,0001592386,90,2015-06-30,52,2012-12-31,2865,2015-04-16,
VISN,0001517228,270,2012-09-30,57,2012-06-30,3234,2013-10-25,
VITL,0001579733,138,2018-12-30,30,2019-03-31,1532,2020-07-31,
VKTX,0001607678,193,2014-12-31,55,2012-12-31,2856,2015-04-29,
VLGEA,0000103595,11,2011-12-06,81,2006-04-30,6752,1999-11-01,
VLO,0001035002,287,2007-12-31,81,2006-06-30,6752,1999-11-01,
VLTO,0001967680,70,2021-12-31,18,2022-03-31,735,2023-10-02,
VLY,0000714310,271,2008-12-31,81,2006-06-30,6752,1999-11-01,
VMC,0001396009,278,2007-12-31,81,2006-06-30,6752,1999-11-01,
VMD,0001729149,153,2018-06-30,40,2016-09-30,2151,2018-01-04,
VMI,0000102729,266,2009-06-27,81,2006-06-30,6752,1999-11-01,
VMRK,0000906107,358,2007-12-31,81,2006-06-30,6752,1999-11-01,
VNDA,0001347178,299,2009-12-31,81,2006-06-30,5132,2006-04-12,
VNO,0000899689,353,2007-12-31,81,2006-06-30,6752,1999-11-01,
VNOM,0002074176,18,2023-12-31,51,2013-12-31,3073,2014-06-18,
VNT,0001786842,130,2018-12-31,31,2018-12-31,1484,2020-09-25,
VOR,0001817229,111,2020-12-31,30,2019-03-31,1402,2021-02-05,
VOXR,0001907909,4,2022-12-31,31,2018-12-31,1535,2020-07-28,
VOYA,0001535929,284,2011-12-31,61,2010-12-31,3357,2013-05-02,
VOYG,0001788060,20,2023-12-31,10,2024-03-31,311,2025-06-11,
VPG,0001487952,159,2009-12-31,71,2008-12-31,4076,2010-06-23,
VRDN,0001590750,187,2013-12-31,54,2013-03-31,3073,2014-06-18,
VREX,0001681622,203,2015-10-02,45,2014-09-30,2420,2017-01-20,
VRNS,0001361113,204,2013-12-31,58,2012-03-31,3149,2014-02-28,
VRRM,0001682745,134,2017-12-31,38,2017-03-31,2376,2017-03-24,
VRSK,0001442145,273,2009-12-31,77,2007-06-30,4254,2009-10-07,
VRSN,0001014473,351,2007-12-31,81,2006-06-30,6752,1999-11-01,
VRT,0001674101,144,2018-12-31,35,2017-12-31,2037,2018-07-30,
VRTS,0000883237,317,2009-12-31,81,1999-12-31,4446,2009-01-02,
VRTX,0000875320,340,2008-12-31,81,2006-06-30,6752,1999-11-01,
VSAT,0000797721,220,2009-04-03,81,2006-06-30,6752,1999-11-01,
VSEC,0000102752,315,2009-12-31,81,2006-06-30,6752,1999-11-01,
VSH,0000103730,150,2008-12-31,81,2006-06-30,6752,1999-11-01,
VSNT,0002067876,8,2025-03-31,7,2024-06-30,171,2025-12-15,
VST,0001692819,161,2016-10-03,81,2006-03-31,2493,2016-10-04,
VSTM,0001526119,247,2011-12-31,62,2011-03-31,3673,2012-01-27,
VSTS,0001967649,66,2022-09-30,19,2021-12-31,738,2023-09-27,
VSXY,0001856437,120,2020-02-01,7,2025-01-31,1288,2021-07-21,
VTOL,0001525221,238,2011-12-31,58,2012-03-31,3427,2013-01-22,
VTR,0000740260,302,2007-12-31,81,2006-06-30,6752,1999-11-01,
VTRS,0001792044,97,2018-12-31,81,2006-03-31,1457,2020-11-16,
VTS,0001944558,71,2020-11-30,22,2020-12-31,917,2023-01-10,
VUZI,0001463972,261,2010-12-31,72,2008-09-30,4132,2010-04-05,
VVV,0001674910,207,2015-09-30,48,2014-09-30,2501,2016-09-23,
VVX,0001601548,261,2012-12-31,54,2013-03-31,3009,2014-09-16,
VYGR,0001640266,195,2014-12-31,50,2014-03-31,2719,2015-11-11,
VYX,0000070866,338,2008-12-31,81,2006-06-30,6752,1999-11-01,
VZ,0000732712,287,2007-12-31,81,2006-06-30,6752,1999-11-01,
W,0001616707,60,2018-12-31,55,2012-12-31,2999,2014-10-02,
WAB,0000943452,337,2008-12-31,81,2006-06-30,6752,1999-11-01,
WABC,0000311094,337,2008-12-31,81,2006-06-30,6752,1999-11-01,
WAFD,0000936528,338,2008-09-30,81,2006-06-30,6752,1999-11-01,
WAL,0001212545,291,2009-12-31,81,2006-06-30,5328,2005-07-01,
WASH,0000737468,308,2009-12-31,81,2006-06-30,6752,1999-11-01,
WAT,0001000697,403,2007-12-31,81,2006-06-30,6752,1999-11-01,
WATT,0001575793,202,2013-06-30,54,2013-03-31,3129,2014-03-28,
WAY,0001990354,57,2022-12-31,22,2021-03-31,563,2024-06-07,
WBD,0001437107,142,2007-12-31,81,2006-06-30,5324,2005-07-08,
WBTN,0001997859,57,2022-12-31,18,2022-03-31,550,2024-06-27,
WCC,0000929008,212,2009-12-31,81,2006-06-30,6752,1999-11-01,
WD,0001497770,317,2009-12-31,71,2008-12-31,3954,2010-12-15,
WDAY,0001327811,83,2012-01-31,63,2010-10-31,3493,2012-10-12,
WDC,0000106040,347,2008-06-27,81,2006-06-30,6752,1999-11-01,
WDFC,0000105132,307,2010-08-31,81,2006-05-31,6752,1999-11-01,
WEAV,0001609151,111,2019-12-31,26,2020-03-31,1208,2021-11-11,
WEC,0000783325,273,2007-12-31,81,2006-06-30,6752,1999-11-01,
WELL,0000766704,327,2008-12-31,81,2006-06-30,6445,2001-01-02,
WEN,0000030697,293,2008-12-28,81,2006-06-30,6752,1999-11-01,
WERN,0000793074,337,2008-12-31,81,2006-06-30,6752,1999-11-01,
WEST,0001806347,95,2020-12-31,22,2021-03-31,1010,2022-08-26,
WEX,0001309108,337,2008-12-31,81,2006-06-30,5422,2005-02-16,
WEYS,0000106532,223,2010-06-30,81,2006-06-30,6752,1999-11-01,
WFC,0000072971,299,2007-12-31,81,2006-06-30,6752,1999-11-01,
WFRD,0001603923,232,2012-12-31,81,2006-06-30,1425,2021-01-04,
WGO,0000107687,257,2010-08-28,81,2006-05-31,6752,1999-11-01,
WGS,0001818331,108,2019-12-31,24,2020-09-30,1465,2020-11-04,
WH,0001722684,162,2016-12-31,39,2016-12-31,2083,2018-05-21,
WHD,0001699136,12,2018-03-31,43,2015-12-31,2155,2018-02-08,
WHG,0001165002,293,2010-12-31,81,2006-06-30,6097,2002-06-13,
WHR,0000106640,337,2008-12-31,81,2006-06-30,6752,1999-11-01,
WHWK,0001422142,250,2010-12-31,26,2020-03-31,2249,2017-08-08,
WINA,0000908315,301,2010-06-26,81,2006-06-30,6752,1999-11-01,
WING,0001636222,239,2013-12-28,54,2013-03-31,2825,2015-06-12,
WK,0001445305,54,2019-12-31,58,2012-03-31,2949,2014-12-12,
WKC,0000789460,336,2008-12-31,81,2006-06-30,6752,1999-11-01,
WLDN,0001370450,317,2010-01-01,81,2006-06-30,4977,2006-11-21,
WLFC,0001018164,288,2009-12-31,81,2006-06-30,6752,1999-11-01,
WLK,0001262823,232,2009-12-31,81,2006-06-30,5553,2004-08-11,
WLTH,0001524566,25,2024-01-31,9,2024-04-30,183,2025-12-12,
WLY,0000107140,144,2009-04-30,81,2006-07-31,6752,1999-11-01,
WM,0000823768,349,2008-12-31,81,2006-06-30,6752,1999-11-01,
WMB,0000107263,287,2007-12-31,81,2006-06-30,6752,1999-11-01,
WMK,0000105418,228,2010-06-26,81,2006-06-30,6752,1999-11-01,
WMS,0001604028,254,2013-03-31,58,2012-03-31,3047,2014-07-25,
WMT,0000104169,226,2008-01-31,81,2006-07-31,6752,1999-11-01,
WNC,0000879526,248,2010-05-28,81,2006-06-30,6752,1999-11-01,
WNEB,0001157647,317,2009-12-31,81,2006-06-30,6126,2002-05-02,
WOLF,0000895419,326,2009-06-28,81,2006-06-30,236,2025-09-29,
WOOF,0001826470,54,2020-02-01,81,2005-01-31,1417,2021-01-14,
WOR,0000108516,264,2009-05-31,81,2006-05-31,6752,1999-11-01,
WPC,0001025378,314,2008-12-31,81,2006-06-30,6752,1999-11-01,
WRB,0000011544,327,2008-12-31,81,2006-06-30,6752,1999-11-01,
WRBY,0001504776,55,2019-12-31,26,2020-03-31,1239,2021-09-29,
WRLD,0000108385,315,2010-03-31,81,2006-06-30,6750,1999-11-01,
WS,0001968487,71,2022-05-31,17,2022-05-31,695,2023-11-28,
WSBC,0000203596,317,2009-12-31,81,2006-06-30,6752,1999-11-01,
WSBF,0001569994,267,2011-12-31,81,2006-06-30,5262,2005-10-05,
WSC,0001647088,159,2015-09-30,44,2015-09-30,2202,2017-11-30,
WSFS,0000828944,247,2010-12-31,81,2006-06-30,6752,1999-11-01,
WSM,0000719955,343,2009-02-01,81,2006-07-31,6752,1999-11-01,
WSO,0000105016,112,2009-12-31,81,2006-06-30,6752,1999-11-01,
WST,0000105770,317,2008-12-31,81,2006-06-30,6752,1999-11-01,
WT,0000880631,317,2009-12-31,79,2000-03-31,6752,1999-11-01,
WTBA,0001166928,307,2010-12-31,81,2006-06-30,6752,1999-11-01,
WTFC,0001015328,286,2008-12-31,81,2006-06-30,6752,1999-11-01,
WTI,0001288403,225,2010-12-31,81,2006-06-30,5435,2005-01-28,
WTM,0000776867,327,2009-12-31,81,2006-06-30,6752,1999-11-01,
WTRG,0000078128,282,2007-12-31,81,2006-06-30,6752,1999-11-01,
WTS,0000795403,140,2008-12-31,81,2006-06-30,6752,1999-11-01,
WTTR,0001693256,4,2017-12-31,43,2015-12-31,2357,2017-04-21,
WTW,0001140536,194,2009-12-31,81,2006-06-30,2683,2016-01-05,
WU,0001365135,361,2007-12-31,81,2006-06-30,5013,2006-10-02,
WULF,0001083301,313,2010-06-30,70,1999-09-30,6752,1999-11-01,
WVE,0001631574,183,2014-12-31,51,2013-12-31,2719,2015-11-11,
WWD,0000108312,270,2008-09-30,81,2006-06-30,6752,1999-11-01,
WWW,0000110471,262,2009-06-20,81,2006-06-30,6752,1999-11-01,
WY,0000106535,358,2007-12-30,81,2006-06-30,6752,1999-11-01,
WYFI,0002042022,32,2024-09-30,10,2024-03-31,272,2025-08-07,
WYNN,0001174922,338,2008-12-31,81,2006-06-30,6003,2002-10-25,
XE,0002088896,0,,5,2025-03-31,93,2026-04-24,
XEL,0000072903,279,2007-12-31,81,2006-06-30,6752,1999-11-01,
XENE,0001582313,239,2012-12-31,56,2012-09-30,2975,2014-11-05,
XERS,0001867096,107,2020-02-14,39,2016-12-31,2063,2018-06-21,
XFOR,0001501697,145,2017-12-31,40,2016-03-31,2211,2017-11-16,
XHR,0001616000,243,2013-12-31,54,2013-03-31,2914,2015-02-04,
XMAX,0001473334,310,2010-06-30,6,2025-03-31,3742,2011-10-17,
XMTR,0001657573,41,2020-12-31,26,2020-03-31,1302,2021-06-30,
XNCR,0001326732,252,2012-12-31,56,2012-09-30,3208,2013-12-03,
XOM,0002115436,15,2024-12-31,81,2006-06-30,6752,1999-11-01,
XP,0001787425,0,,31,2018-12-31,1692,2019-12-11,
XPEL,0001767258,139,2018-12-31,78,2007-03-31,4806,2007-07-18,
XPER,0001788999,92,2020-12-31,81,2006-06-30,994,2022-09-20,
XPO,0001166003,318,2009-12-31,81,2006-06-30,5765,2003-10-07,
XPOF,0001802156,40,2021-09-30,26,2020-03-31,1286,2021-07-23,
XPRO,0002126198,0,,56,2009-12-31,39,2026-07-14,
XRAY,0000818479,336,2007-12-31,81,2006-06-30,6752,1999-11-01,
XRN,0001533615,235,2011-08-31,59,2011-09-30,2561,2016-06-29,
XRX,0001770450,133,2017-12-31,81,2006-06-30,6752,1999-11-01,
XYL,0001524472,265,2009-12-31,67,2009-12-31,3745,2011-10-13,
XYZ,0001512673,94,2014-12-31,51,2013-12-31,2713,2015-11-19,
XZO,0001873951,32,2023-12-31,15,2020-03-31,209,2025-11-05,
YELP,0001345016,284,2010-12-31,67,2009-12-31,3649,2012-03-02,
YETI,0001670592,167,2016-12-31,43,2014-12-31,1975,2018-10-25,
YEXT,0001614178,168,2017-01-31,46,2015-04-30,2362,2017-04-13,
YORW,0000108985,291,2010-12-31,81,2006-06-30,6752,1999-11-01,
YOU,0001856314,1,2022-12-31,26,2020-03-31,1302,2021-06-30,
YSS,0002086587,16,2025-03-31,7,2024-12-31,152,2026-01-29,
YSWY,0001859836,8,2025-03-31,4,2025-03-31,95,2026-04-22,
YUM,0001041061,282,2008-12-27,81,2006-06-30,6752,1999-11-01,
Z,0001617640,64,2015-09-30,70,2009-03-31,2790,2015-08-03,
ZBH,0001136869,288,2007-12-31,81,2006-06-30,6316,2001-07-25,
ZBIO,0001953926,50,2023-09-30,15,2022-12-31,496,2024-09-13,
ZBRA,0000877212,284,2008-12-31,81,2006-06-30,6752,1999-11-01,
ZD,0001084048,337,2008-12-31,81,2006-06-30,6752,1999-11-01,
ZENA,0001997403,9,2023-12-31,17,2022-03-31,484,2024-10-01,
ZETA,0001851003,52,2019-12-31,26,2020-03-31,1316,2021-06-10,
ZG,0001617640,64,2015-09-30,70,2009-03-31,3805,2011-07-20,
ZGN,0001877787,2,2021-12-31,30,2018-03-31,1182,2021-12-20,
ZION,0000109380,345,2008-12-31,81,2006-06-30,6752,1999-11-01,
ZIP,0001617553,54,2019-12-31,26,2020-03-31,1326,2021-05-26,
ZM,0001585521,70,2018-01-31,34,2018-04-30,1856,2019-04-18,
ZNTL,0001725160,132,2017-12-31,30,2019-03-31,1614,2020-04-03,
ZS,0001713683,156,2017-07-31,44,2015-10-31,2130,2018-03-16,
ZSQR,0001759186,117,2019-12-31,24,2020-06-30,1435,2020-12-17,
ZTS,0001555280,277,2011-12-31,63,2010-12-31,3419,2013-02-01,
ZUMZ,0001318008,312,2010-01-30,81,2006-05-31,5367,2005-05-06,
ZURA,0001855644,80,2022-03-31,22,2021-03-31,1256,2021-09-03,
ZVRA,0001434647,195,2013-12-31,50,2013-12-31,2865,2015-04-16,
ZWS,0001439288,283,2010-03-31,81,1996-12-31,3630,2012-03-29,
ZYME,0001937653,93,2020-12-31,46,2015-03-31,2352,2017-04-28,
