ticker,name,index,cik
NVDA,NVIDIA,IWB,0001045810
AAPL,APPLE,IWB,0000320193
MSFT,MICROSOFT,IWB,0000789019
AMZN,AMAZON.COM INC,IWB,0001018724
GOOGL,ALPHABET CLASS A,IWB,0001652044
AVGO,BROADCOM INC,IWB,0001730168
GOOG,ALPHABET CLASS C,IWB,0001652044
META,META PLATFORMS CLASS A,IWB,0001326801
MU,MICRON TECHNOLOGY,IWB,0000723125
TSLA,TESLA INC,IWB,0001318605
LLY,ELI LILLY,IWB,0000059478
JPM,JPMORGAN CHASE & CO,IWB,0000019617
BRK-B,BERKSHIRE HATHAWAY INC CLASS B,IWB,0001067983
AMD,ADVANCED MICRO DEVICES,IWB,0000002488
XOM,EXXONMOBIL HOLDINGS CORP,IWB,0002115436
JNJ,JOHNSON & JOHNSON,IWB,0000200406
V,VISA CLASS A,IWB,0001403161
ABBV,ABBVIE,IWB,0001551152
MA,MASTERCARD CLASS A,IWB,0001141391
WMT,WALMART INC,IWB,0000104169
CSCO,CISCO SYSTEMS INC,IWB,0000858877
INTC,INTEL CORPORATION,IWB,0000050863
COST,COSTCO WHOLESALE CORP,IWB,0000909832
BAC,BANK OF AMERICA,IWB,0000070858
AMAT,APPLIED MATERIAL INC,IWB,0000006951
LRCX,LAM RESEARCH,IWB,0000707549
PLTR,PALANTIR TECHNOLOGIES CLASS A,IWB,0001321655
CVX,CHEVRON,IWB,0000093410
CAT,CATERPILLAR INC,IWB,0000018230
MRK,MERCK & CO INC,IWB,0000310158
GE,GE AEROSPACE,IWB,0000040545
KO,COCA-COLA,IWB,0000021344
UNH,UNITEDHEALTH GROUP INC,IWB,0000731766
NFLX,NETFLIX,IWB,0001065280
HD,HOME DEPOT,IWB,0000354950
PG,PROCTER & GAMBLE,IWB,0000080424
PM,PHILIP MORRIS INTERNATIONAL INC,IWB,0001413329
GS,GOLDMAN SACHS GROUP INC,IWB,0000886982
RTX,RTX CORP,IWB,0000101829
PANW,PALO ALTO NETWORKS,IWB,0001327567
GEV,GE VERNOVA INC,IWB,0001996810
WFC,WELLS FARGO,IWB,0000072971
ORCL,ORACLE,IWB,0001341439
KLAC,KLA,IWB,0000319201
TXN,TEXAS INSTRUMENT INC,IWB,0000097476
AMGN,AMGEN INC,IWB,0000318154
TMO,THERMO FISHER SCIENTIFIC INC,IWB,0000097745
SNDK,SANDISK,IWB,0002023554
MS,MORGAN STANLEY,IWB,0000895421
LIN,LINDE PLC,IWB,0001707925
C,CITIGROUP INC,IWB,0000831001
IBM,INTERNATIONAL BUSINESS MACHINES,IWB,0000051143
MRVL,MARVELL TECHNOLOGY,IWB,0001835632
VZ,VERIZON COMMUNICATIONS INC,IWB,0000732712
ABT,ABBOTT LABORATORIES,IWB,0000001800
PEP,PEPSICO,IWB,0000077476
ANET,ARISTA NETWORKS INC,IWB,0001596532
MCD,MCDONALDS CORP,IWB,0000063908
CRWD,CROWDSTRIKE HOLDINGS CLASS A,IWB,0001535527
DIS,WALT DISNEY,IWB,0001744489
APH,AMPHENOL CORP CLASS A,IWB,0000820313
ADI,ANALOG DEVICES,IWB,0000006281
UNP,UNION PACIFIC,IWB,0000100885
SCHW,CHARLES SCHWAB,IWB,0000316709
GILD,GILEAD SCIENCES INC,IWB,0000882095
NEE,NEXTERA ENERGY,IWB,0000753308
AXP,AMERICAN EXPRESS,IWB,0000004962
BLK,BLACKROCK,IWB,0002012383
T,AT&T INC,IWB,0000732717
QCOM,QUALCOMM,IWB,0000804328
WELL,WELLTOWER,IWB,0000766704
COP,CONOCOPHILLIPS,IWB,0001163165
BA,BOEING,IWB,0000012927
CRM,SALESFORCE,IWB,0001108524
BKNG,BOOKING HOLDINGS,IWB,0001075531
ETN,EATON PLC,IWB,0001551182
WDC,WESTERN DIGITAL CORP,IWB,0000106040
PFE,PFIZER,IWB,0000078003
TJX,TJX,IWB,0000109198
UBER,UBER TECHNOLOGIES,IWB,0001543151
DE,DEERE,IWB,0000315189
VRTX,VERTEX PHARMACEUTICALS,IWB,0000875320
DHR,DANAHER,IWB,0000313616
NEM,NEWMONT,IWB,0001164727
BMY,BRISTOL MYERS SQUIBB,IWB,0000014272
NOW,SERVICENOW INC,IWB,0001373715
PLD,PROLOGIS REIT,IWB,0001045609
COF,CAPITAL ONE FINANCIAL CORP,IWB,0000927628
ISRG,INTUITIVE SURGICAL INC,IWB,0001035267
DELL,DELL TECHNOLOGIES INC CLASS C,IWB,0001571996
PGR,PROGRESSIVE CORP,IWB,0000080661
SPGI,S&P GLOBAL INC,IWB,0000064040
PH,PARKER-HANNIFIN CORP,IWB,0000076334
LOW,LOWES COMPANIES INC,IWB,0000060667
CB,CHUBB,IWB,0000896159
CVS,CVS HEALTH,IWB,0000064803
GLW,CORNING,IWB,0000024741
SBUX,STARBUCKS CORP,IWB,0000829224
MDT,MEDTRONIC PLC,IWB,0001613103
LMT,LOCKHEED MARTIN CORP,IWB,0000936468
SYK,STRYKER,IWB,0000310764
MO,ALTRIA GROUP INC,IWB,0000764180
ADP,AUTOMATIC DATA PROCESSING INC,IWB,0000008670
ACN,ACCENTURE PLC CLASS A,IWB,0001467373
ADBE,ADOBE INC,IWB,0000796343
HWM,HOWMET AEROSPACE,IWB,0000004281
BNY,BANK OF NEW YORK MELLON CORP,IWB,0001390777
SNOW,SNOWFLAKE,IWB,0001640147
EQIX,EQUINIX REIT,IWB,0001101239
MPC,MARATHON PETROLEUM,IWB,0001510295
BX,BLACKSTONE,IWB,0001393818
SO,SOUTHERN,IWB,0000092122
MCK,MCKESSON CORP,IWB,0000927653
FCX,FREEPORT MCMORAN INC,IWB,0000831259
VRT,VERTIV HOLDINGS CLASS A,IWB,0001674101
VLO,VALERO ENERGY CORP,IWB,0001035002
TT,TRANE TECHNOLOGIES PLC,IWB,0001466258
PWR,QUANTA SERVICES INC,IWB,0001050915
GD,GENERAL DYNAMICS CORP,IWB,0000040533
CME,CME GROUP CLASS A,IWB,0001156375
INTU,INTUIT,IWB,0000896878
PNC,PNC FINANCIAL SERVICES GROUP,IWB,0000713676
PSX,PHILLIPS 66,IWB,0001534701
USB,US BANCORP,IWB,0000036104
DUK,DUKE ENERGY CORP,IWB,0001326160
CSX,CSX,IWB,0000277948
CMCSA,COMCAST CLASS A,IWB,0001166691
MMM,3M,IWB,0000066740
MRSH,MARSH INC,IWB,0000062709
FTNT,FORTINET,IWB,0001262039
ICE,INTERCONTINENTAL EXCHANGE INC,IWB,0001571949
TMUS,T MOBILE US INC,IWB,0001283699
NET,CLOUDFLARE CLASS A,IWB,0001477333
JCI,JOHNSON CONTROLS INTERNATIONAL PLC,IWB,0000833444
CEG,CONSTELLATION ENERGY CORP,IWB,0001868275
WMB,WILLIAMS,IWB,0000107263
EMR,EMERSON ELECTRIC,IWB,0000032604
CDNS,CADENCE DESIGN SYSTEMS,IWB,0000813672
ELV,ELEVANCE HEALTH INC,IWB,0001156039
SPOT,SPOTIFY TECHNOLOGY,IWB,0001639920
WM,WASTE MANAGEMENT INC,IWB,0000823768
REGN,REGENERON PHARMACEUTICALS,IWB,0000872589
DASH,DOORDASH CLASS A,IWB,0001792789
MDLZ,MONDELEZ INTERNATIONAL INC CLASS A,IWB,0001103982
AMT,AMERICAN TOWER REIT,IWB,0001053507
CMI,CUMMINS INC,IWB,0000026172
EOG,EOG RESOURCES,IWB,0000821189
ITW,ILLINOIS TOOL INC,IWB,0000049826
SHW,SHERWIN WILLIAMS,IWB,0000089800
SLB,SLB,IWB,0000087347
MSI,MOTOROLA SOLUTIONS INC,IWB,0000068505
NSC,NORFOLK SOUTHERN CORP,IWB,0000702165
MAR,MARRIOTT INTERNATIONAL CLASS A,IWB,0001048286
GM,GENERAL MOTORS,IWB,0001467858
TRV,TRAVELERS COMPANIES,IWB,0000086312
ABNB,AIRBNB CLASS A,IWB,0001559720
DDOG,DATADOG INC CLASS A,IWB,0001561550
UPS,UNITED PARCEL SERVICE INC CLASS B,IWB,0001090727
NOC,NORTHROP GRUMMAN CORP,IWB,0001133421
MCO,MOODYS CORP,IWB,0001059556
APP,APPLOVIN CLASS A,IWB,0001751008
SNPS,SYNOPSYS,IWB,0000883241
ORLY,OREILLY AUTOMOTIVE INC,IWB,0000898173
HLT,HILTON WORLDWIDE HOLDINGS INC,IWB,0001585689
BSX,BOSTON SCIENTIFIC CORP,IWB,0000885725
KKR,KKR AND CO INC,IWB,0001404912
AON,AON PLC CLASS A,IWB,0000315293
HOOD,ROBINHOOD MARKETS CLASS A,IWB,0001783879
RCL,ROYAL CARIBBEAN GROUP,IWB,0000884887
ROST,ROSS STORES INC,IWB,0000745732
TGT,TARGET CORP,IWB,0000027419
CI,CIGNA,IWB,0001739940
FDX,FEDEX CORP,IWB,0001048911
CL,COLGATE-PALMOLIVE,IWB,0000021665
SPCX,SPACE EXPLORATION TECHNOLOGIES COR,IWB,0001181412
DLR,DIGITAL REALTY TRUST REIT,IWB,0001297996
SPG,SIMON PROPERTY GROUP REIT INC,IWB,0001063761
HPE,HEWLETT PACKARD ENTERPRISE,IWB,0001645590
ECL,ECOLAB,IWB,0000031462
CTAS,CINTAS,IWB,0000723254
HON,HONEYWELL INTERNATIONAL INC,IWB,0000773840
AEP,AMERICAN ELECTRIC POWER INC,IWB,
URI,UNITED RENTALS,IWB,0001067701
WBD,WARNER BROS. DISCOVERY SERIES A,IWB,0001437107
MNST,MONSTER BEVERAGE CORP,IWB,0000865752
PCAR,PACCAR INC,IWB,0000075362
AJG,ARTHUR J GALLAGHER,IWB,0000354190
TDG,TRANSDIGM GROUP,IWB,0001260221
APD,AIR PRODUCTS AND CHEMICALS,IWB,0000002969
ALL,ALLSTATE CORP,IWB,0000899051
TRGP,TARGA RESOURCES,IWB,0001389170
TFC,TRUIST FINANCIAL,IWB,0000092230
LITE,LUMENTUM HOLDINGS,IWB,0001633978
BKR,BAKER HUGHES CLASS A,IWB,0001701605
CRH,CRH PUBLIC LIMITED PLC,IWB,0000849395
MPWR,MONOLITHIC POWER SYSTEMS INC,IWB,0001280452
KMI,KINDER MORGAN,IWB,0001506307
HCA,HCA HEALTHCARE INC,IWB,0000860730
TER,TERADYNE,IWB,0000097210
OKE,ONEOK,IWB,0001039684
D,DOMINION ENERGY,IWB,0000715957
O,REALTY INCOME REIT,IWB,0000726728
COR,CENCORA,IWB,0001140859
LNG,CHENIERE ENERGY INC,IWB,0000003570
FAST,FASTENAL,IWB,0000815556
FIX,COMFORT SYSTEMS USA,IWB,0001035983
AU,ANGLOGOLD ASHANTI PLC,IWB,0001973832
SRE,SEMPRA,IWB,0001032208
GWW,WW GRAINGER INC,IWB,0000277135
PYPL,PAYPAL HOLDINGS INC,IWB,0001633917
DVN,DEVON ENERGY,IWB,0001090012
CIEN,CIENA,IWB,0000936395
F,FORD MOTOR CO,IWB,0000037996
AME,AMETEK INC,IWB,0001037868
APO,APOLLO GLOBAL MANAGEMENT,IWB,0001858681
BE,BLOOM ENERGY CLASS A,IWB,0001664703
PSA,PUBLIC STORAGE REIT,IWB,0001393311
KEYS,KEYSIGHT TECHNOLOGIES,IWB,0001601046
CAH,CARDINAL HEALTH,IWB,0000721371
CTVA,CORTEVA,IWB,0001755672
BDX,BECTON DICKINSON,IWB,0000010795
DAL,DELTA AIR LINES,IWB,0000027904
NUE,NUCOR CORP,IWB,0000073309
ADSK,AUTODESK,IWB,0000769397
AFL,AFLAC,IWB,0000004977
HONA,HONEYWELL AEROSPACE INC,IWB,0002089271
COHR,COHERENT,IWB,0000820318
EW,EDWARDS LIFESCIENCES,IWB,0001099800
LHX,L3HARRIS TECHNOLOGIES,IWB,0000202058
MET,METLIFE,IWB,0001099219
WAB,WESTINGHOUSE AIR BRAKE TECHNOLOGIE,IWB,0000943452
CVNA,CARVANA CLASS A,IWB,0001690820
VMRK,VIVMARK RESIDENTIAL,IWB,0000906107
AMP,AMERIPRISE FINANCE INC,IWB,0000820027
FITB,FIFTH THIRD BANCORP,IWB,0000035527
NU,NU HOLDINGS CLASS A,IWB,0001691493
ETR,ENTERGY CORP,IWB,0000065984
XEL,XCEL ENERGY INC,IWB,0000072903
AZO,AUTOZONE,IWB,0000866787
STT,STATE STREET,IWB,0000093751
MRNA,MODERNA INC,IWB,0001682852
ROK,ROCKWELL AUTOMATION INC,IWB,0001024478
GRMN,GARMIN,IWB,0001121788
NKE,NIKE CLASS B,IWB,0000320187
AXON,AXON ENTERPRISE,IWB,0001069183
CARR,CARRIER GLOBAL,IWB,0001783180
VST,VISTRA,IWB,0001692819
EBAY,EBAY,IWB,0001065088
EXC,EXELON CORP,IWB,0001109357
FERG,FERGUSON ENTERPRISES INC,IWB,0002011641
HUM,HUMANA,IWB,0000049071
CMG,CHIPOTLE MEXICAN GRILL,IWB,0001058090
VTR,VENTAS REIT,IWB,0000740260
NTRA,NATERA,IWB,0001604821
OXY,OCCIDENTAL PETROLEUM CORP,IWB,0000797468
ALAB,ASTERA LABS,IWB,0001736297
TTWO,TAKE TWO INTERACTIVE SOFTWARE,IWB,0000946581
CBRE,CBRE GROUP CLASS A,IWB,0001138118
A,AGILENT TECHNOLOGIES INC,IWB,0001090872
RSG,REPUBLIC SERVICES INC,IWB,0001060391
NDAQ,NASDAQ INC,IWB,0001120193
IDXX,IDEXX LABORATORIES INC,IWB,0000874716
IQV,IQVIA HOLDINGS INC,IWB,0001478242
YUM,YUM BRANDS,IWB,0001041061
ROP,ROPER TECHNOLOGIES,IWB,0000882835
PRU,PRUDENTIAL FINANCIAL INC,IWB,0001137774
XYZ,BLOCK CLASS A,IWB,0001512673
KDP,KEURIG DR PEPPER INC,IWB,0001418135
RVMD,REVOLUTION MEDICINES,IWB,0001628171
WDAY,WORKDAY CLASS A,IWB,0001327811
MCHP,MICROCHIP TECHNOLOGY INC,IWB,0000827054
FANG,DIAMONDBACK ENERGY,IWB,0001539838
FLEX,FLEX LTD,IWB,0000866374
AIG,AMERICAN INTERNATIONAL GROUP,IWB,0000005272
MSCI,MSCI INC,IWB,0001408198
ED,CONSOLIDATED EDISON,IWB,0001047862
WAT,WATERS CORP,IWB,0001000697
SYY,SYSCO,IWB,0000096021
PAYX,PAYCHEX,IWB,0000723531
PCG,PG&E CORP,IWB,0001004980
ADM,ARCHER DANIELS MIDLAND,IWB,0000007084
RKLB,ROCKET LAB CORP,IWB,0001819994
IBKR,INTERACTIVE BROKERS GROUP INC CLAS,IWB,0001381197
ODFL,OLD DOMINION FREIGHT LINE,IWB,0000878927
CRDO,CREDO TECHNOLOGY GROUP HOLDING LTD,IWB,0001807794
NTAP,NETAPP INC,IWB,0001002047
COIN,COINBASE GLOBAL INC CLASS A,IWB,0001679788
VEEV,VEEVA SYSTEMS CLASS A,IWB,0001393052
HIG,HARTFORD INSURANCE GROUP,IWB,0000874766
PEG,PUBLIC SERVICE ENTERPRISE GROUP IN,IWB,0000788784
DHI,D R HORTON,IWB,0000882184
EXPE,EXPEDIA GROUP,IWB,0001324424
MSTR,STRATEGY INC CLASS A,IWB,0001050446
IRM,IRON MOUNTAIN INC,IWB,0001020569
UAL,UNITED AIRLINES HOLDINGS,IWB,0000100517
KMB,KIMBERLY CLARK,IWB,0000055785
KVUE,KENVUE,IWB,0001944048
WEC,WEC ENERGY GROUP,IWB,0000783325
VMC,VULCAN MATERIALS,IWB,0001396009
MTB,M&T BANK,IWB,0000036270
EME,EMCOR GROUP INC,IWB,0000105634
DXCM,DEXCOM INC,IWB,0001093557
P,EVERPURE INC CLASS A,IWB,0001474432
ACGL,ARCH CAPITAL GROUP,IWB,0000947484
HBAN,HUNTINGTON BANCSHARES INC,IWB,0000049196
GEHC,GE HEALTHCARE TECHNOLOGIES,IWB,0001932393
NTRS,NORTHERN TRUST,IWB,0000073124
JBL,JABIL,IWB,0000898293
RMD,RESMED,IWB,0000943819
CCI,CROWN CASTLE INC,IWB,0001051470
EQT,EQT,IWB,0000033213
MDB,MONGODB CLASS A,IWB,0001441816
TWLO,TWILIO CLASS A,IWB,0001447669
ILMN,ILLUMINA INC,IWB,0001110803
CCL,CARNIVAL CORP LTD,IWB,0000815097
WTW,WILLIS TOWERS WATSON,IWB,0001140536
CNC,CENTENE CORP,IWB,0001071739
BIIB,BIOGEN,IWB,0000875045
SUNB,SUNBELT RENTALS HOLDINGS INC,IWB,0002083785
ZTS,ZOETIS INC CLASS A,IWB,0001555280
CBOE,CBOE GLOBAL MARKETS,IWB,0001374310
KR,KROGER,IWB,0000056873
MLM,MARTIN MARIETTA MATERIALS,IWB,0000916076
CRWV,COREWEAVE CLASS A,IWB,0001769628
IR,INGERSOLL RAND INC,IWB,0001699150
EXR,EXTRA SPACE STORAGE REIT,IWB,0001289490
CASY,CASEYS GENERAL STORES INC,IWB,0000726958
FTI,TECHNIPFMC PLC,IWB,0001681459
ALNY,ALNYLAM PHARMACEUTICALS,IWB,0001178670
CPRT,COPART INC,IWB,0000900075
RJF,RAYMOND JAMES,IWB,0000720005
AEE,AMEREN,IWB,0001002910
HAL,HALLIBURTON,IWB,0000045012
TEAM,ATLASSIAN CORP CLASS A,IWB,0001650372
STLD,STEEL DYNAMICS INC,IWB,0001022671
CFG,CITIZENS FINANCIAL GROUP INC,IWB,0000759944
ON,ON SEMICONDUCTOR CORP,IWB,0001097864
TDY,TELEDYNE TECHNOLOGIES INC,IWB,0001094285
LYV,LIVE NATION ENTERTAINMENT,IWB,0001335258
CTSH,COGNIZANT TECHNOLOGY SOLUTIONS CLA,IWB,0001058290
DTE,DTE ENERGY,IWB,0000936340
VICI,VICI PPTYS INC,IWB,0001705696
EIX,EDISON INTERNATIONAL,IWB,0000827052
ZM,ZOOM COMMUNICATIONS CLASS A,IWB,0001585521
LPLA,LPL FINANCIAL HOLDINGS,IWB,0001397911
ATI,ATI INC,IWB,0001018963
MTD,METTLER TOLEDO,IWB,0001037646
ATO,ATMOS ENERGY,IWB,0000731802
Q,QNITY ELECTRONICS,IWB,0002058873
WSM,WILLIAMS SONOMA INC,IWB,0000719955
HSY,HERSHEY FOODS,IWB,0000047111
ARES,ARES MANAGEMENT CLASS A,IWB,0001176948
OTIS,OTIS WORLDWIDE,IWB,0001781335
ES,EVERSOURCE ENERGY,IWB,0000072741
QSR,RESTAURANTS BRANDS INTERNATIONAL,IWB,0001618756
LH,LABCORP HOLDINGS,IWB,0000920148
FISV,FISERV INC,IWB,0000798354
XYL,XYLEM INC,IWB,0001524472
HPQ,HP INC,IWB,0000047217
INSM,INSMED,IWB,0001104506
AWK,AMERICAN WATER WORKS,IWB,0001410636
DG,DOLLAR GENERAL CORP,IWB,0000029534
DOV,DOVER CORP,IWB,0000029905
DGX,QUEST DIAGNOSTICS INC,IWB,0001022079
CNP,CENTERPOINT ENERGY,IWB,0001130310
PPL,PPL CORP,IWB,0000922224
FE,FIRSTENERGY CORP,IWB,0001031296
CPAY,CORPAY,IWB,0001175454
TPR,TAPESTRY,IWB,0001116132
FICO,FAIR ISAAC,IWB,0000814547
RF,REGIONS FINANCIAL,IWB,0001281761
SYF,SYNCHRONY FINANCIAL,IWB,0001601712
CINF,CINCINNATI FINANCIAL,IWB,0000020286
SW,SMURFIT WESTROCK PLC,IWB,0002005951
PPG,PPG INDUSTRIES,IWB,0000079879
RPRX,ROYALTY PHARMA PLC CLASS A,IWB,0001802768
DRI,DARDEN RESTAURANTS INC,IWB,0000940944
HUBB,HUBBELL INC,IWB,0000048898
NVT,NVENT ELECTRIC PLC,IWB,0001720635
WST,WEST PHARMACEUTICAL SERVICES,IWB,0000105770
EXPD,EXPEDITORS INTERNATIONAL OF WASHIN,IWB,0000746515
OMC,OMNICOM GROUP INC,IWB,0000029989
VRSK,VERISK ANALYTICS,IWB,0001442145
RBLX,ROBLOX CORP CLASS A,IWB,0001315098
VLTO,VERALTO CORP,IWB,0001967680
PHM,PULTEGROUP,IWB,0000822416
CW,CURTISS WRIGHT,IWB,0000026324
DLTR,DOLLAR TREE INC,IWB,0000935703
USFD,US FOODS HOLDING,IWB,0001665918
EL,ESTEE LAUDER INC CLASS A,IWB,0001001250
CRS,CARPENTER TECHNOLOGY,IWB,0000017843
PFG,PRINCIPAL FINANCIAL GROUP INC,IWB,0001126328
TROW,T ROWE PRICE GROUP,IWB,0001113169
DOW,DOW,IWB,0001751788
NRG,NRG ENERGY INC,IWB,0001013871
THC,TENET HEALTHCARE CORP,IWB,0000070318
STE,STERIS,IWB,0001757898
CHD,CHURCH AND DWIGHT INC,IWB,0000313927
EFX,EQUIFAX,IWB,0000033185
OKTA,OKTA CLASS A,IWB,0001660134
FWONK,LIBERTY MEDIA FORMULA ONE SERIES C,IWB,0001560385
SOFI,SOFI TECHNOLOGIES,IWB,0001818874
VRSN,VERISIGN,IWB,0001014473
XPO,XPO INC,IWB,0001166003
ULTA,ULTA BEAUTY INC,IWB,0001403568
MKL,MARKEL GROUP,IWB,0001096343
EXE,EXPAND ENERGY,IWB,0000895126
KHC,KRAFT HEINZ,IWB,0001637459
TPL,TEXAS PACIFIC LAND,IWB,0001811074
AMCR,AMCOR PLC,IWB,0001748790
ENTG,ENTEGRIS INC,IWB,0001101302
FSLR,FIRST SOLAR,IWB,0001274494
CDE,COEUR MINING,IWB,0000215466
PKG,PACKAGING CORP OF AMERICA,IWB,0000075677
UTHR,UNITED THERAPEUTICS,IWB,0001082554
FFIV,F5 INC,IWB,0001048695
IFF,INTERNATIONAL FLAVORS & FRAGRANCES,IWB,0000051253
RGLD,ROYAL GOLD,IWB,0000085535
CMS,CMS ENERGY,IWB,0000811156
GH,GUARDANT HEALTH,IWB,0001576280
BRO,BROWN & BROWN INC,IWB,0000079282
IP,INTERNATIONAL PAPER,IWB,0000051434
GIS,GENERAL MILLS INC,IWB,0000040704
FIS,FIDELITY NATIONAL INFORMATION SERV,IWB,0001136893
GPN,GLOBAL PAYMENTS INC,IWB,0001123360
INCY,INCYTE CORP,IWB,0000879169
AFRM,AFFIRM HOLDINGS CLASS A,IWB,0001820953
BURL,BURLINGTON STORES,IWB,0001579298
JBHT,JB HUNT TRANSPORT SERVICES,IWB,0000728535
ROKU,ROKU CLASS A,IWB,0001428439
WWD,WOODWARD,IWB,0000108312
BR,BROADRIDGE FINANCIAL SOLUTIONS INC,IWB,0001383312
KEY,KEYCORP,IWB,0000091576
SMCI,SUPER MICRO COMPUTER INC,IWB,0001375365
CPNG,COUPANG CLASS A,IWB,0001834584
RDDT,REDDIT CLASS A,IWB,0001713445
NI,NISOURCE,IWB,0001111711
FTAI,FTAI AVIATION,IWB,0001590364
SNA,SNAP ON INC,IWB,0000091440
BAM,BROOKFIELD ASSET MANAGEMENT VOTING,IWB,0001937926
HEI-A,HEICO CLASS A,IWB,0000046619
RS,RELIANCE STEEL & ALUMINUM,IWB,0000861884
EVRG,EVERGY,IWB,0001711269
CF,CF INDUSTRIES HOLDINGS INC,IWB,0001324404
SNX,TD SYNNEX,IWB,0001177394
ZBH,ZIMMER BIOMET HOLDINGS,IWB,0001136869
VTRS,VIATRIS,IWB,0001792044
SBAC,SBA COMMUNICATIONS REIT CORP CLASS,IWB,0001034054
DD,DUPONT DE NEMOURS,IWB,0001666700
MKSI,MKS,IWB,0001049502
OVV,OVINTIV,IWB,0001792580
PR,PERMIAN RESOURCES CLASS A,IWB,0001658566
PTC,PTC,IWB,0000857005
ITT,ITT INC,IWB,0000216228
LUV,SOUTHWEST AIRLINES,IWB,0000092380
STZ,CONSTELLATION BRANDS CLASS A,IWB,0000016918
SCCO,SOUTHERN COPPER CORP,IWB,0001001838
L,LOEWS,IWB,0000060086
ESS,ESSEX PROPERTY TRUST REIT,IWB,0000920522
GPC,GENUINE PARTS,IWB,0000040987
TSCO,TRACTOR SUPPLY,IWB,0000916365
ZS,ZSCALER,IWB,0001713683
FTV,FORTIVE,IWB,0001659166
ROIV,ROIVANT SCIENCES LTD,IWB,0001635088
LNT,ALLIANT ENERGY CORP,IWB,0000352541
INVH,INVITATION HOMES,IWB,0001687229
EWBC,EAST WEST BANCORP,IWB,0001069157
MTSI,MACOM TECHNOLOGY SOLUTIONS,IWB,0001493594
LEN,LENNAR A CORP CLASS A,IWB,0000920760
WY,WEYERHAEUSER REIT,IWB,0000106535
JLL,JONES LANG LASALLE,IWB,0001037976
NDSN,NORDSON,IWB,0000072331
LDOS,LEIDOS HOLDINGS,IWB,0001336920
LYB,LYONDELLBASELL INDUSTRIES CLASS A,IWB,0001489393
IEX,IDEX,IWB,0000832101
ZBRA,ZEBRA TECHNOLOGIES CORP CLASS A,IWB,0000877212
FCNCA,FIRST CITIZENS BANCSHARES CLASS A,IWB,0000798941
J,JACOBS SOLUTIONS INC,IWB,0000052988
NLY,ANNALY CAPITAL MANAGEMENT REIT INC,IWB,0001043219
NTNX,NUTANIX CLASS A,IWB,0001618732
CHRW,CH ROBINSON WORLDWIDE,IWB,0001043277
CDW,CDW,IWB,0001402057
SSNC,SS AND C TECHNOLOGIES HOLDINGS,IWB,0001402436
MTZ,MASTEC INC,IWB,0000015615
TOST,TOAST CLASS A,IWB,0001650164
U,UNITY SOFTWARE,IWB,0001810806
BALL,BALL CORP,IWB,0000009389
ASTS,AST SPACEMOBILE CLASS A,IWB,0001780312
BBY,BEST BUY,IWB,0000764478
WCC,WESCO INTERNATIONAL,IWB,0000929008
TRU,TRANSUNION,IWB,0001552033
NVR,NVR,IWB,0000906163
CLH,CLEAN HARBORS INC,IWB,0000822818
RBA,RB GLOBAL,IWB,0001046102
LSCC,LATTICE SEMICONDUCTOR,IWB,0000855658
KIM,KIMCO REALTY REIT CORP,IWB,0000879101
RGA,REINSURANCE GROUP OF AMERICA,IWB,0000898174
CHTR,CHARTER COMMUNICATIONS CLASS A,IWB,0001091667
IONQ,IONQ,IWB,0001824920
TSN,TYSON FOODS INC CLASS A,IWB,0000100493
APG,API GROUP,IWB,0001796209
FN,FABRINET,IWB,0001408710
HST,HOST HOTELS & RESORTS REIT,IWB,0001070750
AKAM,AKAMAI TECHNOLOGIES INC,IWB,0001086222
VIK,VIKING HOLDINGS LTD,IWB,0001745201
WPC,W. P. CAREY REIT INC,IWB,0001025378
ALB,ALBEMARLE CORP,IWB,0000915913
RBC,RBC BEARINGS,IWB,0001324948
WRB,WR BERKLEY,IWB,0000011544
APA,APA,IWB,0001841666
ARMK,ARAMARK,IWB,0001584509
PFGC,PERFORMANCE FOOD GROUP,IWB,0001618673
STRL,STERLING INFRASTRUCTURE,IWB,0000874238
BG,BUNGE GLOBAL SA,IWB,0001996862
GWRE,GUIDEWIRE SOFTWARE,IWB,0001528396
SWK,STANLEY BLACK & DECKER INC,IWB,0000093556
GEN,GEN DIGITAL,IWB,0000849399
MAA,MID AMERICA APARTMENT COMMUNITIES,IWB,0000912595
NBIX,NEUROCRINE BIOSCIENCES,IWB,0000914475
RBRK,RUBRIK CLASS A,IWB,0001943896
SUI,SUN COMMUNITIES REIT INC,IWB,0000912593
SN,SHARKNINJA,IWB,0001957132
PNFP,PINNACLE FINANCIAL PARTNERS,IWB,0002082866
CRCL,CIRCLE INTERNET GROUP CLASS A,IWB,0001876042
HEI,HEICO,IWB,0000046619
COO,COOPER,IWB,0000711404
MAS,MASCO,IWB,0000062996
JAZZ,JAZZ PHARMACEUTICALS PLC,IWB,0001232524
DOC,HEALTHPEAK PROPERTIES,IWB,0000765880
FDXF,FEDEX FREIGHT HOLDING COMPANY INC,IWB,0002082247
LECO,LINCOLN ELECTRIC HOLDINGS INC,IWB,0000059527
ONTO,ONTO INNOVATION,IWB,0000704532
DT,DYNATRACE INC,IWB,0001773383
TYL,TYLER TECHNOLOGIES,IWB,0000860731
MDLN,MEDLINE CLASS A,IWB,0002046386
TXT,TEXTRON INC,IWB,0000217346
EG,EVEREST GROUP,IWB,0001095073
TLN,TALEN ENERGY CORP,IWB,0001622536
AIZ,ASSURANT INC,IWB,0001267238
DINO,HF SINCLAIR,IWB,0001915657
CSL,CARLISLE COMPANIES,IWB,0000790051
CRL,CHARLES RIVER LABORATORIES INTERNA,IWB,0001100682
RIVN,RIVIAN AUTOMOTIVE INC CLASS A,IWB,0001874178
AVY,AVERY DENNISON CORP,IWB,0000008818
CACI,CACI INTERNATIONAL INC CLASS A,IWB,0000016058
BWXT,BWX TECHNOLOGIES INC,IWB,0001486957
MEDP,MEDPACE HOLDINGS,IWB,0001668397
MKC,MCCORMICK & CO NON-VOTING,IWB,0000063754
FLUT,FLUTTER ENTERTAINMENT PLC,IWB,0001635327
RPM,RPM INTERNATIONAL INC,IWB,0000110621
BBIO,BRIDGEBIO PHARMA,IWB,0001743881
EQH,EQUITABLE HOLDINGS INC,IWB,0001333986
OHI,OMEGA HEALTHCARE INVESTORS REIT,IWB,0000888491
REG,REGENCY CENTERS REIT CORP,IWB,0000910606
RL,RALPH LAUREN CLASS A,IWB,0001037038
RVTY,REVVITY,IWB,0000031791
ALLE,ALLEGION PLC,IWB,0001579241
TRMB,TRIMBLE INC,IWB,0000864749
UNM,UNUM,IWB,0000005513
IREN,IREN,IWB,0001878848
RKT,ROCKET COMPANIES INC CLASS A,IWB,0001805284
TOL,TOLL BROTHERS INC,IWB,0000794170
GGG,GRACO,IWB,0000042888
RNR,RENAISSANCERE HOLDING,IWB,0000913144
BAX,BAXTER INTERNATIONAL,IWB,0000010456
MLI,MUELLER INDUSTRIES INC,IWB,0000089439
FOXA,FOX CLASS A,IWB,0001754301
TXRH,TEXAS ROADHOUSE INC,IWB,0001289460
IOT,SAMSARA CLASS A,IWB,0001642896
EXEL,EXELIXIS INC,IWB,0000939767
GL,GLOBE LIFE,IWB,0000320335
SITM,SITIME,IWB,0001451809
BWA,BORGWARNER,IWB,0000908255
AA,ALCOA CORP,IWB,0001675149
DTM,DT MIDSTREAM INC,IWB,0001842022
HAS,HASBRO,IWB,0000046080
HL,HECLA MINING,IWB,0000719413
SOLV,SOLVENTUM,IWB,0001964738
CCK,CROWN HOLDINGS INC,IWB,0001219601
SGI,SOMNIGROUP INTERNATIONAL,IWB,0001206264
CSGP,COSTAR GROUP,IWB,0001057352
LII,LENNOX INTERNATIONAL INC,IWB,0001069202
NXT,NEXTPOWER INC CLASS A,IWB,0001852131
FIVE,FIVE BELOW,IWB,0001177609
GDDY,GODADDY CLASS A,IWB,0001609711
LAMR,LAMAR ADVERTISING COMPANY CLAS,IWB,0001090425
BMRN,BIOMARIN PHARMACEUTICAL,IWB,0001048477
CLX,CLOROX,IWB,0000021076
SJM,JM SMUCKER,IWB,0000091419
ASND,ASCENDIS PHARMA,IWB,0001612042
LVS,LAS VEGAS SANDS,IWB,0001300514
MANH,MANHATTAN ASSOCIATES,IWB,0001056696
IT,GARTNER,IWB,0000749251
CG,CARLYLE GROUP INC,IWB,0001527166
QXO,QXO INC,IWB,0001236275
AGNC,AGNC INVESTMENT REIT,IWB,0001423689
DECK,DECKERS OUTDOOR,IWB,0000910521
ELS,EQUITY LIFESTYLE PROPERTIES REIT I,IWB,0000895417
AIT,APPLIED INDUSTRIAL TECHNOLOGIES IN,IWB,0000109563
TW,TRADEWEB MARKETS INC CLASS A,IWB,0001758730
HALO,HALOZYME THERAPEUTICS,IWB,0001159036
FNF,FIDELITY NATIONAL FINANCIAL INC,IWB,0001331875
PEN,PENUMBRA,IWB,0001321732
HUBS,HUBSPOT,IWB,0001404655
JKHY,JACK HENRY AND ASSOCIATES INC,IWB,0000779152
UDR,UDR REIT,IWB,0000074208
BMNR,BITMINE IMMERSION TECHNOLOGIES,IWB,0001829311
TKO,TKO GROUP HOLDINGS INC CLASS A,IWB,0001973266
DKNG,DRAFTKINGS CLASS A,IWB,0001883685
DOCU,DOCUSIGN,IWB,0001261333
GNRC,GENERAC HOLDINGS,IWB,0001474735
SF,STIFEL FINANCIAL,IWB,0000720672
GLPI,GAMING AND LEISURE PROPERTIES REIT,IWB,0001575965
ECHO,ECHOSTAR CLASS A,IWB,0001415404
EHC,ENCOMPASS HEALTH CORP,IWB,0000785161
PNW,PINNACLE WEST,IWB,0000764622
DY,DYCOM INDUSTRIES INC,IWB,0000067215
ARWR,ARROWHEAD PHARMACEUTICALS,IWB,0000879407
HII,HUNTINGTON INGALLS INDUSTRIES,IWB,0001501585
ALLY,ALLY FINANCIAL INC,IWB,0000040729
BJ,BJS WHOLESALE CLUB HOLDINGS,IWB,0001531152
AMH,AMERICAN HOMES RENT REIT CLASS A,IWB,0001562401
OC,OWENS CORNING,IWB,0001370946
TTMI,TTM TECHNOLOGIES INC,IWB,0001116942
FHN,FIRST HORIZON CORP,IWB,0000036966
SMTC,SEMTECH,IWB,0000088941
ELAN,ELANCO ANIMAL HEALTH,IWB,0001739104
WTRG,ESSENTIAL UTILITIES INC,IWB,0000078128
TECH,BIO TECHNE,IWB,0000842023
LULU,LULULEMON ATHLETICA,IWB,0001397187
DKS,DICKS SPORTING,IWB,0001089063
CORT,CORCEPT THERAPEUTICS,IWB,0001088856
PINS,PINTEREST CLASS A,IWB,0001506293
IVZ,INVESCO LTD,IWB,0000914208
SCI,SERVICE,IWB,0000089089
RRX,REGAL REXNORD,IWB,0000082811
AEIS,ADVANCED ENERGY INDUSTRIES,IWB,0000927003
SEIC,SEI INVESTMENTS,IWB,0000350894
ROL,ROLLINS INC,IWB,0000084839
NWSA,NEWS CLASS A,IWB,0001564708
WSO,WATSCO,IWB,0000105016
BPOP,POPULAR INC,IWB,0000763901
AR,ANTERO RESOURCES,IWB,0001433270
FDS,FACTSET RESEARCH SYSTEMS,IWB,0001013237
ALSN,ALLISON TRANSMISSION HOLDINGS,IWB,0001411207
KNX,KNIGHT-SWIFT TRANSPORTATION HOLDIN,IWB,0001492691
DCI,DONALDSON,IWB,0000029644
DAR,DARLING INGREDIENTS,IWB,0000916540
W,WAYFAIR CLASS A,IWB,0001616707
GFL,GFL ENVIRONMENTAL SUBORDINATE VOTI,IWB,0001780232
COKE,COCA COLA CONSOLIDATED INC,IWB,0000317540
BXP,BXP,IWB,0001037540
AHR,AMERICAN HEALTHCARE REIT,IWB,0001632970
CPT,CAMDEN PROPERTY TRUST REIT,IWB,0000906345
AYI,ACUITY,IWB,0001144215
ALGN,ALIGN TECHNOLOGY,IWB,0001097149
EVR,EVERCORE CLASS A,IWB,0001360901
EGP,EASTGROUP PROPERTIES REIT,IWB,0000049600
ARW,ARROW ELECTRONICS,IWB,0000007536
AES,AES,IWB,0000874761
KTOS,KRATOS DEFENSE AND SECURITY SOLUTI,IWB,0001069258
PODD,INSULET,IWB,0001145197
LFUS,LITTELFUSE,IWB,0000889331
SSB,SOUTHSTATE BANK CORP,IWB,0000764038
PNR,PENTAIR,IWB,0000077360
WTFC,WINTRUST FINANCIAL CORP,IWB,0001015328
ENSG,ENSIGN GROUP,IWB,0001125376
SWKS,SKYWORKS SOLUTIONS,IWB,0000004127
WMS,ADVANCED DRAINAGE SYSTEMS INC,IWB,0001604028
MOH,MOLINA HEALTHCARE INC,IWB,0001179929
ZION,ZIONS BANCORPORATION,IWB,0000109380
WTS,WATTS WATER TECHNOLOGIES CLASS A,IWB,0000795403
FRT,FEDERAL REALTY INVESTMENT TRUST RE,IWB,0000034903
CR,CRANE,IWB,0001944013
NYT,NEW YORK TIMES CLASS A,IWB,0000071691
DPZ,DOMINOS PIZZA,IWB,0001286681
FLS,FLOWSERVE,IWB,0000030625
CGNX,COGNEX,IWB,0000851205
APTV,APTIV PLC,IWB,0001521332
AAOI,APPLIED OPTOELECTRONICS,IWB,0001158114
SPXC,SPX TECHNOLOGIES INC,IWB,0000088205
MOD,MODINE MANUFACTURING,IWB,0000067347
RMBS,RAMBUS,IWB,0000917273
MUSA,MURPHY USA,IWB,0001573516
CFR,CULLEN FROST BANKERS INC,IWB,0000039263
TTEK,TETRA TECH,IWB,0000831641
SANM,SANMINA CORP,IWB,0000897723
IONS,IONIS PHARMACEUTICALS,IWB,0000874015
GMED,GLOBUS MEDICAL CLASS A,IWB,0001237831
CNH,CNH INDUSTRIAL N.V.,IWB,0001567094
OGE,OGE ENERGY,IWB,0001021635
ORI,OLD REPUBLIC INTERNATIONAL,IWB,0000074260
MTCH,MATCH GROUP INC,IWB,0000891103
RRC,RANGE RESOURCES,IWB,0000315852
AFG,AMERICAN FINANCIAL GROUP,IWB,0001042046
RGEN,REPLIGEN,IWB,0000730272
OSK,OSHKOSH CORP,IWB,0000775158
SAIA,SAIA INC,IWB,0001177702
AVTR,AVANTOR,IWB,0001722482
TTC,TORO,IWB,0000737758
PRI,PRIMERICA,IWB,0001475922
MDGL,MADRIGAL PHARMACEUTICALS,IWB,0001157601
BAH,BOOZ ALLEN HAMILTON HOLDING CLASS,IWB,0001443646
R,RYDER SYSTEM,IWB,0000085961
PAYC,PAYCOM SOFTWARE,IWB,0001590955
DOCN,DIGITALOCEAN HOLDINGS,IWB,0001582961
QGEN,QIAGEN,IWB,0001015820
CUBE,CUBESMART REIT,IWB,0001298675
BEN,FRANKLIN TEMPLETON,IWB,0000038777
BRX,BRIXMOR PROPERTY GROUP REIT INC,IWB,0001581068
UHS,UNIVERSAL HEALTH SERVICES INC CLAS,IWB,0000352915
ARE,ALEXANDRIA REAL ESTATE EQUITIES RE,IWB,0001035443
VMI,VALMONT INDS,IWB,0000102729
SOLS,SOLSTICE ADVANCED MATERIALS INC,IWB,0002064953
AAL,AMERICAN AIRLINES GROUP,IWB,0000006201
VOYA,VOYA FINANCIAL,IWB,0001535929
AMG,AFFILIATED MANAGERS GROUP,IWB,0001004434
FORM,FORMFACTOR INC,IWB,0001039399
AXSM,AXSOME THERAPEUTICS,IWB,0001579428
VIAV,VIAVI SOLUTIONS,IWB,0000912093
ADC,AGREE REALTY REIT,IWB,0000917251
COLB,COLUMBIA BANKING SYSTEM INC,IWB,0000887343
KMX,CARMAX INC,IWB,0001170010
HSIC,HENRY SCHEIN,IWB,0001000228
NNN,NNN REIT,IWB,0000751364
EMN,EASTMAN CHEMICAL,IWB,0000915389
WAL,WESTERN ALLIANCE,IWB,0001212545
VNOM,VIPER ENERGY INC CLASS A,IWB,0002074176
ATR,APTARGROUP,IWB,0000896622
KNSL,KINSALE CAPITAL GROUP INC,IWB,0001669162
UGI,UGI,IWB,0000884614
ACM,AECOM,IWB,0000868857
PB,PROSPERITY BANCSHARES,IWB,0001068851
REXR,REXFORD INDUSTRIAL REALTY REIT,IWB,0001571283
CHRD,CHORD ENERGY,IWB,0001486159
FR,FIRST INDUSTRIAL REALTY TRUST,IWB,0000921825
FOX,FOX CLASS B,IWB,0001754301
LAD,LITHIA MOTORS INC CLASS A,IWB,0001023128
CHYM,CHIME FINANCIAL CLASS A,IWB,0001795586
CNM,CORE & MAIN INC CLASS A,IWB,0001856525
QRVO,QORVO,IWB,0001604778
TIGO,MILLICOM INTERNATIONAL CELLULAR,IWB,0000912958
TKR,TIMKEN,IWB,0000098362
ESI,ELEMENT SOLUTIONS INC,IWB,0001590714
MGM,MGM RESORTS INTERNATIONAL,IWB,0000789570
PCOR,PROCORE TECHNOLOGIES INC,IWB,0001611052
NFG,NATIONAL FUEL GAS,IWB,0000070145
JEF,JEFFERIES FINANCIAL GROUP INC,IWB,0000096223
MP,MP MATERIALS CLASS A,IWB,0001801368
CRBG,COREBRIDGE FINANCIAL INC,IWB,0001889539
CART,MAPLEBEAR,IWB,0001579091
CAG,CONAGRA BRANDS,IWB,0000023217
CBSH,COMMERCE BANCSHARES,IWB,0000022356
AXTA,AXALTA COATING SYSTEMS,IWB,0001616862
THG,HANOVER INSURANCE GROUP,IWB,0000944695
AWI,ARMSTRONG WORLD INDUSTRIES,IWB,0000007431
SSD,SIMPSON MANUFACTURING,IWB,0000920371
WYNN,WYNN RESORTS,IWB,0001174922
LNC,LINCOLN NATIONAL CORP,IWB,0000059558
AM,ANTERO MIDSTREAM,IWB,0001623925
ESTC,ELASTIC,IWB,0001707753
ETSY,ETSY,IWB,0001370637
OWL,BLUE OWL CAPITAL CLASS A,IWB,0001823945
MOS,MOSAIC,IWB,0001285785
IDA,IDACORP,IWB,0001057877
NCLH,NORWEGIAN CRUISE LINE HOLDINGS,IWB,0001513761
TPG,TPG INC CLASS A,IWB,0001880661
KEX,KIRBY CORP,IWB,0000056047
AXS,AXIS CAPITAL HOLDINGS,IWB,0001214816
GME,GAMESTOP CLASS A,IWB,0001326380
BLDR,BUILDERS FIRSTSOURCE INC,IWB,0001316835
SFM,SPROUTS FARMERS MARKET INC,IWB,0001575515
RAL,RALLIANT,IWB,0002041385
LW,LAMB WESTON HOLDINGS,IWB,0001679273
APLD,APPLIED DIGITAL CORP,IWB,0001144879
AOS,A O SMITH,IWB,0000091142
NOV,NOV INC,IWB,0001021860
CAVA,CAVA GROUP,IWB,0001639438
OMF,ONEMAIN HOLDINGS,IWB,0001584207
AUR,AURORA INNOVATION CLASS A,IWB,0001828108
WEX,WEX,IWB,0001309108
TEM,TEMPUS AI CLASS A,IWB,0001717115
H,HYATT HOTELS CORP CLASS A,IWB,0001468174
HRL,HORMEL FOODS CORP,IWB,0000048465
AVT,AVNET INC,IWB,0000008858
HRB,H&R BLOCK INC,IWB,0000012659
HXL,HEXCEL,IWB,0000717605
FAF,FIRST AMERICAN FINANCIAL CORP,IWB,0001472787
HLI,HOULIHAN LOKEY INC CLASS A,IWB,0001302215
CHE,CHEMED CORP,IWB,0000019584
VNO,VORNADO REALTY TRUST REIT,IWB,0000899689
MTDR,MATADOR RESOURCES,IWB,0001520006
INGR,INGREDION INC,IWB,0001046257
LKQ,LKQ CORP,IWB,0001065696
BIO,BIO RAD LABORATORIES CLASS A,IWB,0000012208
STAG,STAG INDUSTRIAL REIT,IWB,0001479094
MSA,MSA SAFETY,IWB,0000066570
PCTY,PAYLOCITY HOLDING CORP,IWB,0001591698
S,SENTINELONE INC CLASS A,IWB,0001583708
BRKR,BRUKER,IWB,0001109354
WFRD,WEATHERFORD INTERNATIONAL PLC,IWB,0001603923
MHK,MOHAWK INDUSTRIES,IWB,0000851968
ONON,ON HOLDING AG CLASS A,IWB,0001858985
GTES,GATES INDUSTRIAL PLC,IWB,0001718512
XP,XP CLASS A INC,IWB,0001787425
LYFT,LYFT CLASS A,IWB,0001759509
ECG,EVERUS CONSTRUCTION GROUP,IWB,0002015845
TAP,MOLSON COORS BREWING CLASS B,IWB,0000024545
DOX,AMDOCS,IWB,0001062579
FNB,FNB CORP,IWB,0000037808
MSGS,MADISON SQUARE GARDEN SPORTS CLASS,IWB,0001636519
PATH,UIPATH INC CLASS A,IWB,0001734722
RYN,RAYONIER REIT,IWB,0000052827
HR,HEALTHCARE REALTY TRUST INC CLASS,IWB,0001360604
EXP,EAGLE MATERIALS INC,IWB,0000918646
UHAL-B,U HAUL NON VOTING SERIES N,IWB,0000004457
MTG,MGIC INVESTMENT,IWB,0000876437
AMKR,AMKOR TECHNOLOGY,IWB,0001047127
POOL,POOL,IWB,0000945841
LEA,LEAR,IWB,0000842162
AGCO,AGCO,IWB,0000880266
PL,PLANET LABS CLASS A,IWB,0001836833
LSTR,LANDSTAR SYSTEM,IWB,0000853816
M,MACYS INC,IWB,0000794367
PRMB,PRIMO BRANDS CLASS A CORP,IWB,0002042694
CZR,CAESARS ENTERTAINMENT INC,IWB,0001590895
AVAV,AEROVIRONMENT,IWB,0001368622
CHDN,CHURCHILL DOWNS,IWB,0000020212
CLF,CLEVELAND CLIFFS INC,IWB,0000764065
TFX,TELEFLEX,IWB,0000096943
GTLB,GITLAB CLASS A,IWB,0001653482
CRUS,CIRRUS LOGIC,IWB,0000772406
MBGL,MOBILITY GLOBAL INC,IWB,0002090312
G,GENPACT,IWB,0001398659
ST,SENSATA TECHNOLOGIES HOLDING PLC,IWB,0001477294
AS,AMER SPORTS INC,IWB,0001988894
WULF,TERAWULF,IWB,0001083301
IESC,IES INC,IWB,0001048268
SON,SONOCO PRODUCTS,IWB,0000091767
CROX,CROCS,IWB,0001334036
OKLO,OKLO CLASS A,IWB,0001849056
GFS,GLOBALFOUNDRIES,IWB,0001709048
Z,ZILLOW GROUP CLASS C,IWB,0001617640
FIG,FIGMA CLASS A,IWB,0001579878
SARO,STANDARDAERO,IWB,0002025410
FND,FLOOR DECOR HOLDINGS CLASS A,IWB,0001507079
MKTX,MARKETAXESS HOLDINGS,IWB,0001278021
BROS,DUTCH BROS CLASS A,IWB,0001866581
ULS,UL SOLUTIONS INC CLASS A,IWB,0001901440
BSY,BENTLEY SYSTEMS INC CLASS B,IWB,0001031308
ELF,ELF BEAUTY,IWB,0001600033
POWL,POWELL INDUSTRIES INC,IWB,0000080420
RITM,RITHM CAPITAL CORP,IWB,0001556593
DVA,DAVITA INC,IWB,0000927066
STWD,STARWOOD PROPERTY TRUST REIT INC,IWB,0001465128
VSNT,VERSANT MEDIA GROUP INC CLASS A,IWB,0002067876
DUOL,DUOLINGO CLASS A,IWB,0001562088
CHWY,CHEWY INC CLASS A,IWB,0001766502
TTD,TRADE DESK INC CLASS A,IWB,0001671933
AAON,AAON,IWB,0000824142
RLI,RLI CORP,IWB,0000084246
FPS,FORGENT POWER SOLUTIONS CLASS A,IWB,0002080126
NEU,NEWMARKET,IWB,0001282637
EPAM,EPAM SYSTEMS,IWB,0001352010
WH,WYNDHAM HOTELS RESORTS,IWB,0001722684
MTN,VAIL RESORTS,IWB,0000812011
EXLS,EXLSERVICE HOLDINGS,IWB,0001297989
SHC,SOTERA HEALTH COMPANY,IWB,0001822479
CELH,CELSIUS HOLDINGS,IWB,0001341766
SAIC,SCIENCE APPLICATIONS INTERNATIONAL,IWB,0001571123
NXST,NEXSTAR MEDIA GROUP INC,IWB,0001142417
GXO,GXO LOGISTICS,IWB,0001852244
FBIN,FORTUNE BRANDS INNOVATIONS INC,IWB,0001519751
BC,BRUNSWICK CORP,IWB,0000014930
VIRT,VIRTU FINANCIAL INC CLASS A,IWB,0001592386
OZK,BANK OZK,IWB,0001569650
DBX,DROPBOX INC CLASS A,IWB,0001467623
MSM,MSC INDUSTRIAL CLASS A,IWB,0001003078
CE,CELANESE CORP,IWB,0001306830
VICR,VICOR,IWB,0000751978
FIGR,FIGURE TECHNOLOGY SOLUTIONS CLASS,IWB,0002064124
ENPH,ENPHASE ENERGY,IWB,0001463101
WTM,WHITE MOUNTAINS INSURANCE GROUP,IWB,0000776867
SIRI,SIRIUSXM HOLDINGS,IWB,0000908937
GNTX,GENTEX,IWB,0000355811
KBR,KBR INC,IWB,0001357615
VFC,VF CORP,IWB,0000103379
RNG,RINGCENTRAL INC CLASS A,IWB,0001384905
CUZ,COUSINS PROPERTIES REIT INC,IWB,0000025232
SLM,SLM CORP,IWB,0001032033
AN,AUTONATION,IWB,0000350698
LLYVK,LIBERTY LIVE HOLDINGS INC SERIES C,IWB,0002078416
TREX,TREX,IWB,0001069878
MIDD,MIDDLEBY,IWB,0000769520
VNT,VONTIER,IWB,0001786842
RYAN,RYAN SPECIALTY HOLDINGS INC CLASS,IWB,0001849253
APPF,APPFOLIO CLASS A,IWB,0001433195
LPX,LOUISIANA PACIFIC,IWB,0000060519
MRP,MILLROSE PROPERTIES INC CLASS A,IWB,0002017206
CPB,CAMPBELL SOUP,IWB,0000016732
ALGM,ALLEGRO MICROSYSTEMS INC,IWB,0000866291
IRDM,IRIDIUM COMMUNICATIONS,IWB,0001418819
ALK,ALASKA AIR GROUP INC,IWB,0000766421
JHX,JAMES HARDIE INDUSTRIES PLC,IWB,0001159152
RHI,ROBERT HALF,IWB,0000315213
GAP,GAP,IWB,0000039911
EPR,EPR PROPERTIES REIT,IWB,0001045450
OLLI,OLLIES BARGAIN OUTLET HOLDINGS INC,IWB,0001639300
CCC,CCC INTELLIGENT SOLUTIONS HOLDINGS,IWB,0001818201
NVST,ENVISTA HOLDINGS,IWB,0001757073
ESAB,ESAB CORP,IWB,0001877322
BEPC,BROOKFIELD RENEWABLE SUBORDINATE V,IWB,0001791863
VVV,VALVOLINE INC,IWB,0001674910
FCN,FTI CONSULTING INC,IWB,0000887936
JBS,JBS N V NV CLASS A,IWB,0001791942
SITE,SITEONE LANDSCAPE SUPPLY INC,IWB,0001650729
GLXY,GALAXY DIGITAL INC CLASS A,IWB,0001859392
NWS,NEWS CLASS B,IWB,0001564708
COLD,AMERICOLD REALTY INC TRUST,IWB,0001455863
KRC,KILROY REALTY REIT,IWB,0001025996
PRIM,PRIMORIS SERVICES,IWB,0001361538
MAT,MATTEL INC,IWB,0000063276
MDU,MDU RESOURCES GROUP,IWB,0000067716
GSAT,GLOBALSTAR VOTING,IWB,0001366868
MORN,MORNINGSTAR,IWB,0001289419
HLNE,HAMILTON LANE CLASS A,IWB,0001433642
ADT,ADT INC,IWB,0001703056
BYD,BOYD GAMING,IWB,0000906553
THO,THOR INDUSTRIES,IWB,0000730263
PLNT,PLANET FITNESS INC CLASS A,IWB,0001637207
TNL,TRAVEL LEISURE,IWB,0001361658
LOPE,GRAND CANYON EDUCATION INC,IWB,0001434588
LAZ,LAZARD,IWB,0001311370
DLB,DOLBY LABORATORIES CLASS A,IWB,0001308547
ACI,ALBERTSONS COMPANY CLASS A,IWB,0001646972
BBWI,BATH AND BODY WORKS,IWB,0000701985
PAG,PENSKE AUTOMOTIVE GROUP VOTING INC,IWB,0001019849
WSC,WILLSCOT HOLDINGS CLASS A,IWB,0001647088
CWEN,CLEARWAY ENERGY INC CLASS C,IWB,0001567683
BILL,BILL HOLDINGS,IWB,0001786352
BFAM,BRIGHT HORIZONS FAMILY SOLUTIONS I,IWB,0001437578
ALM,ALMONTY INDUSTRIES,IWB,0001670061
BF-B,BROWN FORMAN CLASS B,IWB,0000014693
OLED,UNIVERSAL DISPLAY CORP,IWB,0001005284
KRMN,KARMAN HOLDINGS INC,IWB,0002040127
PVH,PVH,IWB,0000078239
OGN,ORGANON,IWB,0001821825
VKTX,VIKING THERAPEUTICS,IWB,0001607678
SLGN,SILGAN HOLDINGS,IWB,0000849869
AUGO,AURA MINERALS INC,IWB,0001468642
GPK,GRAPHIC PACKAGING HOLDING,IWB,0001408075
FRPT,FRESHPET,IWB,0001611647
YETI,YETI HOLDINGS,IWB,0001670592
DOCS,DOXIMITY CLASS A,IWB,0001516513
FHB,FIRST HAWAIIAN,IWB,0000036377
AMTM,AMENTUM HOLDINGS,IWB,0002011286
POST,POST HOLDINGS,IWB,0001530950
LOAR,LOAR HOLDINGS,IWB,0002000178
WING,WINGSTOP,IWB,0001636222
BHF,BRIGHTHOUSE FINANCIAL,IWB,0001685040
DRS,LEONARDO DRS INC,IWB,0001833756
AGO,ASSURED GUARANTY LTD,IWB,0001273813
CAI,CARIS LIFE SCIENCES,IWB,0002019410
LINE,LINEAGE,IWB,0001868159
HAYW,HAYWARD HOLDINGS,IWB,0001834622
FRHC,FREEDOM HOLDING CORP,IWB,0000924805
PEGA,PEGASYSTEMS,IWB,0001013857
CHH,CHOICE HOTELS INTERNATIONAL,IWB,0001046311
QS,QUANTUMSCAPE CLASS A,IWB,0001811414
KD,KYNDRYL HOLDINGS,IWB,0001867072
EEFT,EURONET WORLDWIDE INC,IWB,0001029199
SMG,SCOTTS MIRACLE GRO,IWB,0000825542
FOUR,SHIFT4 PAYMENTS CLASS A,IWB,0001794669
BOKF,BOK FINANCIAL CORP,IWB,0000875357
WLK,WESTLAKE CORP,IWB,0001262823
CAR,AVIS BUDGET GROUP INC,IWB,0000723612
WHR,WHIRLPOOL,IWB,0000106640
KVYO,KLAVIYO SERIES A,IWB,0001835830
UI,UBIQUITI,IWB,0001511737
FWONA,LIBERTY MEDIA FORMULA ONE SERIES A,IWB,0001560385
PPLI,PEOPLE,IWB,0001800227
HHH,HOWARD HUGHES HOLDINGS INC,IWB,0001981792
CACC,CREDIT ACCEPTANCE CORP,IWB,0000885550
OLN,OLIN CORP,IWB,0000074303
MFP,MIDERA FOOD PROCESSING INC,IWB,0002088281
WU,WESTERN UNION,IWB,0001365135
MPT,MEDICAL PROPERTIES TRUST REIT INC,IWB,0001287865
LLYVA,LIBERTY LIVE HOLDINGS INC SERIES A,IWB,0002078416
IPGP,IPG PHOTONICS CORP,IWB,0001111928
BIRK,BIRKENSTOCK HOLDING PLC,IWB,0001977102
DDS,DILLARDS CLASS A,IWB,0000028917
LBTYA,LIBERTY GLOBAL LTD CLASS A,IWB,0001570585
ZG,ZILLOW GROUP CLASS A,IWB,0001617640
PSN,PARSONS CORP,IWB,0000275880
SNDR,SCHNEIDER NATIONAL CLASS B,IWB,0001692063
SMMT,SUMMIT THERAPEUTICS,IWB,0001599298
LBTYK,LIBERTY GLOBAL LTD CLASS C,IWB,0001570585
BF-A,BROWN FORMAN CLASS A,IWB,0000014693
JAN,JANUS LIVING INC CLASS A,IWB,0002100805
REYN,REYNOLDS CONSUMER PRODUCTS INC,IWB,0001786431
SEB,SEABOARD,IWB,0000088121
PPC,PILGRIMS PRIDE CORP,IWB,0000802481
CNA,CNA FINANCIAL CORP,IWB,0000021175
COLM,COLUMBIA SPORTSWEAR,IWB,0001050797
FRMI,FERMI INC,IWB,0002071778
INGM,INGRAM MICRO HOLDING,IWB,0001897762
SAIL,SAILPOINT,IWB,0002030781
MWH,SOLV ENERGY CLASS A INC,IWB,0002065636
TFSL,TFS FINANCIAL CORP,IWB,0001381668
SFD,SMITHFIELD FOODS INC,IWB,0000091388
BLSH,BULLISH,IWB,0001872195
NIQ,NIQ GLOBAL INTELLIGENCE PLC,IWB,0002054696
XE,X-ENERGY INC CLASS A,IWB,0002088896
LEN-B,LENNAR CORP CLASS B,IWB,0000920760
CBC,CENTRAL BANCOMPANY CLASS A,IWB,0002065601
UHAL,U HAUL HOLDING,IWB,0000004457
UWMC,UWM HOLDINGS CLASS A,IWB,0001783398
HOLX,HOLOGIC INC,IWB,
MOG-A,MOOG INC CLASS A,IWM,0000067887
UMBF,UMB FINANCIAL CORP,IWM,0000101382
GKOS,GLAUKOS,IWM,0001192448
CYTK,CYTOKINETICS,IWM,0001061983
EAT,BRINKER INTERNATIONAL INC,IWM,0000703351
FROG,JFROG,IWM,0001800667
PRAX,PRAXIS PRECISION MEDICINES,IWM,0001689548
VSAT,VIASAT INC,IWM,0000797721
BTSG,BRIGHTSPRING HEALTH SERVICES INC,IWM,0001865782
PTGX,PROTAGONIST THERAPEUTICS,IWM,0001377121
COMP,COMPASS INC CLASS A,IWM,0001563190
ONB,OLD NATIONAL BANCORP,IWM,0000707179
TWST,TWIST BIOSCIENCE,IWM,0001581280
CTRE,CARETRUST REIT,IWM,0001590717
IDCC,INTERDIGITAL INC,IWM,0001405495
KRYS,KRYSTAL BIOTECH,IWM,0001711279
HQY,HEALTHEQUITY,IWM,0001428336
SM,SM ENERGY,IWM,0000893538
FCFS,FIRSTCASH HOLDINGS INC,IWM,0000840489
CRNX,CRINETICS PHARMACEUTICALS,IWM,0001658247
RHP,RYMAN HOSPITALITY PROPERTIES REIT,IWM,0001040829
HUT,HUT CORP,IWM,0001964789
ALKS,ALKERMES,IWM,0001520262
PCVX,VAXCYTE,IWM,0001649094
SYRE,SPYRE THERAPEUTICS INC,IWM,0001636282
JXN,JACKSON FINANCIAL CLASS A,IWM,0001822993
KYMR,KYMERA THERAPEUTICS,IWM,0001815442
SSRM,SSR MINING,IWM,0000921638
OSCR,OSCAR HEALTH CLASS A,IWM,0001568651
FLR,FLUOR CORP,IWM,0001124198
CMC,COMMERCIAL METALS,IWM,0000022444
ESE,ESCO TECHNOLOGIES,IWM,0000866706
TGTX,TG THERAPEUTICS,IWM,0001001316
TXG,10X GENOMICS CLASS A,IWM,0001770787
ZWS,ZURN ELKAY WATER SOLUTIONS CORP,IWM,0001439288
FSS,FEDERAL SIGNAL CORP,IWM,0000277509
TEX,TEREX,IWM,0000097216
TRNO,TERRENO REALTY REIT,IWM,0001476150
PBF,PBF ENERGY CLASS A,IWM,0001534504
SLAB,SILICON LABORATORIES,IWM,0001038074
SNEX,STONEX GROUP INC,IWM,0000913760
AGX,ARGAN,IWM,0000100591
ENS,ENERSYS,IWM,0001289308
ACA,ARCOSA,IWM,0001739445
VLY,VALLEY NATIONAL,IWM,0000714310
QBTS,D WAVE QUANTUM,IWM,0001907982
MAC,MACERICH REIT,IWM,0000912242
RIOT,RIOT PLATFORMS,IWM,0001167419
ORA,ORMAT TECH INC,IWM,0001296445
EPRT,ESSENTIAL PROPERTIES REALTY TRUST,IWM,0001728951
NPO,ENPRO,IWM,0001164863
SWX,SOUTHWEST GAS HOLDINGS,IWM,0001692115
QLYS,QUALYS,IWM,0001107843
HIMS,HIMS HERS HEALTH CLASS A,IWM,0001773751
MATX,MATSON INC,IWM,0000003453
PLXS,PLEXUS CORP,IWM,0000785786
UBSI,UNITED BANKSHARES,IWM,0000729986
LNTH,LANTHEUS HOLDINGS,IWM,0001521036
LTH,LIFE TIME GROUP HOLDINGS,IWM,0001869198
ZETA,ZETA GLOBAL HOLDINGS CLASS A,IWM,0001851003
VSEC,VSE CORP,IWM,0000102752
HWC,HANCOCK WHITNEY,IWM,0000750577
GBCI,GLACIER BANCORP INC,IWM,0000868671
MGY,MAGNOLIA OIL GAS CORP CLASS A,IWM,0001698990
RYTM,RHYTHM PHARMACEUTICALS,IWM,0001649904
ESNT,ESSENT GROUP,IWM,0001448893
SRRK,SCHOLAR ROCK HOLDING,IWM,0001727196
GATX,GATX,IWM,0000040211
VSXY,VICTORIA S SECRET,IWM,0001856437
ENVA,ENOVA INTERNATIONAL,IWM,0001529864
CVLT,COMMVAULT SYSTEMS,IWM,0001169561
COGT,COGENT BIOSCIENCES,IWM,0001622229
PTCT,PTC THERAPEUTICS,IWM,0001070081
XENE,XENON PHARMACEUTICALS,IWM,0001582313
JBTM,JBT MAREL,IWM,0001433660
APGE,APOGEE THERAPEUTICS,IWM,0001974640
KGS,KODIAK GAS SERVICES INC,IWM,0001767042
POR,PORTLAND GENERAL ELECTRIC,IWM,0000784977
AUB,ATLANTIC UNION BANKSHARES,IWM,0000883948
DFTX,DEFINIUM THERAPEUTICS INC,IWM,0001813814
TXNM,TXNM ENERGY INC,IWM,0001108426
LUMN,LUMEN TECHNOLOGIES,IWM,0000018926
IBP,INSTALLED BUILDING PRODUCTS,IWM,0001580905
CGON,CG ONCOLOGY,IWM,0001991792
NE,NOBLE CORPORATION PLC,IWM,0001895262
CWST,CASELLA WASTE SYSTEMS CLASS A,IWM,0000911177
CORZ,CORE SCIENTIFIC INC,IWM,0001839341
FTDR,FRONTDOOR INC,IWM,0001727263
TVTX,TRAVERE THERAPEUTICS,IWM,0001438533
BCPC,BALCHEM,IWM,0000009326
TTAN,SERVICETITAN CLASS A,IWM,0001638826
LGND,LIGAND PHARMACEUTICALS,IWM,0000886163
ABCB,AMERIS BANCORP,IWM,0000351569
MXL,MAXLINEAR,IWM,0001288469
RIG,TRANSOCEAN,IWM,0001451505
BKH,BLACK HILLS CORP,IWM,0001130464
UEC,URANIUM ENERGY,IWM,0001334933
SXT,SENSIENT TECHNOLOGIES,IWM,0000310142
HOMB,HOME BANCSHARES INC,IWM,0001331520
MRCY,MERCURY SYSTEMS INC,IWM,0001049521
NJR,NEW JERSEY RESOURCES CORP,IWM,0000356309
RGTI,RIGETTI COMPUTING,IWM,0001838359
AROC,ARCHROCK,IWM,0001389050
GVA,GRANITE CONSTRUCTION,IWM,0000861459
HRI,HERC HOLDINGS,IWM,0001364479
HCC,WARRIOR MET COAL INC,IWM,0001691303
KRG,KITE REALTY GROUP TRUST REIT,IWM,0001286043
SIGI,SELECTIVE INSURANCE GROUP,IWM,0000230557
ROAD,CONSTRUCTION PARTNERS CLASS A,IWM,0001718227
ORKA,ORUKA THERAPEUTICS INC,IWM,0000907654
AIR,AAR,IWM,0000001750
CRSP,CRISPR THERAPEUTICS AG,IWM,0001674416
MMSI,MERIT MEDICAL SYSTEMS INC,IWM,0000856982
HASI,HA SUSTAINABLE INFRASTRUCTURE CAPI,IWM,0001561894
ACIW,ACI WORLDWIDE,IWM,0000935036
CIFR,CIPHER DIGITAL INC,IWM,0001819989
DNTH,DIANTHUS THERAPEUTICS INC,IWM,0001690585
RDNT,RADNET,IWM,0000790526
PIPR,PIPER SANDLER COMPANIES,IWM,0001230245
CSW,CSW INDUSTRIALS,IWM,0001624794
LQDA,LIQUIDIA,IWM,0001819576
OII,OCEANEERING INTERNATIONAL INC,IWM,0000073756
SBRA,SABRA HEALTH CARE REIT,IWM,0001492298
NOVT,NOVANTA,IWM,0001076930
BOOT,BOOT BARN HOLDINGS,IWM,0001610250
OGS,ONE GAS,IWM,0001587732
PECO,PHILLIPS EDISON AND COMPANY,IWM,0001476204
WHD,CACTUS CLASS A,IWM,0001699136
JOBY,JOBY AVIATION CLASS A,IWM,0001819848
UFPI,UFP INDUSTRIES,IWM,0000912767
MUR,MURPHY OIL CORP,IWM,0000717423
GLNG,GOLAR LNG,IWM,0001207179
MTRN,MATERION,IWM,0001104657
HAE,HAEMONETICS CORP,IWM,0000313143
SKY,CHAMPION HOMES INC,IWM,0000090896
MYRG,MYR GROUP INC,IWM,0000700923
AX,AXOS FINANCIAL,IWM,0001299709
BIPC,BROOKFIELD INFRASTRUCTURE CORP CLA,IWM,0001788348
CNO,CNO FINANCIAL GROUP,IWM,0001224608
VCTR,VICTORY CAPITAL HOLDINGS CLASS A,IWM,0001570827
BDC,BELDEN,IWM,0000913142
VAL,VALARIS LTD,IWM,0000314808
RDN,RADIAN GROUP,IWM,0000890926
CAKE,CHEESECAKE FACTORY INC,IWM,0000887596
CNX,CNX RESOURCES,IWM,0001070412
SR,SPIRE INC,IWM,0001126956
MTH,MERITAGE CORP,IWM,0000833079
OUT,OUTFRONT MEDIA,IWM,0001579877
EBC,EASTERN BANKSHARES INC,IWM,0001810546
MIRM,MIRUM PHARMACEUTICALS,IWM,0001759425
RUSHA,RUSH ENTERPRISES CLASS A,IWM,0001012019
VRNS,VARONIS SYSTEMS,IWM,0001361113
PI,IMPINJ,IWM,0001114995
GTX,GARRETT MOTION,IWM,0001735707
TDW,TIDEWATER,IWM,0000098222
LAUR,LAUREATE EDUCATION,IWM,0000912766
CNR,CORE NATURAL RESOURCES,IWM,0001710366
CVCO,CAVCO INDUSTRIES,IWM,0000278166
ANF,ABERCROMBIE AND FITCH CLASS A,IWM,0001018840
INDV,INDIVIOR PHARMACEUTICALS INC,IWM,0001625297
PSMT,PRICESMART,IWM,0001041803
SFBS,SERVISFIRST BANCSHARES INC,IWM,0001430723
PRM,PERIMETER SOLUTIONS,IWM,0001880319
AXTI,AXT,IWM,0001051627
ICUI,ICU MEDICAL,IWM,0000883984
FFIN,FIRST FINANCIAL BANKSHARES INC,IWM,0000036029
KTB,KONTOOR BRANDS,IWM,0001760965
BOX,BOX INC CLASS A,IWM,0001372612
BCO,BRINKS,IWM,0000078890
CVSA,COVISTA,IWM,0000730464
LIVN,LIVANOVA PLC,IWM,0001639691
KLIC,KULICKE AND SOFFA INDUSTRIES INC,IWM,0000056978
KFY,KORN FERRY,IWM,0000056679
ASB,ASSOCIATED BANCORP,IWM,0000007789
SPHR,SPHERE ENTERTAINMENT CLASS A,IWM,0001795250
CBT,CABOT CORP,IWM,0000016040
NWE,NORTHWESTERN ENERGY GROUP,IWM,0001993004
ITRI,ITRON,IWM,0000780571
FULT,FULTON FINANCIAL CORP,IWM,0000700564
VSH,VISHAY INTERTECHNOLOGY INC,IWM,0000103730
MRX,MAREX GROUP LTD,IWM,0001997464
TCBI,TEXAS CAPITAL BANCSHARES,IWM,0001077428
ACHR,ARCHER AVIATION CLASS A,IWM,0001824502
DIOD,DIODES,IWM,0000029002
FBP,FIRST BANCORP,IWM,0001057706
ONDS,ONDAS INC,IWM,0001646188
PJT,PJT PARTNERS CLASS A,IWM,0001626115
AZZ,AZZ INC,IWM,0000008947
URBN,URBAN OUTFITTERS,IWM,0000912615
SKT,TANGER,IWM,0000899715
HP,HELMERICH & PAYNE,IWM,0000046765
CDP,COPT DEFENSE PROPERTIES,IWM,0000860546
UNF,UNIFIRST,IWM,0000717954
ITGR,INTEGER HOLDINGS CORP,IWM,0001114483
NSIT,INSIGHT ENTERPRISES INC,IWM,0000932696
PTEN,PATTERSON UTI ENERGY INC,IWM,0000889900
FLG,FLAGSTAR BANK NATIONAL ASSOCIATION,IWM,0000910073
YOU,CLEAR SECURE CLASS A,IWM,0001856314
SLG,SL GREEN REALTY REIT CORP,IWM,0001040971
INSW,INTERNATIONAL SEAWAYS,IWM,0001679049
CATY,CATHAY GENERAL BANCORP,IWM,0000861842
ACMR,ACM RESEARCH CLASS A,IWM,0001680062
ABG,ASBURY AUTOMOTIVE GROUP INC,IWM,0001144980
BNL,BROADSTONE NET LEASE,IWM,0001424182
ATMU,ATMUS FILTRATION TECHNOLOGIES,IWM,0001921963
IRTC,IRHYTHM HOLDINGS INC,IWM,0001388658
TPC,TUTOR PERINI,IWM,0000077543
WSFS,WSFS FINANCIAL,IWM,0000828944
AVNT,AVIENT CORP,IWM,0001122976
SKYW,SKYWEST,IWM,0000793733
BGC,BGC GROUP INC CLASS A,IWM,0001094831
CON,CONCENTRA GROUP HOLDINGS PARENT IN,IWM,0002014596
DK,DELEK US HOLDINGS INC,IWM,0001694426
UCB,UNITED COMMUNITY BANKS INC,IWM,0000857855
QTWO,Q2 HOLDINGS INC,IWM,0001410384
INDB,INDEPENDENT BANK CORP,IWM,0000776901
TENB,TENABLE HOLDINGS,IWM,0001660280
DYN,DYNE THERAPEUTICS,IWM,0001818794
CHEF,CHEFS WAREHOUSE INC,IWM,0001517175
IBOC,INTERNATIONAL BANCSHARES CORP,IWM,0000315709
FELE,FRANKLIN ELECTRIC,IWM,0000038725
MHO,M I HOMES INC,IWM,0000799292
IRT,INDEPENDENCE REALTY,IWM,0001466085
MWA,MUELLER WATER PRODUCTS SERIES A,IWM,0001350593
ERAS,ERASCA,IWM,0001761918
CNK,CINEMARK HOLDINGS INC,IWM,0001385280
ACLS,AXCELIS TECHNOLOGIES,IWM,0001113232
GFF,GRIFFON,IWM,0000050725
CECO,CECO ENVIRONMENTAL,IWM,0000003197
WK,WORKIVA CLASS A,IWM,0001445305
RELY,REMITLY GLOBAL,IWM,0001782170
CRC,CALIFORNIA RESOURCES,IWM,0001609253
MC,MOELIS CLASS A,IWM,0001596967
SYNA,SYNAPTICS,IWM,0000817720
GEO,GEO GROUP,IWM,0000923796
XMTR,XOMETRY CLASS A,IWM,0001657573
STEP,STEPSTONE GROUP CLASS A,IWM,0001796022
RNST,RENASANT CORP,IWM,0000715072
ADPT,ADAPTIVE BIOTECHNOLOGIES,IWM,0001478320
ACAD,ACADIA PHARMACEUTICALS,IWM,0001070494
BMI,BADGER METER,IWM,0000009092
CVBF,CVB FINANCIAL CORP,IWM,0000354647
SXI,STANDEX INTERNATIONAL CORP,IWM,0000310354
IMVT,IMMUNOVANT,IWM,0001764013
PARR,PAR PACIFIC HOLDINGS INC,IWM,0000821483
GHC,GRAHAM HOLDINGS COMPANY CLASS B,IWM,0000104889
DNLI,DENALI THERAPEUTICS,IWM,0001714899
KNF,KNIFE RIVER CORP,IWM,0001955520
KAI,KADANT INC,IWM,0000886346
MIR,MIRION TECHNOLOGIES CLASS A,IWM,0001809987
WSBC,WESBANCO,IWM,0000203596
UUUU,ENERGY FUELS,IWM,0001385849
MARA,MARA HOLDINGS,IWM,0001507605
DORM,DORMAN PRODUCTS,IWM,0000868780
RXO,RXO INC,IWM,0001929561
HNGE,HINGE HEALTH CLASS A,IWM,0001673743
OPCH,OPTION CARE HEALTH INC,IWM,0001014739
CWK,CUSHMAN AND WAKEFIELD LTD,IWM,0001628369
APLE,APPLE HOSPITALITY REIT INC,IWM,0001418121
STNG,SCORPIO TANKERS,IWM,0001483934
LMND,LEMONADE INC,IWM,0001691421
OPLN,OPENLANE INC,IWM,0001395942
LGN,LEGENCE CLASS A,IWM,0002052568
PII,POLARIS INC,IWM,0000931015
HTFL,HEARTFLOW,IWM,0001464521
FSLY,FASTLY CLASS A,IWM,0001517413
GNW,GENWORTH FINANCIAL INC,IWM,0001276520
NHI,NATIONAL HEALTH INVESTORS REIT,IWM,0000877860
CSTM,CONSTELLIUM SE CLASS A,IWM,0001563411
CELC,CELCUITY,IWM,0001603454
OTTR,OTTER TAIL,IWM,0001466593
LXP,LXP INDUSTRIAL TRUST,IWM,0000910108
NMIH,NMI HOLDINGS,IWM,0001547903
TNGX,TANGO THERAPEUTICS,IWM,0001819133
LRN,STRIDE INC,IWM,0001157408
CALM,CAL MAINE FOODS,IWM,0000016160
DAVE,DAVE CLASS A,IWM,0001841408
OSIS,OSI SYSTEMS,IWM,0001039065
AWR,AMERICAN STATES WATER,IWM,0001056903
AMLX,AMYLYX PHARMACEUTICALS,IWM,0001658551
HNI,HNI,IWM,0000048287
CRGY,CRESCENT ENERGY CLASS A,IWM,0001866175
HIW,HIGHWOODS PROPERTIES REIT,IWM,0000921082
USAR,USA RARE EARTH CLASS A,IWM,0001970622
SHOO,STEVEN MADDEN,IWM,0000913241
FIBK,FIRST INTERSTATE BANCSYSTEM INC,IWM,0000860413
FFBC,FIRST FINANCIAL BANCORP,IWM,0000708955
DAN,DANA INCORPORATED INC,IWM,0000026780
TDS,TELEPHONE AND DATA SYSTEMS,IWM,0001051512
VGNT,VERSIGENT PLC,IWM,0002078008
AAP,ADVANCE AUTO PARTS INC,IWM,0001158449
KBH,KB HOME,IWM,0000795266
LEU,CENTRUS ENERGY CLASS A,IWM,0001065059
EXPO,EXPONENT,IWM,0000851520
SBCF,SEACOAST BANKING OF FLORIDA,IWM,0000730708
MGNI,MAGNITE,IWM,0001595974
NIC,NICOLET BANKSHARES INC,IWM,0001174850
CLMT,CALUMET,IWM,0002013745
NATL,NCR ATLEOS,IWM,0001974138
PRK,PARK NATIONAL CORP,IWM,0000805676
FUL,HB FULLER,IWM,0000039368
VCYT,VERACYTE,IWM,0001384101
KNSA,KINIKSA PHARMACEUTICALS INTERNATIO,IWM,0001730430
SIG,SIGNET JEWELERS,IWM,0000832988
UCTT,ULTRA CLEAN HOLDINGS INC,IWM,0001275014
RLAY,RELAY THERAPEUTICS,IWM,0001812364
OPEN,OPENDOOR TECHNOLOGIES CLASS A,IWM,0001801169
CBU,COMMUNITY FINANCIAL SYSTEM INC,IWM,0000723188
ASH,ASHLAND,IWM,0001674862
PLMR,PALOMAR HOLDINGS,IWM,0001761312
BTU,PEABODY ENERGY CORP,IWM,0001064728
COCO,THE VITA COCO COMPANY,IWM,0001482981
EWTX,EDGEWISE THERAPEUTICS,IWM,0001710072
AEHR,AEHR TEST SYSTEMS,IWM,0001040470
SFNC,SIMMONS FIRST NATIONAL CLASS A,IWM,0000090498
TOWN,TOWNEBANK,IWM,
CLDX,CELLDEX THERAPEUTICS,IWM,0000744218
CPK,CHESAPEAKE UTILITIES,IWM,0000019745
VAC,MARRIOTT VACATIONS WORLDWIDE,IWM,0001524358
MSGE,MADISON SQUARE GARDEN ENTERTAINMEN,IWM,0001952073
LBRT,LIBERTY ENERGY CLASS A,IWM,0001694028
AVA,AVISTA,IWM,0000104918
BELFB,BEL FUSE CLASS B,IWM,0000729580
TMDX,TRANSMEDICS GROUP,IWM,0001756262
IDYA,IDEAYA BIOSCIENCES,IWM,0001676725
BKU,BANKUNITED,IWM,0001504008
MMS,MAXIMUS,IWM,0001032220
ATKR,ATKORE,IWM,0001666138
AMBA,AMBARELLA,IWM,0001280263
IOVA,IOVANCE BIOTHERAPEUTICS INC,IWM,0001425205
IMNM,IMMUNOME,IWM,0001472012
SEI,SOLARIS ENERGY INFRASTRUCTURE INC,IWM,0001697500
CXW,CORECIVIC REIT,IWM,0001070985
CLBK,COLUMBIA FINANCIAL INC,IWM,0002115119
POWI,POWER INTEGRATIONS,IWM,0000833640
MIAX,MIAMI INTERNATIONAL HOLDINGS,IWM,0001438472
IBRX,IMMUNITYBIO INC,IWM,0001326110
ASO,ACADEMY SPORTS AND OUTDOORS,IWM,0001817358
GPI,GROUP AUTOMOTIVE INC,IWM,0001031203
AMRX,AMNEAL PHARMACEUTICALS CLASS A,IWM,0001723128
WT,WISDOMTREE,IWM,0000880631
PLUG,PLUG POWER,IWM,0001093691
ARCB,ARCBEST,IWM,0000894405
TARS,TARSUS PHARMACEUTICALS,IWM,0001819790
AGYS,AGILYSYS INC,IWM,0000078749
ADEA,ADEIA,IWM,0001803696
BWIN,BALDWIN INSURANCE GROUP CLASS A,IWM,0001781755
GRAL,GRAIL INC,IWM,0001699031
NAVN,NAVAN CLASS A,IWM,0001639723
WDFC,WD-40,IWM,0000105132
CENX,CENTURY ALUMINUM,IWM,0000949157
NHC,NATIONAL HEALTHCARE CORP,IWM,0001047335
SPSC,SPS COMMERCE,IWM,0001092699
CWT,CALIFORNIA WATER SERVICE GROUP,IWM,0001035201
SMR,NUSCALE POWER CORP CLASS A,IWM,0001822966
MGEE,MGE ENERGY,IWM,0001161728
PK,PARK HOTELS RESORTS INC,IWM,0001617406
ARQT,ARCUTIS BIOTHERAPEUTICS,IWM,0001787306
BCC,BOISE CASCADE,IWM,0001328581
CURB,CURBLINE PROPERTIES,IWM,0002027317
REZI,RESIDEO TECHNOLOGIES,IWM,0001740332
KN,KNOWLES,IWM,0001587523
RRR,RED ROCK RESORTS ORS CLASS A,IWM,0001653653
WRBY,WARBY PARKER INC CLASS A,IWM,0001504776
PFS,PROVIDENT FINANCIAL SERVICES INC,IWM,0001178970
CLSK,CLEANSPARK,IWM,0000827876
DX,DYNEX CAPITAL REIT INC,IWM,0000826675
EXTR,EXTREME NETWORKS,IWM,0001078271
NG,NOVAGOLD RESOURCES INC,IWM,0001173420
DHT,DHT HOLDINGS,IWM,0001331284
SDRL,SEADRILL,IWM,0001737706
MCY,MERCURY GENERAL,IWM,0000064996
MGRC,MCGRATH RENT,IWM,0000752714
VC,VISTEON,IWM,0001111335
BULL,WEBULL CORP CLASS A,IWM,0001866364
DNOW,DNOW,IWM,0001599617
BRZE,BRAZE INC CLASS A,IWM,0001676238
SHAK,SHAKE SHACK INC CLASS A,IWM,0001620533
BOH,BANK OF HAWAII,IWM,0000046195
BKD,BROOKDALE SENIOR LIVING INC,IWM,0001332349
AKR,ACADIA REALTY TRUST REIT,IWM,0000899629
UNFI,UNITED NATURAL FOODS INC,IWM,0001020859
DGII,DIGI INTERNATIONAL,IWM,0000854775
BEAM,BEAM THERAPEUTICS,IWM,0001745999
SOUN,SOUNDHOUND AI CLASS A,IWM,0001840856
VECO,VEECO INSTRUMENTS INC,IWM,0000103145
DBRG,DIGITALBRIDGE GROUP INC CLASS A,IWM,0001679688
KNTK,KINETIK HOLDINGS CLASS A,IWM,0001692787
DCO,DUCOMMUN,IWM,0000030305
PATK,PATRICK INDUSTRIES,IWM,0000076605
NTCT,NETSCOUT SYSTEMS,IWM,0001078075
ABM,ABM INDUSTRIES INC,IWM,0000771497
FRSH,FRESHWORKS CLASS A,IWM,0001544522
CARG,CARGURUS CLASS A,IWM,0001494259
UE,URBAN EDGE PROPERTIES,IWM,0001611547
PHIN,PHINIA,IWM,0001968915
WAY,WAYSTAR HOLDING,IWM,0001990354
FCPT,FOUR CORNERS PROPERTY INC TRUST,IWM,0001650132
MAN,MANPOWER INC,IWM,0000871763
ALRM,ALARM.COM HOLDINGS,IWM,0001459200
GPOR,GULFPORT ENERGY,IWM,0000874499
APAM,ARTISAN PARTNERS ASSET MANAGEMENT,IWM,0001517302
JOE,ST JOE,IWM,0000745308
SUPN,SUPERNUS PHARMACEUTICALS,IWM,0001356576
NOG,NORTHERN OIL AND GAS,IWM,0001104485
FRME,FIRST MERCHANTS,IWM,0000712534
CBZ,CBIZ,IWM,0000944148
NEOG,NEOGEN,IWM,0000711377
RCUS,ARCUS BIOSCIENCES,IWM,0001724521
TBBK,BANCORP INC,IWM,0001295401
PENG,PENGUIN SOLUTIONS INC,IWM,0001616533
NRIX,NURIX THERAPEUTICS INC,IWM,0001549595
LASR,NLIGHT,IWM,0001124796
TDC,TERADATA,IWM,0000816761
RH,RH,IWM,0001528849
OSW,ONESPAWORLD HOLDINGS LTD,IWM,0001758488
LCII,LCI INDUSTRIES,IWM,0000763744
AEO,AMERICAN EAGLE OUTFITTERS,IWM,0000919012
BBT,BEACON FINANCIAL,IWM,0001108134
FBNC,FIRST BANCORP,IWM,0000811589
BHE,BENCHMARK ELECTRONICS INC,IWM,0000863436
NWL,NEWELL BRANDS INC,IWM,0000814453
BANC,BANC OF CALIFORNIA,IWM,0001169770
BATRK,ATLANTA BRAVES HOLDINGS SERIES C,IWM,0001958140
DRH,DIAMONDROCK HOSPITALITY,IWM,0001298946
ATRO,ASTRONICS,IWM,0000008063
FBK,FB FINANCIAL,IWM,0001649749
HURN,HURON CONSULTING GROUP,IWM,0001289848
SLS,SELLAS LIFE SCIENCES GROUP INC,IWM,0001390478
NKTR,NEKTAR THERAPEUTICS,IWM,0000906709
WAFD,WAFD INC,IWM,0000936528
NBTB,NBT BANCORP,IWM,0000790359
PRVA,PRIVIA HEALTH GROUP INC,IWM,0001759655
UPST,UPSTART HOLDINGS,IWM,0001647639
TRMK,TRUSTMARK,IWM,0000036146
COHU,COHU,IWM,0000021535
AXGN,AXOGEN,IWM,0000805928
RSI,RUSH STREET INTERACTIVE CLASS A,IWM,0001793659
NMRK,NEWMARK GROUP INC CLASS A,IWM,0001690680
KALU,KAISER ALUMINIUM,IWM,0000811596
AAMI,ACADIAN ASSET MANAGEMENT,IWM,0001748824
ELVN,ENLIVEN THERAPEUTICS,IWM,0001672619
HGV,HILTON GRAND VACATIONS,IWM,0001674168
ACHC,ACADIA HEALTHCARE COMPANY,IWM,0001520697
NGVT,INGEVITY,IWM,0001653477
HLIO,HELIOS TECHNOLOGIES INC,IWM,0001024795
RARE,ULTRAGENYX PHARMACEUTICAL,IWM,0001515673
OUST,OUSTER,IWM,0001816581
VISN,VISTANCE NETWORKS INC,IWM,0001517228
DXPE,DXP ENTERPRISES,IWM,0001020710
GOLF,ACUSHNET HOLDINGS CORP,IWM,0001672013
FIVN,FIVE9,IWM,0001288847
PBH,PRESTIGE CONSUMER HEALTHCARE INC,IWM,0001295947
IMAX,IMAX CORP,IWM,0000921582
IVT,INVENTRUST PROPERTIES,IWM,0001307748
BUSE,FIRST BUSEY,IWM,0000314489
LFST,LIFESTANCE HEALTH GROUP,IWM,0001845257
CUBI,CUSTOMERS BANCORP,IWM,0001488813
HWKN,HAWKINS INC,IWM,0000046250
RDW,REDWIRE,IWM,0001819810
BANF,BANCFIRST CORP,IWM,0000760498
VVX,V2X,IWM,0001601548
CC,CHEMOURS,IWM,0001627223
CXT,CRANE NXT,IWM,0000025445
HUBG,HUB GROUP CLASS A,IWM,0000940942
MANE,VERADERMICS,IWM,0001827635
NTB,BANK OF NT BUTTERFIELD & SON LTD,IWM,0001653242
CDNA,CAREDX,IWM,0001217234
CALX,CALIX NETWORKS,IWM,0001406666
EFSC,ENTERPRISE FINANCIAL SERVICES CORP,IWM,0001025835
TRN,TRINITY INDUSTRIES INC,IWM,0000099780
UFPT,UFP TECHNOLOGIES INC,IWM,0000914156
OCUL,OCULAR THERAPEUTIX,IWM,0001393434
GPGI,GPGI INC CLASS A,IWM,0001823144
PENN,PENN ENTERTAINMENT,IWM,0000921738
LUNR,INTUITIVE MACHINES INC CLASS A,IWM,0001844452
ATRC,ATRICURE,IWM,0001323885
RAMP,LIVERAMP HOLDINGS INC,IWM,0000733269
KMT,KENNAMETAL,IWM,0000055242
PLUS,EPLUS,IWM,0001022408
SKWD,SKYWARD SPECIALTY INSURANCE GROUP,IWM,0001519449
PAY,PAYMENTUS HOLDINGS INC CLASS A,IWM,0001841156
IOSP,INNOSPEC INC,IWM,0001054905
CNS,COHEN & STEERS INC,IWM,0001284812
NVTS,NAVITAS SEMICONDUCTOR,IWM,0001821769
ROG,ROGERS,IWM,0000084748
BCRX,BIOCRYST PHARMACEUTICALS,IWM,0000882796
ATAI,ATAIBECKLEY INC,IWM,0002081043
BANR,BANNER CORP,IWM,0000946673
WTTR,SELECT WATER SOLUTIONS CLASS A,IWM,0001693256
MZTI,MARZETTI,IWM,0000057515
KWR,QUAKER HOUGHTON CORP,IWM,0000081362
BXMT,BLACKSTONE MORTGAGE TRUST REIT CLA,IWM,0001061630
ADMA,ADMA BIOLOGICS,IWM,0001368514
WERN,WERNER ENTERPRISES,IWM,0000793074
LION,LIONSGATE STUDIOS,IWM,0002052959
TILE,INTERFACE,IWM,0000715787
PFSI,PENNYMAC FINANCIAL SERVICES,IWM,0001745916
RUN,SUNRUN INC,IWM,0001469367
CALY,CALLAWAY GOLF COMPANY,IWM,0000837465
IRON,DISC MEDICINE,IWM,0001816736
ALHC,ALIGNMENT HEALTHCARE,IWM,0001832466
ANDE,ANDERSONS INC,IWM,0000821026
FLYW,FLYWIRE,IWM,0001580560
INTA,INTAPP,IWM,0001565687
XRAY,DENTSPLY SIRONA,IWM,0000818479
AVPT,AVEPOINT CLASS A,IWM,0001777921
HTO,H2O AMERICA,IWM,0000766829
MTX,MINERALS TECHNOLOGIES,IWM,0000891014
VCEL,VERICEL,IWM,0000887359
VRDN,VIRIDIAN THERAPEUTICS ORS INC,IWM,0001590750
PTON,PELOTON INTERACTIVE CLASS A INC,IWM,0001639825
ADUS,ADDUS HOMECARE CORP,IWM,0001468328
TNK,TEEKAY TANKERS LTD CLASS A,IWM,0001419945
PPTA,PERPETUA RESOURCES,IWM,0001526243
STNE,STONECO CLASS A,IWM,0001745431
NCNO,NCINO,IWM,0001902733
NWBI,NORTHWEST BANCSHARES INC,IWM,0001471265
MD,PEDIATRIX MEDICAL GROUP INC,IWM,0000893949
TALO,TALOS ENERGY,IWM,0001724965
NEO,NEOGENOMICS,IWM,0001077183
AGM,FEDERAL AGRICULTURAL MORTGAGE NON,IWM,0000845877
NWN,NORTHWEST NATURAL HOLDING COMPANY,IWM,0001733998
BFH,BREAD FINANCIAL HOLDINGS,IWM,0001101215
STC,STEWART INFO SERVICES CORP,IWM,0000094344
SGHC,SUPER GROUP,IWM,0001878057
ECPG,ENCORE CAPITAL GROUP,IWM,0001084961
SYBT,STOCK YARDS BANCORP INC,IWM,0000835324
GRBK,GREEN BRICK PARTNERS,IWM,0001373670
HAPN,HAPPEN,IWM,0001409970
ICHR,ICHOR HOLDINGS,IWM,0001652535
IPAR,INTERPARFUMS INC,IWM,0000822663
URGN,UROGEN PHARMA,IWM,0001668243
FCF,FIRST COMMONWEALTH FINANCIAL CORP,IWM,0000712537
GEF,GREIF INC CLASS A,IWM,0000043920
OFG,OFG BANCORP,IWM,0001030469
MBX,MBX BIOSCIENCES,IWM,0001776111
HCI,HCI GROUP INC,IWM,0001400810
AMR,ALPHA METALLURGICAL RESOURCE,IWM,0001704715
ARR,ARMOUR RESIDENTIAL REIT,IWM,0001428205
KSS,KOHLS CORP,IWM,0000885639
CRVL,CORVEL,IWM,0000874866
AGIO,AGIOS PHARMACEUTICALS,IWM,0001439222
PACS,PACS GROUP,IWM,0002001184
VERA,VERA THERAPEUTICS CLASS A,IWM,0001831828
HMN,HORACE MANN EDUCATORS CORP,IWM,0000850141
NESR,NATIONAL ENERGY SERVICES REUNITED,IWM,0001698514
WLY,JOHN WILEY AND SONS CLASS A,IWM,0000107140
SRPT,SAREPTA THERAPEUTICS,IWM,0000873303
SPB,SPECTRUM BRANDS HOLDINGS,IWM,0000109177
SHO,SUNSTONE HOTEL INVESTORS REIT INC,IWM,0001295810
ESTA,ESTABLISHMENT LABS INC,IWM,0001688757
NTST,NETSTREIT,IWM,0001798100
VOYG,VOYAGER TECHNOLOGIES CLASS A,IWM,0001788060
FLY,FIREFLY AEROSPACE,IWM,0001860160
INOD,INNODATA,IWM,0000903651
LTC,LTC PROPERTIES REIT,IWM,0000887905
CTRI,CENTURI HOLDINGS INC,IWM,0001981599
TRVI,TREVI THERAPEUTICS,IWM,0001563880
BLBD,BLUE BIRD,IWM,0001589526
CHCO,CITY HOLDING,IWM,0000726854
PRDO,PERDOCEO EDUCATION,IWM,0001046568
BBUC,BROOKFIELD BUSINESS CORP CLASS A,IWM,0001654795
PRLB,PROTO LABS,IWM,0001443669
SONO,SONOS,IWM,0001314727
PEB,PEBBLEBROOK HOTEL TRUST REIT,IWM,0001474098
TNET,TRINET GROUPINARY,IWM,0000937098
PRGO,PERRIGO PLC,IWM,0001585364
FA,FIRST ADVANTAGE,IWM,0001210677
SEZL,SEZZLE INC,IWM,0001662991
NVCR,NOVOCURE,IWM,0001645113
HE,HAWAIIAN ELECTRIC INDUSTRIES,IWM,0000354707
DXC,DXC TECHNOLOGY,IWM,0001688568
NNI,NELNET CLASS A,IWM,0001258602
NSP,INSPERITY,IWM,0001000753
XNCR,XENCOR,IWM,0001326732
GTY,GETTY REALTY REIT,IWM,0001052752
ZD,ZIFF DAVIS INC,IWM,0001084048
KEEL,KEEL INFRASTRUCTURE CORP,IWM,0001812477
BFLY,BUTTERFLY NETWORK CLASS A,IWM,0001804176
AUPH,AURINIA PHARMACEUTICALS,IWM,0001600620
MBC,MASTERBRAND,IWM,0001941365
GNL,GLOBAL NET LEASE INC,IWM,0001526113
ALMS,ALUMIS,IWM,0001847367
SMA,SMARTSTOP SELF STORAGE REIT INC,IWM,0001585389
ALGT,ALLEGIANT TRAVEL,IWM,0001362468
BHVN,BIOHAVEN,IWM,0001935979
EPAC,ENERPAC TOOL GROUP CLASS A,IWM,0000006955
EVTC,EVERTEC INC,IWM,0001559865
LPG,DORIAN LPG,IWM,0001596993
DV,DOUBLEVERIFY HOLDINGS,IWM,0001819928
GABC,GERMAN AMERICAN BANCORP INC,IWM,0000714395
ATEN,A10 NETWORKS INC,IWM,0001580808
PAYO,PAYONEER GLOBAL INC,IWM,0001845815
CENTA,CENTRAL GARDEN AND PET CLASS A,IWM,0000887733
STRA,STRATEGIC EDUCATION,IWM,0001013934
PRGS,PROGRESS SOFTWARE CORP,IWM,0000876167
GENI,GENIUS SPORTS LTD,IWM,0001834489
SNDX,SYNDAX PHARMACEUTICALS,IWM,0001395937
NN,NEXTNAV,IWM,0001865631
WKC,WORLD KINECT,IWM,0000789460
NUVB,NUVATION BIO CLASS A,IWM,0001811063
LMAT,LEMAITRE VASCULAR,IWM,0001158895
XHR,XENIA HOTELS RESORTS REIT,IWM,0001616000
DHC,DIVERSIFIED HEALTHCARE TRUST,IWM,0001075415
NBHC,NATIONAL BANK HOLDINGS CORP CLASS,IWM,0001475841
CCS,CENTURY COMMUNITIES INC,IWM,0001576940
CLOV,CLOVER HEALTH INVESTMENTS CLASS A,IWM,0001801170
NTLA,INTELLIA THERAPEUTICS,IWM,0001652130
WOR,WORTHINGTON ENTERPRISES,IWM,0000108516
CASH,PATHWARD FINANCIAL INC,IWM,0000907471
ASTH,ASTRANA HEALTH,IWM,0001083446
STOK,STOKE THERAPEUTICS,IWM,0001623526
HRMY,HARMONY BIOSCIENCES HLDG,IWM,0001802665
PLAB,PHOTRONICS,IWM,0000810136
INSP,INSPIRE MEDICAL SYSTEMS,IWM,0001609550
SPNT,SIRIUSPOINT,IWM,0001576018
PGNY,PROGYNY,IWM,0001551306
RXRX,RECURSION PHARMACEUTICALS CLASS A,IWM,0001601830
UNIT,UNITI GROUP INC,IWM,0002020795
FTRE,FORTREA HOLDINGS INC,IWM,0001965040
AIN,ALBANY INTERNATIONAL CORP CLASS A,IWM,0000819793
WWW,WOLVERINE WORLD WIDE,IWM,0000110471
STBA,S AND T BANCORP INC,IWM,0000719220
GLOB,GLOBANT,IWM,0001557860
CPRI,CAPRI HOLDINGS LTD,IWM,0001530721
ALG,ALAMO GROUP,IWM,0000897077
TFIN,TRIUMPH FINANCIAL,IWM,0001539638
QUBT,QUANTUM COMPUTING,IWM,0001758009
HUN,HUNTSMAN CORP,IWM,0001307954
DMRA,DAMORA THERAPEUTICS INC,IWM,0001800315
GT,GOODYEAR TIRE & RUBBER,IWM,0000042582
HOPE,HOPE BANCORP INC,IWM,0001128361
HLMN,HILLMAN SOLUTIONS CORP,IWM,0001822492
QCRH,QCR HOLDINGS INC,IWM,0000906465
EFC,ELLINGTON FINANCIAL,IWM,0001411342
BLX,BLADEX INC CLASS E,IWM,0000890541
BLKB,BLACKBAUD,IWM,0001280058
GRC,GORMAN-RUPP,IWM,0000042682
JBLU,JETBLUE AIRWAYS,IWM,0001158463
TPB,TURNING POINT BRANDS INC,IWM,0001290677
PRG,PROG HOLDINGS INC,IWM,0001808834
TIC,TIC SOLUTIONS INC,IWM,0002032966
KOS,KOSMOS ENERGY,IWM,0001509991
PRCH,PORCH GROUP INC,IWM,0001784535
OMCL,OMNICELL INC,IWM,0000926326
ICFI,ICF INTERNATIONAL,IWM,0001362004
HG,HAMILTON INSURANCE GROUP CLASS B,IWM,0001593275
CTS,CTS CORP,IWM,0000026058
SBH,SALLY BEAUTY HOLDINGS INC,IWM,0001368458
TCBK,TRICO BANCSHARES,IWM,0000356171
DCOM,DIME COMMERCIAL BANCSHARES,IWM,0000846617
ETON,ETON PHARMACEUTCIALS INC,IWM,0001710340
TNDM,TANDEM DIABETES CARE,IWM,0001438133
FUN,SIX FLAGS ENTERTAINMENT CORP,IWM,0001999001
IIPR,INNOVATIVE INDUSTRIAL PROPERTIES I,IWM,0001677576
PVLA,PALVELLA THERAPEUTICS INC,IWM,0001583648
HTH,HILLTOP HOLDINGS,IWM,0001265131
MLKN,MILLERKNOLL,IWM,0000066382
INVA,INNOVIVA,IWM,0001080014
SRCE,1ST SOURCE CORP,IWM,0000034782
GSHD,GOOSEHEAD INSURANCE CLASS A,IWM,0001726978
WGS,GENEDX HOLDINGS CLASS A,IWM,0001818331
HCSG,HEALTHCARE SERVICES GROUP,IWM,0000731012
LIND,LINDBLAD EXPEDITIONS HOLDINGS,IWM,0001512499
DCH,DAUCH CORPORATION,IWM,0001062231
DBD,DIEBOLD NIXDORF INC,IWM,0000028823
CNMD,CONMED CORP,IWM,0000816956
ADNT,ADIENT PLC,IWM,0001670541
KOD,KODIAK SCIENCES,IWM,0001468748
OCFC,OCEANFIRST FINANCIAL CORP,IWM,0001004702
ANIP,ANI PHARMACEUTICALS,IWM,0001023024
XPRO,EXPRO LTD,IWM,0002126198
CNOB,CONNECTONE BANCORP,IWM,0000712771
BL,BLACKLINE INC,IWM,0001666134
AMC,AMC ENTERTAINMENT HOLDINGS INC CLA,IWM,0001411579
BFC,BANK FIRST CORP,IWM,0001746109
OBK,ORIGIN BANCORP INC,IWM,0001516912
SFL,SFL,IWM,0001289877
BAND,BANDWIDTH CLASS A,IWM,0001514416
MLYS,MINERALYS THERAPEUTICS,IWM,0001933414
STUB,STUBHUB HOLDINGS INC CLASS A,IWM,0001337634
SAFT,SAFETY INSURANCE GROUP INC,IWM,0001172052
CMPR,CIMPRESS PLC,IWM,0001262976
TSHA,TAYSHA GENE THERAPIES,IWM,0001806310
BBAI,BIGBEAR.AI HOLDINGS,IWM,0001836981
ENOV,ENOVIS CORP,IWM,0001420800
BLFS,BIOLIFE SOLUTIONS,IWM,0000834365
MCRI,MONARCH CASINO AND RESORT,IWM,0000907242
HYMC,HYCROFT MINING HOLDING CORP CLASS,IWM,0001718405
ACT,ENACT HOLDINGS INC,IWM,0001823529
KMPR,KEMPER,IWM,0000860748
ALNT,ALLIENT INC,IWM,0000046129
SLDE,SLIDE INSURANCE HOLDINGS,IWM,0001886428
RAPP,RAPPORT THERAPEUTICS,IWM,0002012593
XERS,XERIS BIOPHARMA HOLDINGS,IWM,0001867096
AZTA,AZENTA,IWM,0000933974
EYE,NATIONAL VISION HOLDINGS,IWM,0001710155
APPN,APPIAN CORP CLASS A,IWM,0001441683
PDFS,PDF SOLUTIONS,IWM,0001120914
PEBO,PEOPLES BANCORP INC,IWM,0000318300
LOB,LIVE OAK BANCSHARES,IWM,0001462120
DEI,DOUGLAS EMMETT REIT,IWM,0001364250
ADIG,ADI GLOBAL DISTRIBUTION,IWM,0002105139
PAGS,PAGSEGURO DIGITAL LTD CLASS A,IWM,0001712807
INFQ,INFLEQTION INC,IWM,0002007825
AMSC,AMERICAN SUPERCONDUCTOR CORP,IWM,0000880807
FBRX,FORTE BIOSCIENCES INC,IWM,0001419041
AMPX,AMPRIUS TECHNOLOGIES INC,IWM,0001899287
HLX,HELIX ENERGY SOLUTIONS GROUP INC,IWM,0000866829
ARLO,ARLO TECHNOLOGIES,IWM,0001736946
RLJ,RLJ LODGING TRUST REIT,IWM,0001511337
LKFN,LAKELAND FINANCIAL CORP,IWM,0000721994
WEN,WENDYS,IWM,0000030697
NAT,NORDIC AMERICAN TANKERS LTD,IWM,0001000177
SAM,BOSTON BEER CLASS A,IWM,0000949870
ROCK,GIBRALTAR INDUSTRIES,IWM,0000912562
PBI,PITNEY BOWES,IWM,0000078814
FLO,FLOWERS FOODS INC,IWM,0001128928
WD,WALKER & DUNLOP INC,IWM,0001497770
GBX,GREENBRIER INC,IWM,0000923120
AI,C3 AI INC CLASS A,IWM,0001577526
SCL,STEPAN,IWM,0000094049
BKE,BUCKLE,IWM,0000885245
HLIT,HARMONIC,IWM,0000851310
ORC,ORCHID ISLAND CAPITAL INC,IWM,0001518621
AMN,AMN HEALTHCARE,IWM,0001142750
JJSF,J AND J SNACK FOODS CORP,IWM,0000785956
MQ,MARQETA CLASS A,IWM,0001522540
FIGS,FIGS CLASS A,IWM,0001846576
VIA,VIA TRANSPORTATION CLASS A,IWM,0001603015
LZB,LA-Z-BOY INC,IWM,0000057131
PGEN,PRECIGEN,IWM,0001356090
ABSI,ABSCI CORP,IWM,0001672688
FMC,FMC CORP,IWM,0000037785
UMH,UMH PROPERTIES INC,IWM,0000752642
MBIN,MERCHANTS BANCORP,IWM,0001629019
CGEM,CULLINAN THERAPEUTICS,IWM,0001789972
ENR,ENERGIZER HOLDINGS INC,IWM,0001632790
EPC,EDGEWELL PERSONAL CARE,IWM,0001096752
CRI,CARTERS,IWM,0001060822
SHLS,SHOALS TECHNOLOGIES GROUP CLASS A,IWM,0001831651
DJT,TRUMP MEDIA TECHNOLOGY GROUP CORP,IWM,0001849635
MNKD,MANNKIND,IWM,0000899460
HROW,HARROW,IWM,0001360214
EFOR,EVERFORTH INC,IWM,0000890564
ALKT,ALKAMI TECHNOLOGY,IWM,0001529274
TMP,TOMPKINS FINANCIAL CORP,IWM,0001005817
WABC,WESTAMERICA BANCORPORATION,IWM,0000311094
GCT,GIGACLOUD TECHNOLOGY INC CLASS A,IWM,0001857816
THRM,GENTHERM,IWM,0000903129
NVAX,NOVAVAX,IWM,0001000694
SBET,SHARPLINK INC,IWM,0001981535
REAL,THE REALREAL,IWM,0001573221
INVX,INNOVEX INTERNATIONAL INC,IWM,0001042893
NBR,NABORS INDUSTRIES,IWM,0001163739
XPEL,XPEL,IWM,0001767258
LEG,LEGGETT & PLATT,IWM,0000058492
OMER,OMEROS,IWM,0001285819
PNTG,PENNANT GROUP,IWM,0001766400
DLO,DLOCAL CLASS A,IWM,0001846832
AORT,ARTIVION INC,IWM,0000784199
USLM,UNITED STATES LIME AND MINERALS IN,IWM,0000082020
EOSE,EOS ENERGY ENTERPRISES CLASS A,IWM,0001805077
NSSC,NAPCO SECURITY TECHNOLOGIES,IWM,0000069633
UMAC,UNUSUAL MACHINES INC,IWM,0001956955
COUR,COURSERA,IWM,0001651562
TWO,TWO HARBORS INVESTMENT,IWM,0001465740
CBRL,CRACKER BARREL OLD COUNTRY STORE I,IWM,0001067294
HLF,HERBALIFE LTD,IWM,0001180262
IE,IVANHOE ELECTRIC,IWM,0001879016
ACVA,ACV AUCTIONS CLASS A,IWM,0001637873
APPS,DIGITAL TURBINE,IWM,0000317788
IMKTA,INGLES MARKETS CLASS A,IWM,0000050493
CTBI,COMMUNITY TRUST BANCORP,IWM,0000350852
REX,REX AMERICAN RESOURCES,IWM,0000744187
BRBR,BELLRING BRANDS,IWM,0001772016
YELP,YELP,IWM,0001345016
SLVM,SYLVAMO CORP,IWM,0001856485
ZYME,ZYMEWORKS,IWM,0001937653
GIII,G III APPAREL GROUP LTD,IWM,0000821002
MYE,MYERS INDUSTRIES INC,IWM,0000069488
BTDR,BITDEER TECHNOLOGIES GROUP CLASS A,IWM,0001899123
BJRI,BJS RESTAURANTS INC,IWM,0001013488
AMPL,AMPLITUDE CLASS A,IWM,0001866692
OSBC,OLD SECOND BANCORP INC,IWM,0000357173
WLDN,WILLDAN GROUP,IWM,0001370450
SCSC,SCANSOURCE,IWM,0000918965
VTOL,BRISTOW GROUP,IWM,0001525221
HOG,HARLEY DAVIDSON,IWM,0000793952
LGIH,LGI HOMES,IWM,0001580670
PRCT,PROCEPT BIOROBOTICS CORP,IWM,0001588978
VSTS,VESTIS,IWM,0001967649
TDOC,TELADOC HEALTH INC,IWM,0001477449
TNC,TENNANT,IWM,0000097134
PDM,PIEDMONT REALTY TRUST CLASS A,IWM,0001042776
BW,BABCOCK AND WILCOX ENTERPRISES,IWM,0001630805
FMBH,FIRST MID BANCSHARES INC,IWM,0000700565
HFWA,HERITAGE FINANCIAL CORP,IWM,0001046025
DFIN,DONNELLEY FINANCIAL SOLUTIONS,IWM,0001669811
ATEC,ALPHATEC HOLDNGS,IWM,0001350653
WS,WORTHINGTON STEEL INC,IWM,0001968487
NP,NEPTUNE INSURANCE HOLDINGS CLASS A,IWM,0002067129
USPH,US PHYSICAL THERAPY INC,IWM,0000885978
BY,BYLINE BANCORP INC,IWM,0001702750
GBTG,GLOBAL BUSINESS TRAVEL GROUP CLASS,IWM,0001820872
PURR,HYPERLIQUID STRATEGIES INC,IWM,0002078856
PUMP,PROPETRO HOLDING,IWM,0001680247
TRIP,TRIPADVISOR,IWM,0001526520
VIR,VIR BIOTECHNOLOGY,IWM,0001706431
UVSP,UNIVEST FINANCIAL CORP,IWM,0000102212
UFCS,UNITED FIRE GROUP INC,IWM,0000101199
REPL,REPLIMUNE GROUP,IWM,0001737953
IART,INTEGRA LIFESCIENCES HOLDINGS,IWM,0000917520
LNN,LINDSAY,IWM,0000836157
PWP,PERELLA WEINBERG PARTNERS CLASS A,IWM,0001777835
ARX,ACCELERANT HOLDINGS CLASS A,IWM,0001997350
AGL,AGILON HEALTH,IWM,0001831097
ANAB,ANAPTYSBIO,IWM,0001370053
GLUE,MONTE ROSA THERAPEUTICS,IWM,0001826457
UTI,UNIVERSAL TECHNICAL INSTITUTE,IWM,0001261654
RYZ,RYERSON HOLDING,IWM,0001481582
UVV,UNIVERSAL,IWM,0000102037
QNST,QUINSTREET INC,IWM,0001117297
ECVT,ECOVYST,IWM,0001708035
NPKI,NPK INTERNATIONAL,IWM,0000071829
LADR,LADDER CAPITAL CORP CLASS A,IWM,0001577670
AAT,AMERICAN ASSETS TRUST REIT,IWM,0001500217
BCAX,BICARA THERAPEUTICS INC,IWM,0002023658
SNDA,SONIDA SENIOR LIVING,IWM,0001043000
AVBP,ARRIVENT BIOPHARMA,IWM,0001868279
SDGR,SCHRODINGER INC,IWM,0001490978
PLGO,PELAGOS INSURANCE CAPITAL LTD,IWM,0001636639
VRTS,VIRTUS INVESTMENT PARTNERS INC,IWM,0000883237
NEXT,NEXTDECADE,IWM,0001612720
BRSL,BRIGHTSTAR LOTTERY PLC,IWM,0001619762
CBL,CBL ASSOCIATES PROPERTIES,IWM,0000910612
BHRB,BURKE HERBERT FINANCIAL SERVICES C,IWM,0001964333
GHM,GRAHAM CORP,IWM,0000716314
GPRE,GREEN PLAINS,IWM,0001309402
VYX,NCR VOYIX,IWM,0000070866
CVI,CVR ENERGY INC,IWM,0001376139
PLPC,PREFORMED LINE PRODUCTS,IWM,0000080035
AMBQ,AMBIQ MICRO,IWM,0001500412
RCAT,RED CAT HOLDINGS INC,IWM,0000748268
FCEL,FUELCELL ENERGY INC,IWM,0000886128
UVE,UNIVERSAL INSURANCE HOLDINGS INC,IWM,0000891166
ORIC,ORIC PHARMACEUTICALS,IWM,0001796280
CNXC,CONCENTRIX,IWM,0001803599
LBRX,LB PHARMACEUTICALS INC,IWM,0001691082
TRUP,TRUPANION,IWM,0001371285
CRAI,CRA INTERNATIONAL INC,IWM,0001053706
SGRY,SURGERY PARTNERS,IWM,0001638833
MBWM,MERCANTILE BANK CORP,IWM,0001042729
AESI,ATLAS ENERGY SOLUTIONS,IWM,0001984060
PSNL,PERSONALIS,IWM,0001527753
DLX,DELUXE,IWM,0000027996
DOLE,DOLE PLC,IWM,0001857475
IDT,IDT CLASS B,IWM,0001005731
DEA,EASTERLY GOVERNMENT PROPERTIES INC,IWM,0001622194
NWPX,NWPX INFRASTRUCTURE INC,IWM,0001001385
UPBD,UPBOUND GROUP,IWM,0000933036
MSEX,MIDDLESEX WATER,IWM,0000066004
GO,GROCERY OUTLET HOLDING,IWM,0001771515
KURA,KURA ONCOLOGY,IWM,0001422143
COTY,COTY INC CLASS A,IWM,0001024305
FLNC,FLUENCE ENERGY INC CLASS A,IWM,0001868941
TRAX,FIRST TRACKS BIOTHERAPEUTICS INC,IWM,0002091349
TRS,TRIMAS,IWM,0000842633
CDRE,CADRE HOLDINGS INC,IWM,0001860543
UPWK,UPWORK,IWM,0001627475
ALH,ALLIANCE LAUNDRY HOLDINGS,IWM,0001317685
MAZE,MAZE THERAPEUTICS,IWM,0001842295
TGLS,TECNOGLASS HOLDINGS,IWM,0001534675
UAA,UNDER ARMOUR INC CLASS A,IWM,0001336917
DMC,DEL MONTE,IWM,0001047340
CRVS,CORVUS PHARMACEUTICALS,IWM,0001626971
BORR,BORR DRILLING,IWM,0001715497
MCB,METROPOLITAN BANK HOLDING CORP,IWM,0001476034
PCT,PURECYCLE TECHNOLOGIES,IWM,0001830033
LILAK,LIBERTY LATIN AMERICA CLASS C,IWM,0001712184
WINA,WINMARK,IWM,0000908315
UTZ,UTZ BRANDS INC CLASS A,IWM,0001739566
MUX,MCEWEN INC,IWM,0000314203
HZO,MARINEMAX INC,IWM,0001057060
AVAH,AVEANNA HEALTHCARE HOLDINGS INC,IWM,0001832332
LQDT,LIQUIDITY SERVICES INC,IWM,0001235468
BFST,BUSINESS FIRST BANCSHARES INC,IWM,0001624322
CCNE,CNB FINANCIAL CORP,IWM,0000736772
HBNC,HORIZON BANCORP INC,IWM,0000706129
FLNG,FLEX LNG,IWM,0001772253
CFFN,CAPITOL FEDERAL FINANCIAL INC,IWM,0001490906
PRSU,PURSUIT ATTRACTIONS AND HOSPITALIT,IWM,0000884219
ATEX,ANTERIX INC,IWM,0001304492
OI,O I GLASS,IWM,0000812074
DEC,DIVERSIFIED ENERGY COMPANY,IWM,0001922446
PD,PAGERDUTY,IWM,0001568100
CIM,CHIMERA INVESTMENT,IWM,0001409493
CAC,CAMDEN NATIONAL CORP,IWM,0000750686
RVLV,REVOLVE GROUP CLASS A INC,IWM,0001746618
BLZE,BACKBLAZE INC CLASS A,IWM,0001462056
LWLG,LIGHTWAVE LOGIC,IWM,0001325964
NBN,NORTHEAST BANK,IWM,
CNXN,PC CONNECTION INC,IWM,0001050377
KFRC,KFORCE INC,IWM,0000930420
VERX,VERTEX CLASS A,IWM,0001806837
THFF,FIRST FINANCIAL CORPORATION CORP,IWM,0000714562
PMT,PENNYMAC MORTGAGE INVESTMENT TRUST,IWM,0001464423
ARDX,ARDELYX,IWM,0001437402
TYRA,TYRA BIOSCIENCES,IWM,0001863127
SEPN,SEPTERNA,IWM,0001984086
AMAL,AMALGAMATED FINANCIAL CORP,IWM,0001823608
PLOW,DOUGLAS DYNAMICS INC,IWM,0001287213
FMNB,FARMERS NATIONAL BANC CORP,IWM,0000709337
TTI,TETRA TECHNOLOGIES,IWM,0000844965
SMP,STANDARD MOTOR PRODUCTS INC,IWM,0000093389
CSTL,CASTLE BIOSCIENCES,IWM,0001447362
ASTE,ASTEC INDUSTRIES,IWM,0000792987
CERT,CERTARA,IWM,0001827090
PCRX,PACIRA BIOSCIENCES,IWM,0001396814
CRK,COMSTOCK RESOURCES,IWM,0000023194
INBX,INHIBRX BIOSCIENCES INC,IWM,0002007919
FSUN,FIRSTSUN CAPITAL BANCORP,IWM,0001709442
SMPL,THE SIMPLY GOOD FOODS COMPANY,IWM,0001702744
NUTX,NUTEX HEALTH INC,IWM,0001479681
VOR,VOR BIOPHARMA,IWM,0001817229
SAH,SONIC AUTOMOTIVE INC CLASS A,IWM,0001043509
NX,QUANEX BUILDING PRODUCTS CORP,IWM,0001423221
QDEL,QUIDELORTHO CORP,IWM,0001906324
TRST,TRUSTCO BANK CORP,IWM,0000357301
COLL,COLLEGIUM PHARMACEUTICAL INC,IWM,0001267565
GTM,ZOOMINFO TECHNOLOGIES,IWM,0001794515
RUM,RUM GROUP CLASS A,IWM,0001830081
ASST,STRIVE INC CLASS A,IWM,0001920406
SBSI,SOUTHSIDE BANCSHARES INC,IWM,0000705432
UTL,UNITIL CORP,IWM,0000755001
SVC,SERVICE PROPERTIES TRUST,IWM,0000945394
BKSY,BLACKSKY TECHNOLOGY INC CLASS A,IWM,0001753539
FOXF,FOX FACTORY HOLDING,IWM,0001424929
CCO,CLEAR CHANNEL OUTDOOR HOLDINGS INC,IWM,0001334978
AMTB,AMERANT BANCORP CLASS A,IWM,0001734342
EE,EXCELERATE ENERGY INC CLASS A,IWM,0001888447
MFA,MFA FINANCIAL,IWM,0001055160
WGO,WINNEBAGO INDUSTRIES,IWM,0000107687
CSR,CENTERSPACE,IWM,0000798359
BLMN,BLOOMIN BRANDS INC,IWM,0001546417
EVLV,EVOLV TECHNOLOGIES HOLDINGS CLASS,IWM,0001805385
ASAN,ASANA CLASS A,IWM,0001477720
TDAY,USA TODAY INC,IWM,0001579684
GOLD,GOLD INC,IWM,0001591588
ODC,OIL DRI CORPORATION OF AMERICA,IWM,0000074046
STGW,STAGWELL CLASS A,IWM,0000876883
BUR,BURFORD CAPITAL LTD,IWM,0001714174
ANRO,ALTO NEUROSCIENCE INC,IWM,0001999480
EIG,EMPLOYERS HOLDINGS,IWM,0001379041
MGTX,MEIRAGTX HOLDINGS PLC,IWM,0001735438
ZBIO,ZENAS BIOPHARMA,IWM,0001953926
PRKS,UNITED PARKS AND RESORTS,IWM,0001564902
APOG,APOGEE ENTERPRISES INC,IWM,0000006845
BETA,BETA TECHNOLOGIES CLASS A,IWM,0001784570
OLMA,OLEMA PHARMACEUTICALS,IWM,0001750284
HAFC,HANMI FINANCIAL CORP,IWM,0001109242
WMK,WEIS MARKETS,IWM,0000105418
UA,UNDER ARMOUR INC CLASS C,IWM,0001336917
GERN,GERON,IWM,0000886744
AIP,ARTERIS INC,IWM,0001667011
PLSE,PULSE BIOSCIENCES INC,IWM,0001625101
FISI,FINANCIAL INSTITUTIONS INC,IWM,0000862831
SENEA,SENECA FOODS CLASS A,IWM,0000088948
NBBK,NB BANCORP INC,IWM,0001979330
OMDA,OMADA HEALTH,IWM,0001611115
SAFE,SAFEHOLD INC,IWM,0001095651
FET,FORUM ENERGY TECHNOLOGIES INC,IWM,0001401257
SIBN,SI BONE,IWM,0001459839
AVTX,AVALO THERAPEUTICS INC,IWM,0001534120
KOPN,KOPIN CORP,IWM,0000771266
RIGL,RIGEL PHARMACEUTICALS,IWM,0001034842
MRTN,MARTEN TRANSPORT,IWM,0000799167
ADAM,ADAMAS,IWM,0001273685
MITK,MITEK SYSTEMS INC,IWM,0000807863
GNK,GENCO SHIPPING AND TRADING,IWM,0001326200
SVRA,SAVARA,IWM,0001160308
ANNX,ANNEXON,IWM,0001528115
INDI,INDIE SEMICONDUCTOR INC CLASS A,IWM,0001841925
CADL,CANDEL THERAPEUTICS INC,IWM,0001841387
TRNS,TRANSCAT,IWM,0000099302
EQBK,EQUITY BANCSHARES INC CLASS A,IWM,0001227500
ESQ,ESQUIRE FINANCIAL HOLDINGS INC,IWM,0001531031
GCMG,GCM GROSVENOR CLASS A,IWM,0001819796
HRTG,HERITAGE INSURANCE HOLDINGS INC,IWM,0001598665
BKV,BKV,IWM,0001838406
ORRF,ORRSTOWN FINANCIAL SERVICES INC,IWM,0000826154
WOLF,WOLFSPEED INC,IWM,0000895419
STAA,STAAR SURGICAL,IWM,0000718937
CPF,CENTRAL PACIFIC FINANCIAL CORP,IWM,0000701347
AMRC,AMERESCO INC CLASS A,IWM,0001488139
NNE,NANO NUCLEAR ENERGY,IWM,0001923891
MCBS,METROCITY BANKSHARES INC,IWM,0001747068
CEVA,CEVA,IWM,0001173489
KLRA,KAILERA THERAPEUTICS INC,IWM,0002096997
RPD,RAPID7,IWM,0001560327
KOP,KOPPERS HOLDINGS INC,IWM,0001315257
MRVI,MARAVAI LIFESCIENCES HOLDINGS INC,IWM,0001823239
CMP,COMPASS MINERALS INTERNATIONAL,IWM,0001227654
BV,BRIGHTVIEW HOLDINGS,IWM,0001734713
BBNX,BETA BIONICS INC,IWM,0001674632
APEI,AMERICAN PUBLIC EDUCATION,IWM,0001201792
GLIBK,LIBERTY CAPITAL SERIES C,IWM,0002057463
SXC,SUNCOKE ENERGY INC,IWM,0001514705
BZH,BEAZER HOMES,IWM,0000915840
DJCO,DAILY JOURNAL,IWM,0000783412
LIF,LIFE360,IWM,0001581760
CYRX,CRYOPORT,IWM,0001124524
RBCAA,REPUBLIC BANCORP INC CLASS A,IWM,0000921557
AVR,ANTERIS TECHNOLOGIES GLOBAL CORP,IWM,0002011514
PAR,PAR TECHNOLOGY,IWM,0000708821
TE,T1 ENERGY,IWM,0001992243
FCBC,FIRST COMMUNITY BANKSHARES INC,IWM,0000859070
DRVN,DRIVEN BRANDS HOLDINGS,IWM,0001804745
FG,F&G ANNUITIES AND LIFE INC,IWM,0001934850
CODI,COMPASS DIVERSIFIED,IWM,0001345126
RDVT,RED VIOLET INC,IWM,0001720116
LINC,LINCOLN EDUCATIONAL SERVICES CORP,IWM,0001286613
FLOC,FLOWCO HOLDINGS CLASS A,IWM,0002035149
LYTS,LSI INDUSTRIES INC,IWM,0000763532
EGBN,EAGLE BANCORP,IWM,0001050441
ALRS,ALERUS FINANCIAL CORP,IWM,0000903419
MPB,MID PENN BANCORP INC,IWM,0000879635
BBSI,BARRETT BUSINESS SERVICES INC,IWM,0000902791
NPK,NATIONAL PRESTO INDUSTRIES INC,IWM,0000080172
ABR,ARBOR REALTY TRUST REIT,IWM,0001253986
HPP,HUDSON PACIFIC PROPERTIES REIT,IWM,0001482512
ABUS,ARBUTUS BIOPHARMA CORP,IWM,0001447028
SMBK,SMARTFINANCIAL INC,IWM,0001038773
NVGS,NAVIGATOR HOLDINGS,IWM,0001581804
SHBI,SHORE BANCSHARES INC,IWM,0001035092
CXM,SPRINKLR CLASS A,IWM,0001569345
VREX,VAREX IMAGING,IWM,0001681622
LCID,LUCID GROUP,IWM,0001811210
CASS,CASS INFORMATION SYSTEMS INC,IWM,0000708781
PZZA,PAPA JOHNS INTERNATIONAL INC,IWM,0000901491
DAKT,DAKTRONICS INC,IWM,0000915779
WASH,WASHINGTON TRUST BANCORP INC,IWM,0000737468
FDMT,4D MOLECULAR THERAPEUTICS INC,IWM,0001650648
VPG,VISHAY PRECISION GROUP,IWM,0001487952
CSIQ,CANADIAN SOLAR,IWM,0001375877
UAMY,UNITED STATES ANTIMONY CORP,IWM,0000101538
SLDB,SOLID BIOSCIENCES INC,IWM,0001707502
FWRG,FIRST WATCH RESTAURANT GROUP,IWM,0001789940
FSBC,FIVE STAR BANCORP,IWM,0001275168
GDOT,GREEN DOT CLASS A,IWM,0001386278
ACRS,ACLARIS THERAPEUTICS,IWM,0001557746
FIZZ,NATIONAL BEVERAGE,IWM,0000069891
JANX,JANUX THERAPEUTICS,IWM,0001817713
SANA,SANA BIOTECHNOLOGY,IWM,0001770121
PAX,PATRIA INVESTMENTS LTD CLASS A,IWM,0001825570
AVO,MISSION PRODUCE INC,IWM,0001802974
PRAA,PRA GROUP INC,IWM,0001185348
WVE,WAVE LIFE SCIENCES INC,IWM,0001631574
PAHC,PHIBRO ANIMAL HEALTH CORP CLASS A,IWM,0001069899
PGC,PEAPACK GLADSTONE FINANCIAL CORP,IWM,0001050743
TK,TEEKAY CORPORATION CORP LTD,IWM,0000911971
RUSHB,RUSH ENTERPRISES CLASS B,IWM,0001012019
MTUS,METALLUS INC,IWM,0001598428
MMI,MARCUS & MILLICHAP INC,IWM,0001578732
KMTS,KESTRA MEDICAL TECHNOLOGIES,IWM,0001877184
CTO,CTO REALTY GROWTH INC,IWM,0000023795
ROOT,ROOT INC CLASS A,IWM,0001788882
JBIO,JADE BIOSCIENCES INC,IWM,0001798749
JBGS,JBG SMITH PROPERTIES,IWM,0001689796
CCBG,CAPITAL CITY BANK INC,IWM,0000726601
SABR,SABRE,IWM,0001597033
CDNL,CARDINAL INFRASTRUCTURE GROUP INC,IWM,0002079999
AMBP,ARDAGH METAL PACKAGING SA,IWM,0001845097
LPTH,LIGHTPATH TECHNOLOGIES INC CLASS A,IWM,0000889971
IRMD,IRADIMED,IWM,0001325618
SMBC,SOUTHERN MISSOURI BANCORP INC,IWM,0000916907
IBCP,INDEPENDENT BANK CORP,IWM,0000039311
MLR,MILLER INDUSTRIES INC,IWM,0000924822
NHP,NATIONAL HEALTHCARE PROPERTIES CLA,IWM,0001561032
IVR,INVESCO MORTGAGE CAPITAL REIT INC,IWM,0001437071
DC,DAKOTA GOLD CORP,IWM,0001852353
CARE,CARTER BANKSHARES INC,IWM,0001829576
PFBC,PREFERRED BANK,IWM,0001492165
BHB,BAR HARBOR BANKSHARES,IWM,0000743367
IRWD,IRONWOOD PHARMA CLASS A,IWM,0001446847
ELE,ELEMENTAL ROYALTY CORP,IWM,0002086771
LZ,LEGALZOOM COM,IWM,0001286139
ZVRA,ZEVRA THERAPEUTICS INC,IWM,0001434647
ALOY,REALLOYS INC,IWM,0001567900
VRRM,VERRA MOBILITY CLASS A,IWM,0001682745
AMPH,AMPHASTAR PHARMACEUTICALS,IWM,0001297184
EVER,EVERQUOTE CLASS A,IWM,0001640428
ARRY,ARRAY TECHNOLOGIES INC,IWM,0001820721
HTB,HOMETRUST BANCSHARES INC,IWM,0001538263
MCS,THE MARCUS CORP,IWM,0000062234
BVS,BIOVENTUS CLASS A,IWM,0001665988
CLVT,CLARIVATE PLC,IWM,0001764046
CMRE,COSTAMARE,IWM,0001503584
ESRT,EMPIRE STATE REALTY REIT CLASS A,IWM,0001541401
TH,TARGET HOSPITALITY,IWM,0001712189
HSTM,HEALTHSTREAM,IWM,0001095565
PFIS,PEOPLES FINANCIAL SERVICES CORP,IWM,0001056943
CCSI,CONSENSUS CLOUD SOLUTIONS INC,IWM,0001866633
GRDN,GUARDIAN PHARMACY SERVICES CLASS A,IWM,0001802255
TCBX,THIRD COAST BANCSHARES INC,IWM,0001781730
TBPH,THERAVANCE BIOPHARMA,IWM,0001583107
TROX,TRONOX HOLDINGS PLC,IWM,0001530804
MTW,MANITOWOC INC,IWM,0000061986
AROW,ARROW FINANCIAL CORP,IWM,0000717538
CBLL,CERIBELL,IWM,0001861107
SPFI,SOUTH PLAINS FINANCIAL INC,IWM,0001163668
JBI,JANUS INTERNATIONAL GROUP,IWM,0001839839
SG,SWEETGREEN INC CLASS A,IWM,0001477815
PTRN,PATTERN GROUP SERIES A,IWM,0001811935
AOSL,ALPHA AND OMEGA SEMICONDUCTOR,IWM,0001387467
ACNB,ACNB CORP,IWM,0000715579
ENVX,ENOVIX,IWM,0001828318
MATV,MATIV HOLDINGS,IWM,0001000623
MATW,MATTHEWS INTERNATIONAL CORP CLASS,IWM,0000063296
PUBM,PUBMATIC CLASS A,IWM,0001422930
BXC,BLUELINX HOLDINGS,IWM,0001301787
INN,SUMMIT HOTEL PROPERTIES REIT INC,IWM,0001497645
MCHB,MECHANICS BANCORP CLASS A,IWM,0001518715
HIPO,HIPPO HOLDINGS,IWM,0001828105
HELE,HELEN OF TROY LTD,IWM,0000916789
ACHV,ACHIEVE LIFE SCIENCES,IWM,0000949858
JBSS,JOHN B SANFILIPPO AND SON,IWM,0000880117
ASC,ARDMORE SHIPPING CORP,IWM,0001577437
AVLN,AVALYN PHARMA INC,IWM,0001540171
PKE,PARK AEROSPACE CORP,IWM,0000076267
KODK,EASTMAN KODAK,IWM,0000031235
RES,RPC INC,IWM,0000742278
CWBC,COMMUNITY WEST BANCSHARES,IWM,0001127371
SCHL,SCHOLASTIC,IWM,0000866729
ZGN,ERMENEGILDO ZEGNA NV,IWM,0001877787
GOOD,GLADSTONE COMMERCIAL REIT CORP,IWM,0001234006
MLAB,MESA LABORATORIES,IWM,0000724004
NB,NIOCORP DEVELOPMENTS,IWM,0001512228
SOC,SABLE OFFSHORE CLASS A,IWM,0001831481
GSBC,GREAT SOUTHERN BANCORP INC,IWM,0000854560
SWBI,SMITH WESSON BRANDS INC,IWM,0001092796
CRMD,CORMEDIX,IWM,0001410098
PAYS,PAYSIGN INC,IWM,0001496443
MSBI,MIDLAND STATES BANCORP INC,IWM,0001466026
DRUG,BRIGHT MINDS BIOSCIENCES,IWM,0001827401
SBGI,SINCLAIR CLASS A,IWM,0001971213
CTMX,CYTOMX THERAPEUTICS,IWM,0001501989
CCB,COASTAL FINANCIAL CORP,IWM,0001437958
WLFC,WILLIS LEASE FINANCE,IWM,0001018164
FBRT,FRANKLIN BSP REALTY TRUST INC,IWM,0001562528
ALX,ALEXANDERS REIT INC,IWM,0000003499
BOW,BOWHEAD SPECIALTY HOLDINGS,IWM,0002002473
LXU,LSB INDUSTRIES,IWM,0000060714
ALT,ALTIMMUNE INC,IWM,0001326190
ADTN,ADTRAN HOLDINGS INC,IWM,0000926282
PSTL,POSTAL REALTY TRUST CLASS A,IWM,0001759774
MAMA,MAMAS CREATIONS INC,IWM,0001520358
CLDT,CHATHAM LODGING TRUST REIT,IWM,0001476045
ACEL,ACCEL ENTERTAINMENT INC CLASS A,IWM,0001698991
EGY,VAALCO ENERGY INC,IWM,0000894627
CLYM,CLIMB BIO INC,IWM,0001768446
SGMT,SAGIMET BIOSCIENCES SERIES A,IWM,0001400118
HOV,HOVNANIAN ENTERPRISES CLASS A,IWM,0000357294
PHR,PHREESIA,IWM,0001412408
CNNE,CANNAE HOLDINGS INC,IWM,0001704720
CIVB,CIVISTA BANCSHARES INC,IWM,0000944745
KRNY,KEARNY FINANCIAL CORP,IWM,0001617242
OSPN,ONESPAN,IWM,0001044777
CTOS,CUSTOM TRUCK ONE SOURCE INC,IWM,0001709682
ANGO,ANGIODYNAMICS,IWM,0001275187
BWMN,BOWMAN CONSULTING GROUP,IWM,0001847590
NRIM,NORTHRIM BANCORP INC,IWM,0001163370
NAVI,NAVIENT,IWM,0001593538
SHEN,SHENANDOAH TELECOMMUNICATIONS,IWM,0000354963
SFST,SOUTHERN FIRST BANCSHARES INC,IWM,0001090009
BRSP,BRIGHTSPIRE CAPITAL CLASS A,IWM,0001717547
ALLO,ALLOGENE THERAPEUTICS,IWM,0001737287
RWT,REDWOOD TRUST REIT,IWM,0000930236
CLB,CORE LABORATORIES,IWM,0001958086
IIIN,INSTEEL INDUSTRIES INC,IWM,0000764401
FOR,FORESTAR GROUP INC,IWM,0001406587
OPK,OPKO HEALTH,IWM,0000944809
RGNX,REGENXBIO,IWM,0001590877
MNTN,MNTN CLASS A,IWM,0001891027
REPX,RILEY EXPLORATION PERMIAN INC,IWM,0001001614
LXRX,LEXICON PHARMACEUTICALS,IWM,0001062822
MMED,MINIMED INC,IWM,0002062583
AHCO,ADAPTHEALTH,IWM,0001725255
EBF,ENNIS INC,IWM,0000033002
CARS,CARS.COM INC,IWM,0001683606
GIC,GLOBAL INDUSTRIAL,IWM,0000945114
FBIZ,FIRST BUSINESS FINANCIAL SERVICES,IWM,0001521951
VSTM,VERASTEM INC,IWM,0001526119
MBUU,MALIBU BOATS CLASS A INC,IWM,0001590976
ARVN,ARVINAS INC,IWM,0001655759
KE,KIMBALL ELECTRONICS INC,IWM,0001606757
NXDR,NEXTDOOR HOLDINGS CLASS A,IWM,0001846069
HNRG,HALLADOR ENERGY,IWM,0000788965
CTKB,CYTEK BIOSCIENCES,IWM,0001831915
NTGR,NETGEAR,IWM,0001122904
CRSR,CORSAIR GAMING INC,IWM,0001743759
TRTX,TPG RE FINANCE TRUST INC,IWM,0001630472
HBT,HBT FINANCIAL INC,IWM,0000775215
CERS,CERUS CORP,IWM,0001020214
ONT,ONTERRIS,IWM,0001643615
SPT,SPROUT SOCIAL CLASS A,IWM,0001517375
NXRT,NEXPOINT RESIDENTIAL TRUST INC,IWM,0001620393
MNPR,MONOPAR THERAPEUTICS,IWM,0001645469
AEVA,AEVA TECHNOLOGIES INC,IWM,0001789029
GEF-B,GREIF INC CLASS B,IWM,0000043920
JCAP,JEFFERSON CAPITAL INC,IWM,0002046042
MOV,MOVADO GROUP INC,IWM,0000072573
AMSF,AMERISAFE INC,IWM,0001018979
VTS,VITESSE ENERGY INC,IWM,0001944558
NVEC,NVE CORP,IWM,0000724910
RYAM,RAYONIER ADVANCED MATERIALS,IWM,0001597672
ETD,ETHAN ALLEN INTERIORS,IWM,0000896156
EVC,ENTRAVISION COMMUNICATIONS CORP CL,IWM,0001109116
BCAL,CALIFORNIA BANCORP,IWM,0001795815
UHT,UNIVERSAL HEALTH REALTY INCOME TRU,IWM,0000798783
GDYN,GRID DYNAMICS HOLDINGS CLASS A,IWM,0001743725
TCMD,TACTILE SYSTEMS TECHNOLOGY,IWM,0001027838
CTGO,CONTANGO SILVER AND GOLD INC,IWM,0001502377
MDXG,MIMEDX GROUP,IWM,0001376339
XMAX,XMAX INC,IWM,0001473334
IMMX,IMMIX BIOPHARMA,IWM,0001873835
CVLG,COVENANT LOGISTICS GROUP INC CLASS,IWM,0000928658
NVRI,ENVIRI CORP,IWM,0002104052
YEXT,YEXT,IWM,0001614178
METC,RAMACO RESOURCES INC CLASS A,IWM,0001687187
NRGV,ENERGY VAULT HOLDINGS,IWM,0001828536
BDN,BRANDYWINE REALTY TRUST REIT,IWM,0000790816
NMAX,NEWSMAX INC CLASS B,IWM,0002026478
AKTS,AKTIS ONCOLOGY INC,IWM,0002035832
AHRT,AH REALTY INC,IWM,0001569187
HBCP,HOME BANCORP INC,IWM,0001436425
EVH,EVOLENT HEALTH CLASS A,IWM,0001628908
RGR,STURM RUGER,IWM,0000095029
SATL,SATELLOGIC CLASS A,IWM,0001874315
RPC,RIDGEPOST CAPITAL INC CLASS A,IWM,0001841968
ARHS,ARHAUS CLASS A,IWM,0001875444
URG,UR ENERGY INC,IWM,0001375205
BSRR,SIERRA BANCORP,IWM,0001130144
RRBI,RED RIVER BANCSHARES INC,IWM,0001071236
ODD,ODDITY TECH CLASS A,IWM,0001907085
ATLC,ATLANTICUS HOLDINGS CORP,IWM,0001464343
STLN,STARLING ONCOLOGY,IWM,0001799191
KELYA,KELLY SERVICES INC CLASS A,IWM,0000055135
CCOI,COGENT COMMUNICATIONS HOLDINGS INC,IWM,0001158324
HIFS,HINGHAM INSTITUTION FOR SAVINGS,IWM,
EOLS,EVOLUS INC,IWM,0001570562
OXM,OXFORD INDUSTRIES INC,IWM,0000075288
COFS,CHOICEONE FINANCIAL SERVICES INC,IWM,0000803164
OIS,OIL STATES INTERNATIONAL,IWM,0001121484
CPS,COOPER STANDARD HOLDINGS,IWM,0001320461
CMCO,COLUMBUS MCKINNON CORP,IWM,0001005229
MEI,METHODE ELECTRONICS,IWM,0000065270
TBLA,TABOOLA.COM LTD,IWM,0001840502
DSGN,DESIGN THERAPEUTICS,IWM,0001807120
DDD,3D SYSTEMS CORP,IWM,0000910638
IDR,IDAHO STRATEGIC RESOURCES INC,IWM,0001030192
YORW,YORK WATER,IWM,0000108985
DCTH,DELCATH SYS INC,IWM,0000872912
FMAO,FARMERS AND MERCHANTS BANCORP INC,IWM,0000792966
CSV,CARRIAGE SERVICES INC,IWM,0001016281
AQST,AQUESTIVE THERAPEUTICS INC,IWM,0001398733
OOMA,OOMA,IWM,0001327688
OCGN,OCUGEN,IWM,0001372299
CLMB,CLIMB GLOBAL SOLUTIONS INC,IWM,0000945983
WEAV,WEAVE COMMUNICATIONS,IWM,0001609151
WNC,WABASH NATIONAL,IWM,0000879526
EYPT,EYEPOINT INC,IWM,0001314102
GSM,FERROGLOBE PLC,IWM,0001639877
OBT,ORANGE COUNTY BANCORP INC,IWM,0001754226
GRPN,GROUPON,IWM,0001490281
LMB,LIMBACH HOLDINGS INC,IWM,0001606163
HTLD,HEARTLAND EXPRESS INC,IWM,0000799233
XRN,CHIRON REAL ESTATE INC,IWM,0001533615
TIPT,TIPTREE INC,IWM,0001393726
BBW,BUILD A BEAR WORKSHOP,IWM,0001113809
ASPI,ASP ISOTOPES INC,IWM,0001921865
RHLD,RESOLUTE HOLDINGS MANAGEMENT INC,IWM,0002039497
PKOH,PARK OHIO HOLDINGS CORP,IWM,0000076282
ILPT,INDUSTRIAL LOGISTICS PROPERTIES TR,IWM,0001717307
HNST,THE HONEST COMPANY,IWM,0001530979
SLDP,SOLID POWER CLASS A,IWM,0001844862
WRLD,WORLD ACCEPTANCE CORP,IWM,0000108385
HSHP,HIMALAYA SHIPPING LTD,IWM,0001959455
WTBA,WEST BANCORPORATION INC,IWM,0001166928
BWB,BRIDGEWATER BANCSHARES INC,IWM,0001341317
HYLN,HYLIION HOLDINGS CORP,IWM,0001759631
RBB,RBB BANCORP,IWM,0001499422
AEBI,AEBI SCHMIDT HOLDING AG,IWM,0002048519
STTK,SHATTUCK LABS INC,IWM,0001680367
AGNT,AGNT INC,IWM,0001495932
CAL,CALERES INC,IWM,0000014707
SD,SANDRIDGE ENERGY INC,IWM,0001349436
UNTY,UNITY BANCORP INC,IWM,0000920427
ASIX,ADVANSIX,IWM,0001673985
PHAT,PHATHOM PHARMACEUTICALS,IWM,0001783183
SB,SAFE BULKERS INC,IWM,0001434754
TATT,TAT TECHNOLOGIES LTD,IWM,0000808439
BTBT,BIT DIGITAL,IWM,0001710350
FEIM,FREQUENCY ELECTRONICS INC,IWM,0000039020
KIDS,ORTHOPEDIATRICS CORP,IWM,0001425450
GTN,GRAY MEDIA INC,IWM,0000043196
CLPT,CLEARPOINT NEURO INC,IWM,0001285550
RLMD,RELMADA THERAPEUTICS INC,IWM,0001553643
CZNC,CITIZENS AND NORTHERN CORP,IWM,0000810958
OABI,OMNIAB INC,IWM,0001846253
CBAN,COLONY BANKCORP INC,IWM,0000711669
NGNE,NEUROGENE INC,IWM,0001404644
BWFG,BANKWELL FINANCIAL GROUP INC,IWM,0001505732
LXFR,LUXFER HOLDINGS PLC,IWM,0001096056
MCFT,MASTERCRAFT BOAT HOLDINGS INC,IWM,0001638290
CWCO,CONSOLIDATED WATER LTD,IWM,0000928340
DIN,DINE BRANDS GLOBAL,IWM,0000049754
OLP,ONE LIBERTY PROPERTIES REIT INC,IWM,0000712770
CENT,CENTRAL GARDEN AND PET,IWM,0000887733
ITIC,INVESTORS TITLE,IWM,0000720858
FIP,FTAI INFRASTRUCTURE,IWM,0001899883
BFS,SAUL CENTERS REIT INC,IWM,0000907254
ALMR,ALAMAR BIOSCIENCES INC,IWM,0002104204
OVID,OVID THERAPEUTICS,IWM,0001636651
REAX,REAL BROKERAGE,IWM,0001862461
LOCO,EL POLLO LOCO INC,IWM,0001606366
NUAI,NEW ERA ENERGY AND DIGITAL INC,IWM,0002028336
GLRE,GREENLIGHT CAPITAL LTD CLASS A,IWM,0001385613
CAPR,CAPRICOR THERAPEUTICS,IWM,0001133869
PBYI,PUMA BIOTECHNOLOGY INC,IWM,0001401667
CBNK,CAPITAL BANCORP INC,IWM,0001419536
FWRD,FORWARD AIR CORP,IWM,0000912728
PLBC,PLUMAS BANCORP,IWM,0001168455
SVV,SAVERS VALUE VILLAGE,IWM,0001883313
MAX,MEDIAALPHA CLASS A,IWM,0001818383
FRST,PRIMIS FINANCIAL CORP,IWM,0001325670
CHCT,COMMUNITY HEALTHCARE TRUST INC,IWM,0001631569
CRML,CRITICAL METALS CORP,IWM,0001951089
CWH,CAMPING WORLD HOLDINGS INC CLASS A,IWM,0001669779
DFH,DREAM FINDERS HOMES INC CLASS A,IWM,0001825088
FPI,FARMLAND PARTNERS INC,IWM,0001591670
CCCC,C4 THERAPEUTICS,IWM,0001662579
SPIR,SPIRE GLOBAL CLASS A,IWM,0001816017
KRT,KARAT PACKAGING INC,IWM,0001758021
IMXI,INTERNATIONAL MONEY EXPRESS INC,IWM,0001683695
PRTA,PROTHENA PLC,IWM,0001559053
GRND,GRINDR INC,IWM,0001820144
OFIX,ORTHOFIX MEDICAL,IWM,0000884624
ACCO,ACCO BRANDS CORP,IWM,0000712034
DGICA,DONEGAL GROUP INC CLASS A,IWM,0000800457
BATRA,ATLANTA BRAVES HOLDINGS SERIES A,IWM,0001958140
BMRC,BANK OF MARIN BANCORP,IWM,0001403475
CMCL,CALEDONIA MINING PLC,IWM,0000766011
HVT,HAVERTY FURNITURE COMPANIES INC,IWM,0000216085
CTNM,CONTINEUM THERAPEUTICS INC CLASS A,IWM,0001855175
ERII,ENERGY RECOVERY,IWM,0001421517
IPI,INTREPID POTASH INC,IWM,0001421461
FRBA,FIRST BANK,IWM,
AMCX,AMC GLOBAL MEDIA CLASS A,IWM,0001514991
GENB,GENERATE BIOMEDICINES INC,IWM,0002100782
PKBK,PARKE BANCORP INC,IWM,0001315399
SFIX,STITCH FIX CLASS A,IWM,0001576942
FNLC,FIRST BANCORP INC,IWM,0000765207
NGS,NATURAL GAS SERVICES GROUP,IWM,0001084991
ISTR,INVESTAR HOLDING CORP,IWM,0001602658
SRTA,STRATA CRITICAL MEDICAL CLASS A,IWM,0001779128
MAGN,MAGNERA,IWM,0000041719
VLGEA,VILLAGE SUPER MARKET INC CLASS A,IWM,0000103595
KREF,KKR REAL ESTATE FINANCE INC TRUST,IWM,0001631596
VITL,VITAL FARMS INC,IWM,0001579733
TTAM,TITAN AMERICA SA,IWM,0002035304
AVIR,ATEA PHARMACEUTICALS,IWM,0001593899
PDLB,PONCE FINANCIAL GROUP INC,IWM,0001874071
SPRY,ARS PHARMACEUTICALS INC,IWM,0001671858
AIOT,POWERFLEET,IWM,0001774170
NVCT,NUVECTIS PHARMA INC,IWM,0001875558
CYH,COMMUNITY HEALTH SYSTEMS INC,IWM,0001108109
FLGT,FULGENT GENETICS,IWM,0001674930
NPCE,NEUROPACE,IWM,0001528287
IHRT,IHEARTMEDIA CLASS A,IWM,0001400891
BELFA,BEL FUSE CLASS A,IWM,0000729580
NEWT,NEWTEKONE,IWM,0001587987
IBTA,IBOTTA CLASS A,IWM,0001538379
TECX,TECTONIC THERAPEUTIC INC,IWM,0001681087
ENTA,ENANTA PHARMACEUTICALS INC,IWM,0001177648
LXEO,LEXEO THERAPEUTICS,IWM,0001907108
WTI,W AND T OFFSHORE,IWM,0001288403
BIOA,BIOAGE LABS,IWM,0001709941
MVBF,MVB FINANCIAL CORP,IWM,0001277902
ORN,ORION GROUP INC,IWM,0001402829
TITN,TITAN MACHINERY INC,IWM,0001409171
IIIV,I3 VERTICALS CLASS A,IWM,0001728688
RZLT,REZOLUTE,IWM,0001509261
YSWY,YESWAY INC CLASS A,IWM,0001859836
CZFS,CITIZENS FINANCIAL SERVICES INC,IWM,0000739421
IBEX,IBEX LTD,IWM,0001720420
MRAM,EVERSPIN TECHNOLOGIES INC,IWM,0001438423
DNA,GINKGO BIOWORKS HOLDINGS CLASS A,IWM,0001830214
FVR,FRONTVIEW REIT,IWM,0001988494
ASPN,ASPEN AEROGELS,IWM,0001145986
HY,HYSTER YALE INC CLASS A,IWM,0001173514
TSBK,TIMBERLAND BANCORP INC,IWM,0001046050
CRNC,CERENCE,IWM,0001768267
FSTR,LB FOSTER,IWM,0000352825
RMR,RMR GROUP CLASS A,IWM,0001644378
NECB,NORTHEAST COMMUNITY BANCORP INC,IWM,0001847398
KYTX,KYVERNA THERAPEUTICS,IWM,0001994702
SWIM,LATHAM GROUP INC,IWM,0001833197
NPB,NORTHPOINTE BANCSHARES INC,IWM,0001336706
ULCC,FRONTIER GROUP HOLDINGS,IWM,0001670076
FTK,FLOTEK INDUSTRIES INC,IWM,0000928054
TREE,LENDINGTREE,IWM,0001434621
CTRN,CITI TRENDS INC,IWM,0001318484
NGVC,NATURAL GROCERS BY VITAMIN COTTAGE,IWM,0001547459
GEVO,GEVO,IWM,0001392380
CBIO,CRESCENT BIOPHARMA,IWM,0001253689
CTEV,CLARITEV CORP CLASS A,IWM,0001793229
PACB,PACIFIC BIOSCIENCES OF CALIFORNIA,IWM,0001299130
STRT,STRATTEC SECURITY CORP,IWM,0000933034
NWFL,NORWOOD FINANCIAL CORP,IWM,0001013272
XRX,XEROX HOLDINGS CORP,IWM,0001770450
TWI,TITAN INTERNATIONAL INC,IWM,0000899751
MEC,MAYVILLE ENGINEERING COMPANY INC,IWM,0001766368
CATX,PERSPECTIVE THERAPEUTICS INC,IWM,0000728387
LAND,GLADSTONE LAND REIT CORP,IWM,0001495240
MPTI,M TRON INDUSTRIES INC,IWM,0001902314
BCML,BAYCOM CORP,IWM,0001730984
AURA,AURA BIOSCIENCES,IWM,0001501796
CABA,CABALETTA BIO,IWM,0001759138
ARKO,ARKO,IWM,0001823794
WLTH,WEALTHFRONT,IWM,0001524566
PCB,PCB BANCORP,IWM,0001423869
KRUS,KURA SUSHI USA,IWM,0001772177
FENC,FENNEC PHARMACEUTICALS,IWM,0001211583
STRO,SUTRO BIOPHARMA INC,IWM,0001382101
GCO,GENESCO INC,IWM,0000018498
NRDS,NERDWALLET CLASS A,IWM,0001625278
PRME,PRIME MEDICINE,IWM,0001894562
SENS,SENSEONICS HOLDINGS INC,IWM,0001616543
CRCT,CRICUT INC CLASS A,IWM,0001828962
RNGR,RANGER ENERGY SERVICES INC CLASS A,IWM,0001699039
EMBC,EMBECTA,IWM,0001872789
VGZ,VISTA GOLD CORP,IWM,0000783324
RCKY,ROCKY BRANDS INC,IWM,0000895456
WSBF,WATERSTONE FINANCIAL INC,IWM,0001569994
SERV,SERVE ROBOTICS INC,IWM,0001832483
TRC,TEJON RANCH,IWM,0000096869
STRZ,STARZ ENTERTAINMENT,IWM,0000929351
SGHT,SIGHT SCIENCES,IWM,0001531177
OEC,ORION SA,IWM,0001609804
AVEX,AEVEX CORP CLASS A,IWM,0002096300
RCKT,ROCKET PHARMACEUTICALS,IWM,0001281895
FVCB,FVCBANKCORP INC,IWM,0001675644
CLW,CLEARWATER PAPER CORP,IWM,0001441236
CMPX,COMPASS THERAPEUTICS,IWM,0001738021
EDIT,EDITAS MEDICINE,IWM,0001650664
QUAD,QUAD GRAPHICS INC CLASS A,IWM,0001481792
MG,MISTRAS GROUP INC,IWM,0001436126
PTLO,PORTILLO S INC CLASS A,IWM,0001871509
AII,AMERICAN INTEGRITY INSURANCE GROUP,IWM,0002007587
CHMG,CHEMUNG FINANCIAL CORP,IWM,0000763563
RXT,RACKSPACE TECHNOLOGY INC,IWM,0001810019
OPRT,OPORTUN FINANCIAL CORP,IWM,0001538716
ZURA,ZURA BIO LTD CLASS A,IWM,0001855644
DSGR,DISTRIBUTION SOLUTIONS GROUP,IWM,0000703604
PSIX,POWER SOLUTIONS INTERNATIONAL,IWM,0001137091
MH,MCGRAW HILL,IWM,0001951070
ZIP,ZIPRECRUITER INC CLASS A,IWM,0001617553
CVEO,CIVEO CORP,IWM,0001590584
NXH,NEIGHBORHOOD INTELLIGENCE,IWM,0001130713
MNRO,MONRO,IWM,0000876427
RM,REGIONAL MANAGEMENT CORP,IWM,0001519401
ATLO,AMES NATIONAL CORP,IWM,0001132651
BOBS,BOBS DISCOUNT FURNITURE INC,IWM,0002085187
CLFD,CLEARFIELD INC,IWM,0000796505
VOXR,VOX ROYALTY CORP,IWM,0001907909
ASMB,ASSEMBLY BIOSCIENCES INC,IWM,0001426800
XFOR,X4 PHARMACEUTICALS INC,IWM,0001501697
WEST,WESTROCK COFFEE,IWM,0001806347
SLP,SIMULATIONS PLUS,IWM,0001023459
TBI,TRUEBLUE INC,IWM,0000768899
AVXL,ANAVEX LIFE SCIENCES CORP,IWM,0001314052
ALTO,ALTO INGREDIENTS INC,IWM,0000778164
TDUP,THREDUP CLASS A,IWM,0001484778
ABAT,AMERICAN BATTERY TECHNOLOGY COMPAN,IWM,0001576873
GNE,GENIE ENERGY LTD CLASS B,IWM,0001528356
ATNI,ATN INTERNATIONAL INC,IWM,0000879585
MTRX,MATRIX SERVICE,IWM,0000866273
NEXN,NEXXEN INTERNATIONAL LTD,IWM,0001849396
PALI,PALISADE BIO INC,IWM,0001357459
SPCE,VIRGIN GALACTIC HOLDINGS INC SHS C,IWM,0001706946
IA,INNOVATIVE SOLUTIONS AND SUPPORT I,IWM,
JACK,JACK IN THE BOX INC,IWM,0000807882
ACIC,AMERICAN COASTAL INSURANCE CORP,IWM,0001401521
PESI,PERMA FIX ENVIRONMENTAL SERVICES I,IWM,0000891532
FSBW,FS BANCORP INC,IWM,0001530249
FUBO,FUBOTV CLASS A,IWM,0001484769
FCCO,FIRST COMMUNITY CORP,IWM,0000932781
RR,RICHTECH ROBOTICS CLASS B,IWM,0001963685
JOUT,JOHNSON OUTDOORS INC CLASS A,IWM,0000788329
PINE,ALPINE INCOME PROPERTY TRUST INC,IWM,0001786117
SHOE,SHOE STATION GROUP INC,IWM,0000895447
VNDA,VANDA PHARMACEUTICALS INC,IWM,0001347178
CBK,COMMERCIAL BANCGROUP INC,IWM,0001981546
XPER,XPERI INC,IWM,0001788999
OSS,ONE STOP SYSTEMS INC,IWM,0001394056
VMD,VIEMED HEALTHCARE INC,IWM,0001729149
FRD,FRIEDMAN INDUSTRIES INC,IWM,0000039092
MASS,908 DEVICES,IWM,0001555279
AVBC,AVIDIA BANCORP INC,IWM,0002058758
MYGN,MYRIAD GENETICS,IWM,0000899923
JMSB,JOHN MARSHALL BANCORP INC,IWM,0001710482
FWDI,FORWARD INDUSTRIES INC,IWM,0000038264
CRD-A,CRAWFORD CLASS A,IWM,0000025475
BOC,BOSTON OMAHA CORP CLASS A,IWM,0001494582
RLGT,RADIANT LOGISTIC INC,IWM,0001171155
DUOT,DUOS TECHNOLOGIES GROUP INC,IWM,0001396536
SHAZ,SHARONAI HOLDINGS INC CLASS A,IWM,0002068385
FOSL,FOSSIL GROUP INC,IWM,0000883569
AGEN,AGENUS INC,IWM,0001098972
BLND,BLEND LABS CLASS A,IWM,0001855747
EGHT,8X8 INC,IWM,0001023731
FBYD,FALCON S BEYOND GLOBAL INC CLASS A,IWM,0001937987
FRAF,FRANKLIN FINANCIAL SERVICES CORP,IWM,0000723646
IKT,INHIBIKASE THERAPEUTICS,IWM,0001750149
BMBL,BUMBLE CLASS A,IWM,0001830043
BH,BIGLARI HOLDINGS INCINARY CLASS B,IWM,0001726173
DNUT,KRISPY KREME,IWM,0001857154
GRNT,GRANITE RIDGE RESOURCES,IWM,0001928446
LRMR,LARIMAR THERAPEUTICS,IWM,0001374690
ARCT,ARCTURUS THERAPEUTICS HOLDINGS INC,IWM,0001768224
PANL,PANGAEA LOGISTICS SOLUTIONS,IWM,0001606909
FUNC,FIRST UNITED CORP,IWM,0000763907
SMC,SUMMIT MIDSTREAM CORP,IWM,0002024218
NKSH,NATIONAL BANKSHARES INC,IWM,0000796534
ABEO,ABEONA THERAPEUTICS INC,IWM,0000318306
IMRX,IMMUNEERING CLASS A,IWM,0001790340
BGS,B AND G FOODS INC,IWM,0001278027
ELDN,ELEDON PHARMACEUTICALS INC,IWM,0001404281
RMNI,RIMINI STREET INC,IWM,0001635282
HTZ,HERTZ GLOBAL HLDGS INC,IWM,0001657853
LTBR,LIGHTBRIDGE CORP,IWM,0001084554
FLXS,FLEXSTEEL INDUSTRIES INC,IWM,0000037472
BNTC,BENITEC BIOPHARMA INC,IWM,0001808898
ABX,ABACUS GLOBAL MANAGEMENT INC CLASS,IWM,0001814287
LILA,LIBERTY LATIN AMERICA CLASS A,IWM,0001712184
MYFW,FIRST WESTERN FINANCIAL INC,IWM,0001327607
WOOF,PETCO HEALTH AND WELLNESS COMPANY,IWM,0001826470
PLAY,DAVE AND BUSTERS ENTERTAINMENT,IWM,0001525769
HLLY,HOLLEY,IWM,0001822928
RMAX,RE MAX HOLDINGS INC CLASS A,IWM,0001581091
USCB,USCB FINANCIAL HOLDINGS INC CLASS,IWM,0001901637
SGP,SPYGLASS PHARMA SHS,IWM,0001778922
ELMD,ELECTROMED INC,IWM,0001488917
FDBC,FIDELITY D AND D BANCORP INC,IWM,0001098151
MGPI,MGP INGREDIENTS INC,IWM,0000835011
LCNB,LCNB CORP,IWM,0001074902
UPB,UPSTREAM BIO,IWM,0002022626
FXNC,FIRST NATIONAL CORP,IWM,0000719402
ARDT,ARDENT HEALTH INC,IWM,0001756655
BRBS,BLUE RIDGE BANKSHARES INC,IWM,0000842717
NRC,NRC HEALTH,IWM,0000070487
EBS,EMERGENT BIOSOLUTIONS,IWM,0001367644
EVEX,EVE HOLDING,IWM,0001823652
OVLY,OAK VALLEY BANCORP,IWM,0001431567
ONIT,ONITY GROUP INC,IWM,0000873860
RPAY,REPAY HOLDINGS CORP CLASS A,IWM,0001720592
WYFI,WHITEFIBER INC,IWM,0002042022
KINS,KINGSTONE COMPANIES INC,IWM,0000033992
ISBA,ISABELLA BANK CORP,IWM,0000842517
REI,RING ENERGY INC,IWM,0001384195
CFFI,C AND F FINANCIAL CORP,IWM,0000913341
AVBH,AVIDBANK HOLDINGS INC,IWM,0001443575
TLS,TELOS CORPORATION CORP,IWM,0000320121
RC,READY CAPITAL CORP,IWM,0001527590
ANIK,ANIKA THERAPEUTICS INC,IWM,0000898437
RJET,REPUBLIC AIRWAYS HOLDINGS INC,IWM,0000810332
FNKO,FUNKO CLASS A,IWM,0001704711
WEYS,WEYCO GROUP INC,IWM,0000106532
GCBC,GREENE COUNTY BANCORP INC,IWM,0001070524
NATH,NATHANS FAMOUS INC,IWM,0000069733
CLNE,CLEAN ENERGY FUELS,IWM,0001368265
FNRN,FIRST NORTHERN COMMUNITY BANCORP,IWM,0001114927
BSVN,BANK7 CORP,IWM,0001746129
MGNX,MACROGENICS INC,IWM,0001125345
HCKT,HACKETT GROUP,IWM,0001057379
OSUR,ORASURE TECHNOLOGIES INC,IWM,0001116463
ACRE,ARES COMMERCIAL REAL ESTATE REIT C,IWM,0001529377
TWIN,TWIN DISC INC,IWM,0000100378
NABL,N ABLE INC,IWM,0001834488
BKKT,BAKKT INC CLASS A,IWM,0001820302
PACK,RANPAK HOLDINGS CORP CLASS A,IWM,0001712463
EIKN,EIKON THERAPEUTICS INC,IWM,0001861123
ZUMZ,ZUMIEZ,IWM,0001318008
FRPH,FRP HOLDINGS INC,IWM,0000844059
NUS,NU SKIN ENTERPRISES CLASS A,IWM,0001021561
IPSC,CENTURY THERAPEUTICS,IWM,0001850119
INNV,INNOVAGE HOLDING CORP,IWM,0001834376
DMAC,DIAMEDICA THERAPEUTICS INC,IWM,0001401040
RXST,RXSIGHT,IWM,0001111485
FHTX,FOGHORN THERAPEUTICS,IWM,0001822462
HBB,HAMILTON BEACH BRANDS HOLDING COMP,IWM,0001709164
SMRT,SMARTRENT INC CLASS A,IWM,0001837014
FBLA,FB BANCORP,IWM,0002013639
JAKK,JAKKS PACIFIC INC,IWM,0001009829
LODE,COMSTOCK INC,IWM,0001120970
AVNW,AVIAT NETWORKS INC,IWM,0001377789
BPRN,PRINCETON BANCORP INC,IWM,0001913971
CNDT,CONDUENT,IWM,0001677703
ALEC,ALECTOR,IWM,0001653087
POWW,OUTDOOR HOLDING,IWM,0001015383
SI,SHOULDER INNOVATIONS,IWM,0001699350
TSSI,TSS INC,IWM,0001320760
LOVE,LOVESAC COMPANY,IWM,0001701758
TLSI,TRISALUS LF SC CM A,IWM,0001826667
LMRI,LUMEXA IMAGING HOLDINGS,IWM,0002071288
VELO,VELO3D INC,IWM,0001825079
FULC,FULCRUM THERAPEUTICS,IWM,0001680581
ASIC,ATEGRITY SPECIALTY INSURANCE COMPA,IWM,0002040491
SEVN,SEVEN HILLS REALTY TRUST,IWM,0001452477
WNEB,WESTERN NEW ENGLAND BANCORP INC,IWM,0001157647
BKTI,BK TECHNOLOGIES CORP,IWM,0000002186
AKBA,AKEBIA THERAPEUTICS INC,IWM,0001517022
PDYN,PALLADYNE AI CORP,IWM,0001826681
AREC,AMERICAN RESOURCES CORP CLASS A,IWM,0001590715
TRDA,ENTRADA THERAPEUTICS,IWM,0001689375
MBI,MBIA INC,IWM,0000814585
INR,INFINITY NATURAL RESOURCES INC CLA,IWM,0002029118
IMMR,IMMERSION CORP,IWM,0001058811
VEL,VELOCITY FINANCIAL INC,IWM,0001692376
III,INFORMATION SERVICES GROUP INC,IWM,0001371489
VABK,VIRGINIA NATIONAL BANKSHARES CORP,IWM,0001572334
RICK,RCI HOSPITALITY HOLDINGS INC,IWM,0000935419
PMTS,CPI CARD GROUP INC,IWM,0001641614
REFI,CHICAGO ATLANTIC REAL ESTATE FINAN,IWM,0001867949
USAU,US GOLD CORP,IWM,0000027093
MRBK,MERIDIAN CORP,IWM,0001750735
COSO,COASTALSOUTH BANCSHARES INC,IWM,0001297107
DBI,DESIGNER BRANDS INC CLASS A,IWM,0001319947
MFIN,MEDALLION FINANCIAL CORP,IWM,0001000209
INBK,FIRST INTERNET BANCORP,IWM,0001562463
NATR,NATURES SUNSHINE PRODUCTS INC,IWM,0000275053
RELL,RICHARDSON ELECTRONICS LTD,IWM,0000355948
DSP,VIANT TECHNOLOGY INC CLASS A,IWM,0001828791
PRTH,PRIORITY TECHNOLOGY HOLDINGS INC,IWM,0001653558
PEBK,PEOPLES BANCORP OF NORTH CAROLINA,IWM,0001093672
NXDT,NEXPOINT DIVERSIFIED REAL ESTATE T,IWM,0001356115
HDSN,HUDSON TECHNOLOGIES INC,IWM,0000925528
CD,CHAINCE DIGITAL HOLDINGS INC,IWM,0001527762
LEGH,LEGACY HOUSING CORP,IWM,0001436208
ALCO,ALICO INC,IWM,0000003545
CZWI,CITIZENS COMMUNITY BANCORP INC,IWM,0001367859
HMH,HMH HOLDING INC CLASS A,IWM,0002021880
OFRM,ONCE UPON A FARM PBC,IWM,0001696556
LMNR,LIMONEIRA,IWM,0001342423
PCYO,PURE CYCLE CORP,IWM,0000276720
SKYH,SKY HARBOUR GROUP CLASS A,IWM,0001823587
LTRX,LANTRONIX INC,IWM,0001114925
VUZI,VUZIX CORP,IWM,0001463972
IRD,OPUS GENETICS INC,IWM,0001228627
SSP,EW SCRIPPS CLASS A,IWM,0000832428
TG,TREDEGAR CORP,IWM,0000850429
TARA,PROTARA THERAPEUTICS INC,IWM,0001359931
ASLE,AERSALE CORP,IWM,0001754170
EVGO,EVGO INC CLASS A,IWM,0001821159
GOGO,GOGO,IWM,0001537054
EU,ENCORE ENERGY,IWM,0001500881
SIDU,SIDUS SPACE INC CLASS A,IWM,0001879726
ALXO,ALX ONCOLOGY HOLDINGS INC,IWM,0001810182
SMHI,SEACOR MARINE HOLDINGS INC,IWM,0001690334
GSIT,GSI TECHNOLOGY INC,IWM,0001126741
OPTU,OPTIMUM COMMUNICATIONS INC CLASS A,IWM,0001702780
CMT,CORE MOLDING TECHNOLOGIES INC,IWM,0001026655
INFU,INFUSYSTEM HOLDINGS INC,IWM,0001337013
KWY,KINGSWAY CORP,IWM,0001072627
SPOK,SPOK HOLDINGS INC,IWM,0001289945
ALMU,AELUMA INC,IWM,0001828805
FCAP,FIRST CAPITAL INC,IWM,0001070296
KROS,KEROS THERAPEUTICS,IWM,0001664710
OPBK,OP BANCORP,IWM,0001722010
SEG,SEAPORT ENTERTAINMENT GROUP INC,IWM,0002009684
SRI,STONERIDGE INC,IWM,0001043337
ASUR,ASURE SOFTWARE INC,IWM,0000884144
BNED,BARNES AND NOBLE EDUCATION INC,IWM,0001634117
CV,CAPSOVISION INC,IWM,0001378325
APC,ARKO PETROLEUM CORP CLASS A,IWM,0002080921
RNA,ATRIUM THERAPEUTICS INC,IWM,0002093101
IVVD,INVIVYD,IWM,0001832038
EFSI,EAGLE FINANCIAL SERVICES INC,IWM,0000880641
PPIH,PERMA PIPE INTERNATIONAL HOLDINGS,IWM,0000914122
YSS,YORK SPACE SYSTEMS INC,IWM,0002086587
MITT,TPG MORTGAGE INVESTMENT TRUST INC,IWM,0001514281
OPFI,OPPFI INC CLASS A,IWM,0001818502
PSFE,PAYSAFE LTD,IWM,0001833835
TBCH,TURTLE BEACH,IWM,0001493761
CFBK,CF BANKSHARES INC,IWM,0001070680
CDZI,CADIZ INC,IWM,0000727273
BBCP,CONCRETE PUMPING HOLDINGS INC,IWM,0001703956
GBFH,GBANK FINL HLDGS INC,IWM,0001791145
QUIK,QUICKLOGIC CORP,IWM,0000882508
EVMN,EVOMMUNE,IWM,0002044725
FC,FRANKLIN COVEY,IWM,0000886206
TNXP,TONIX PHARMACEUTICALS HOLDING,IWM,0001430306
RBBN,RIBBON COMMUNICATIONS,IWM,0001708055
EBMT,EAGLE BANCORP MONTANA INC,IWM,0001478454
OSG,OCTAVE SPECIALTY GROUP INC,IWM,0000874501
HPK,HIGHPEAK ENERGY INC,IWM,0001792849
RILY,BRC GROUP HOLDINGS INC,IWM,0001464790
RCMT,RCM TECHNOLOGIES INC,IWM,0000700841
AIRO,AIRO GROUP HOLDINGS INC,IWM,0001927958
ALTI,ALTI GLOBAL INC CLASS A,IWM,0001838615
CIA,CITIZENS INC CLASS A,IWM,0000024090
NCMI,NATIONAL CINEMEDIA INC,IWM,0001377630
UTMD,UTAH MEDICAL PRODUCTS INC,IWM,0000706698
UIS,UNISYS,IWM,0000746838
PBFS,PIONEER BANCORP INC,IWM,0001769663
RSVR,RESERVOIR MEDIA INC,IWM,0001824403
ZSQR,Z SQUARED INC,IWM,0001759186
ACU,ACME UNITED CORP,IWM,0000002098
WBTN,WEBTOON ENTERTAINMENT INC,IWM,0001997859
ATOM,ATOMERA INC,IWM,0001420520
DTIL,PRECISION BIOSCIENCES INC,IWM,0001357874
HWBK,HAWTHORN BANCSHARES INC,IWM,0000893847
ZNTL,ZENTALIS PHARMACEUTICALS INC,IWM,0001725160
NAGE,NIAGEN BIOSCIENCE INC,IWM,0001386570
KRO,KRONOS WORLDWIDE,IWM,0001257640
ESCA,ESCALADE INC,IWM,0000033488
ASYS,AMTECH SYSTEMS INC,IWM,0000720500
VYGR,VOYAGER THERAPEUTICS,IWM,0001640266
JRVR,JAMES RIVER GROUP HOLDINGS INC,IWM,0001620459
OBIO,ORCHESTRA BIOMED HOLDINGS INC,IWM,0001814114
AMPY,AMPLIFY ENERGY,IWM,0001533924
LCTX,LINEAGE CELL THERAPEUTICS INC,IWM,0000876343
PLX,PROTALIX BIOTHERAPEUTICS INC,IWM,0001006281
OVBC,OHIO VALLEY BANC CORP,IWM,0000894671
XPOF,XPONENTIAL FITNESS CLASS A,IWM,0001802156
KGEI,KOLIBRI GLOBAL ENERGY INC,IWM,0001477081
TAYD,TAYLOR DEVICES INC,IWM,0000096536
AIRJ,AIRJOULE TECHNOLOGIES CLASS A,IWM,0001855474
GENC,GENCOR INDUSTRIES INC,IWM,0000064472
MPAA,MOTORCAR PARTS OF AMERICA INC,IWM,0000918251
GEMI,GEMINI SPACE STATION INC CLASS A,IWM,0002055592
NLOP,NET LEASE OFFICE PROPERTIES,IWM,0001952976
MVST,MICROVAST HOLDINGS,IWM,0001760689
SWMR,SWARMER INC,IWM,0002092574
AOMR,ANGEL OAK MORTGAGE REIT,IWM,0001766478
MNSB,MAINSTREET BANCSHARES INC,IWM,0001693577
SRZN,SURROZEN,IWM,0001824893
CHRS,COHERUS ONCOLOGY INC,IWM,0001512762
ESOA,ENERGY SERVICES OF AMERICA CORP,IWM,0001357971
SITC,SITE CENTERS,IWM,0000894315
CMDB,COSTAMARE BULKERS HOLDINGS LTD,IWM,0002033535
NREF,NEXPOINT REAL ESTATE FINANCE,IWM,0001786248
CMTG,CLAROS MORTGAGE TRUST INC,IWM,0001666291
ELMT,ELMET GROUP,IWM,0002101698
CMTV,COMMUNITY BANCORP VT,IWM,0000718413
BRT,BRT APARTMENTS CORP,IWM,0000014846
CMRC,BIGCOMMERCE HOLDINGS SERIES,IWM,0001626450
INSE,INSPIRED ENTERTAINMENT INC,IWM,0001615063
NMRA,NEUMORA THERAPEUTICS INC,IWM,0001885522
ACTG,ACACIA RESEARCH,IWM,0000934549
CRBP,CORBUS PHARMACEUTICALS HOLDINGS,IWM,0001595097
NC,NACCO INDUSTRIES INC CLASS A,IWM,0000789933
LZM,LIFEZONE METALS LTD,IWM,0001958217
KRRO,KORRO BIO,IWM,0001703647
SABS,SAB BIOTHERAPEUTICS INC,IWM,0001833214
JILL,J JILL INC,IWM,0001687932
PXED,PHOENIX EDUCATION PARTNERS,IWM,0001600222
DOUG,DOUGLAS ELLIMAN INC,IWM,0001878897
GALT,GALECTIN THERAPEUTICS INC,IWM,0001133416
BRCB,BLACK ROCK COFFEE BAR CLASS A,IWM,0002068577
ADV,ADVANTAGE SOLUTIONS CLASS A,IWM,0001776661
LARK,LANDMARK BANCORP INC,IWM,0001141688
SSTK,SHUTTERSTOCK,IWM,0001549346
BVFL,BV FINANCIAL INC,IWM,0001302387
USNA,USANA HEALTH SCIENCES INC,IWM,0000896264
KLTR,KALTURA INC,IWM,0001432133
BCBP,BCB BANCORP INC,IWM,0001228454
DOMO,DOMO INC CLASS B,IWM,0001505952
FF,FUTUREFUEL CORP,IWM,0001337298
PRLD,PRELUDE THERAPEUTICS,IWM,0001678660
KRMD,KORU MEDICAL SYSTEMS INC,IWM,0000704440
EVCM,EVERCOMMERCE INC,IWM,0001853145
CRBU,CARIBOU BIOSCIENCES,IWM,0001619856
RGCO,RGC RESOURCES INC,IWM,0001069533
SNFCA,SECURITY NATIONAL FINANCIAL CORP C,IWM,0000318673
INGN,INOGEN,IWM,0001294133
CDXS,CODEXIS,IWM,0001200375
SLNH,SOLUNA HOLDINGS INC,IWM,0000064463
CBFV,CB FINANCIAL SERVICES INC,IWM,0001605301
SPRB,SPRUCE BIOSCIENCES,IWM,0001683553
ANGI,ANGI INC CLASS A,IWM,0001705110
LUCD,LUCID DIAGNOSTICS INC,IWM,0001799011
SGC,SUPERIOR GROUP OF COMPANIES INC,IWM,0000095574
ANTX,AN2 THERAPEUTICS INC,IWM,0001880438
PLTK,PLAYTIKA HOLDING CORP,IWM,0001828016
INTT,INTEST CORP,IWM,0001036262
LWAY,LIFEWAY FOODS INC,IWM,0000814586
PDEX,PRO DEX INC,IWM,0000788920
ACDC,PROFRAC HOLDING CLASS A,IWM,0001881487
WHWK,WHITEHAWK THERAPEUTICS INC,IWM,0001422142
LYEL,LYELL IMMUNOPHARMA,IWM,0001806952
ULH,UNIVERSAL LOGISTICS HOLDINGS INC,IWM,0001308208
LFMD,LIFEMD INC,IWM,0000948320
RNAC,CARTESIAN THERAPEUTICS,IWM,0001453687
PNRG,PRIMEENERGY RESOURCES CORP,IWM,0000056868
SIGA,SIGA TECHNOLOGIES INC,IWM,0001010086
CABO,CABLE ONE INC,IWM,0001632127
SRBK,SR BANCORP INC,IWM,0001951276
SES,SES AI CLASS A,IWM,0001819142
XZO,EXZEO GROUP INC,IWM,0001873951
ORGO,ORGANOGENESIS HOLDINGS CLASS A,IWM,0001661181
SND,SMART SAND INC,IWM,0001529628
UNCY,UNICYCIVE THERAPEUTICS INC,IWM,0001766140
CHPT,CHARGEPOINT HOLDINGS INC CLASS A,IWM,0001777393
CURI,CURIOSITYSTREAM INC CLASS A,IWM,0001776909
AP,AMPCO PITTSBURGH CORP,IWM,0000006176
ALTG,ALTA EQUIPMENT GROUP INC CLASS A,IWM,0001759824
PAL,PROFICIENT AUTO LOGISTICS INC,IWM,0001998768
ONL,ORION PROPERTIES,IWM,0001873923
QTRX,QUANTERIX,IWM,0001503274
CARL,CARLSMED,IWM,0001794546
LAW,CS DISCO,IWM,0001625641
MDWD,MEDIWOUND LTD,IWM,0001593984
ABOS,ACUMEN PHARMACEUTICALS INC,IWM,0001576885
ESP,ESPEY MANUFACTURING AND ELECTRONIC,IWM,0000033533
WHG,WESTWOOD HOLDINGS GROUP INC,IWM,0001165002
ONEW,ONEWATER MARINE CLASS A INC,IWM,0001772921
LFCR,LIFECORE BIOMEDICAL,IWM,0001005286
MPLT,MAPLIGHT THERAPEUTICS,IWM,0001770069
MNTK,MONTAUK RENEWABLES INC,IWM,0001826600
EGAN,EGAIN CORP,IWM,0001066194
CXDO,CREXENDO INC,IWM,0001075736
RMBI,RICHMOND MUTUAL BANCORPORATION INC,IWM,0001767837
BHR,BRAEMAR HOTELS RESORTS INC,IWM,0001574085
LE,LAND END,IWM,0000799288
GLSI,GREENWICH LIFESCIENCES INC,IWM,0001799788
NERV,MINERVA NEUROSCIENCES INC,IWM,0001598646
FINW,FINWISE BANCORP,IWM,0001856365
FJET,STARFIGHTERS SPACE INC,IWM,0001947016
ORMP,ORAMED PHARMACEUTICALS INC,IWM,0001176309
SION,SIONNA THERAPEUTICS,IWM,0002036042
TTGT,TECHTARGET INC,IWM,0002018064
HNVR,HANOVER BANCORP INC,IWM,0001828588
MLP,MAUI LAND AND PINEAPPLE INC,IWM,0000063330
FOA,FINANCE OF AMERICA COMPANIES INC C,IWM,0001828937
NKTX,NKARTA,IWM,0001787400
ADCT,ADC THERAPEUTICS SA,IWM,0001771910
GYRE,GYRE THERAPEUTICS,IWM,0001124105
CVGI,COMMERCIAL VEHICLE GROUP INC,IWM,0001290900
BETR,BETTER HOME FINANCE HOLDING CLASS,IWM,0001835856
EAF,GRAFTECH INTERNATIONAL LTD,IWM,0000931148
NODK,NI HOLDINGS INC,IWM,0001681206
STRW,STRAWBERRY FIELDS REIT INC,IWM,0001782430
LDI,LOANDEPOT INC CLASS A,IWM,0001831631
DMRC,DIGIMARC,IWM,0002119322
GLIBA,LIBERTY CAPITAL SERIES A,IWM,0002057463
SAMG,SILVERCREST ASSET MANAGEMENT GROUP,IWM,0001549966
BDTX,BLACK DIAMOND THERAPEUTICS INC,IWM,0001701541
ELA,ENVELA CORP,IWM,0000701719
LENZ,LENZ THERAPEUTICS,IWM,0001815776
RAIL,FREIGHTCAR AMERICA INC,IWM,0001320854
AMTX,AEMETIS INC,IWM,0000738214
EPM,EVOLUTION PETROLEUM CORP,IWM,0001006655
SMTI,SANARA MEDTECH INC,IWM,0000714256
PROK,PROKIDNEY CORP CLASS A,IWM,0001850270
ACH,ACCENDRA HEALTH,IWM,0000075252
RFIL,RF INDUSTRIES LTD,IWM,0000740664
KVHI,KVH INDUSTRIES INC,IWM,0001007587
CBNA,CHAIN BRIDGE BANCORP INC CLASS A,IWM,0001392272
TRAK,REPOSITRAK INC,IWM,0000050471
KLC,KINDERCARE LEARNING COMPANIES INC,IWM,0001873529
LCUT,LIFETIME BRANDS INC,IWM,0000874396
DIBS,1STDIBS COM INC,IWM,0001600641
BH-A,BIGLARI HOLDINGS INC CLASS A,IWM,0001726173
BALY,BALLY S,IWM,0001747079
ECBK,ECB BANCORP INC,IWM,0001914605
OFLX,OMEGA FLEX INC,IWM,0001317945
CAMP,CAMP4 THERAPEUTICS CORP,IWM,0001736730
OKUR,ONKURE THERAPEUTICS INC CLASS A,IWM,0001637715
VERI,VERITONE INC,IWM,0001615165
CNTN,CANTON STRATEGIC HOLDINGS INC,IWM,0001861657
EVI,EVI INDUSTRIES INC,IWM,0000065312
INV,INNVENTURE INC,IWM,0002001557
STXS,STEREOTAXIS INC,IWM,0001289340
CPSS,CONSUMER PORTFOLIO SERVICES INC,IWM,0000889609
GWRS,GLOBAL WATER RESOURCES INC,IWM,0001434728
TKNO,ALPHA TEKNOVA,IWM,0001850902
SVCO,SILVACO GROUP INC,IWM,0001943289
BNAI,BRAND ENGAGEMENT NETWORK INC,IWM,0001838163
FLWS,1-800 FLOWERS.COM CLASS A,IWM,0001084869
TRON,TRON INC,IWM,0001956744
GPRO,GOPRO INC CLASS A,IWM,0001500435
ACR,ACRES COMMERCIAL REALTY,IWM,0001332551
ZENA,ZENATECH INC,IWM,0001997403
SMID,SMITH MIDLAND CORP,IWM,0000924719
RBKB,RHINEBECK BANCORP INC,IWM,0001751783
VENU,VENU HOLDING CORP,IWM,0001770501
EPSN,EPSILON ENERGY LTD,IWM,0001726126
CURV,TORRID HOLDINGS INC,IWM,0001792781
THRY,THRYV HOLDINGS INC,IWM,0001556739
BRCC,BRC INC CLASS A,IWM,0001891101
TCX,TUCOWS INC,IWM,0000909494
NPWR,NET POWER CLASS A,IWM,0001845437
RDNW,RIDENOW GROUP INC CLASS B,IWM,0001596961
WATT,ENERGOUS CORP,IWM,0001575793
PAMT,PAMT CORP,IWM,0000798287
HQI,HIREQUEST INC,IWM,0001140102
ARTV,ARTIVA BIOTHERAPEUTICS INC,IWM,0001817241
OPTX,SYNTEC OPTICS HOLDINGS INC CLASS A,IWM,0001866816
AIRS,AIRSCULPT TECHNOLOGIES INC,IWM,0001870940
INH,INHIBRX INC CVR,IWM,
HYPR,HYPERFINE CLASS A,IWM,0001833769
VHI,VALHI INC,IWM,0000059255
SBC,SBC MEDICAL GROUP HOLDINGS INC,IWM,0001930313
INSG,INSEEGO,IWM,0001022652
PLBY,PLAYBOY INC,IWM,0001803914
RDZN,ROADZEN INC,IWM,0001868640
MKTW,MARKETWISE INC CLASS A,IWM,0001805651
OPAL,OPAL FUELS CLASS A,IWM,0001842279
IDN,INTELLICHECK INC,IWM,0001040896
BZAI,BLAIZE HOLDINGS INC,IWM,0001871638
PPHC,PUBLIC POLICY HOLDING INC,IWM,0001903508
TCI,TRANSCONTINENTAL REALTY INVESTORS,IWM,0000733590
TENX,TENAX THERAPEUTICS INC,IWM,0000034956
CIX,COMPX INTERNATIONAL INC CLASS A,IWM,0001049606
NL,NLI HOLDINGS INC,IWM,0000072162
HRTX,HERON THERAPEUTICS INC,IWM,0000818033
AKE,AKERO THERAPEUTICS CVR,IWM,
CNTX,CONTEXT THERAPEUTICS INC,IWM,0001842952
TYGO,TIGO ENERGY,IWM,0001855447
VALU,VALUE LINE INC,IWM,0000717720
CHCI,COMSTOCK HOLDING COMPANIES INC CLA,IWM,0001299969
CVRX,CVRX,IWM,0001235912
SBMT,SILVER BOW MINING CORP,IWM,0002067674
ELTX,ELICIO THERAPEUTICS INC,IWM,0001601485
ARMP,ARMATA PHARMACEUTICALS,IWM,0000921114
KPTI,KARYOPHARM THERAPEUTICS,IWM,0001503802
NAUT,NAUTILUS BIOTECHNOLGY,IWM,0001808805
VATE,INNOVATE CORP,IWM,0001006837
RENT,RENT THE RUNWAY CLASS A,IWM,0001468327
LEE,LEE ENTERPRISES INC,IWM,0000058361
CNTB,CONNECT BIOPHARMA HOLDINGS LTD,IWM,0001835268
USGO,US GOLDMINING INC,IWM,0001947244
FGBI,FIRST GUARANTY BANCSHARES INC,IWM,0001408534
TOYO,TOYO LTD,IWM,0001985273
AFRI,FORAFRIC GLOBAL PLC,IWM,0001903870
UP,WHEELS UP EXPERIENCE CLASS A,IWM,0001819516
LVWR,LIVEWIRE GROUP,IWM,0001898795
METCB,RAMACO RESOURCES CLASS B,IWM,0001687187
FLYX,FLYEXCLUSIVE INC CLASS A,IWM,0001843973
ARL,AMERICAN REALTY INVESTORS INC,IWM,0001102238
ADRO,CHINOOK THERAPEUTICS INC,IWM,
PDLI,PDL BIOPHARMA INC,IWM,
GTXI,GTXI INC - CVR,IWM,
P5N994,Petrocorp Inc Escrow,IWM,
SBT,STERLING BANCORP INC,IWM,
THRD,THIRD HARMONIC BIO INC,IWM,
TSEOQ,TRINSEO PLC,IWM,0001519061
